plate_number,fir_case_number,crime_type,alert_active,alert_priority
KA-47-KB-2474,KAR/KAL/2024/0001,chain_snatching,False,high
KA-01-M-2608,KAR/HAS/2024/0004,robbery,True,high
KA-42-B-3044,KAR/BEN/2024/0007,vehicle_theft,True,high
KA-15-B-7578,KAR/DAV/2024/0009,robbery,False,high
KA-18-N-3425,KAR/CHI/2024/0010,chain_snatching,True,high
KA-10-M-9497,KAR/BEN/2024/0014,robbery,True,high
KA-06-KB-5242,KAR/BEN/2024/0015,robbery,True,high
KA-52-N-2635,KAR/DAV/2024/0016,chain_snatching,True,high
KA-16-P-6845,KAR/BEN/2024/0021,vehicle_theft,True,high
KA-52-P-3545,KAR/BEN/2024/0023,robbery,False,high
KA-14-A-5948,KAR/MAN/2024/0024,vehicle_theft,True,high
KA-50-N-2703,KAR/KOL/2024/0026,chain_snatching,True,high
KA-09-N-2924,KAR/HUB/2024/0027,chain_snatching,True,high
KA-26-KB-9057,KAR/MYS/2024/0028,vehicle_theft,True,high
KA-55-M-6835,KAR/BEN/2024/0036,vehicle_theft,True,high
KA-52-M-9150,KAR/MYS/2024/0040,vehicle_theft,True,high
KA-44-A-5707,KAR/BAL/2024/0041,vehicle_theft,True,high
KA-51-A-7868,KAR/BEN/2024/0045,robbery,True,high
KA-54-N-7612,KAR/MAN/2024/0046,vehicle_theft,True,high
KA-21-A-7309,KAR/KOL/2024/0048,chain_snatching,True,high
KA-49-M-4320,KAR/BEN/2024/0049,robbery,True,high
KA-28-B-2062,KAR/MAN/2024/0051,vehicle_theft,True,high
KA-11-A-5878,KAR/BEN/2024/0053,vehicle_theft,False,high
KA-39-A-9017,KAR/SHI/2024/0056,vehicle_theft,True,high
KA-14-M-1791,KAR/MYS/2024/0058,robbery,True,high
KA-46-N-8787,KAR/BEN/2024/0059,robbery,True,high
KA-23-KB-1223,KAR/BAL/2024/0061,chain_snatching,True,high
KA-30-N-7264,KAR/BEN/2024/0063,robbery,True,high
KA-34-P-1980,KAR/BEN/2024/0065,vehicle_theft,True,high
KA-44-P-7371,KAR/BEN/2024/0066,vehicle_theft,True,high
KA-02-KB-6128,KAR/MAN/2024/0067,chain_snatching,True,medium
KA-27-KA-8919,KAR/BEN/2024/0070,vehicle_theft,True,medium
KA-04-A-9017,KAR/BEN/2024/0071,vehicle_theft,True,medium
KA-37-KB-4202,KAR/BEN/2024/0073,chain_snatching,True,medium
KA-39-A-5196,KAR/HUB/2024/0075,vehicle_theft,False,medium
KA-31-KB-9725,KAR/HUB/2024/0077,vehicle_theft,True,medium
KA-23-A-5288,KAR/BID/2024/0079,vehicle_theft,True,medium
KA-46-B-6350,KAR/SHI/2024/0082,vehicle_theft,False,medium
KA-05-N-2264,KAR/BAL/2024/0083,chain_snatching,True,medium
KA-43-A-6232,KAR/KAL/2024/0084,robbery,False,medium
KA-24-M-4792,KAR/BEN/2024/0085,vehicle_theft,True,medium
KA-43-A-4209,KAR/BEN/2024/0087,vehicle_theft,True,medium
KA-07-A-7886,KAR/MAN/2024/0088,chain_snatching,True,medium
KA-50-KA-1373,KAR/BEN/2024/0089,vehicle_theft,True,medium
KA-22-A-6887,KAR/BEN/2024/0093,chain_snatching,True,medium
KA-52-A-8227,KAR/BAL/2024/0097,vehicle_theft,False,medium
KA-21-M-4419,KAR/BEN/2024/0102,chain_snatching,True,medium
KA-43-A-6586,KAR/BEN/2024/0104,chain_snatching,True,medium
KA-07-KA-2622,KAR/UDU/2024/0106,chain_snatching,True,medium
KA-54-KB-4801,KAR/BEN/2024/0107,robbery,True,medium
KA-14-N-3129,KAR/BEN/2024/0110,chain_snatching,True,medium
KA-52-B-8332,KAR/KAL/2024/0112,chain_snatching,False,medium
KA-26-M-8652,KAR/DAV/2024/0113,vehicle_theft,True,medium
KA-41-P-6596,KAR/HAS/2024/0114,chain_snatching,True,medium
KA-14-M-8066,KAR/HUB/2024/0116,chain_snatching,True,medium
KA-06-KB-7020,KAR/BEN/2024/0119,robbery,True,medium
KA-51-M-8698,KAR/BEN/2024/0120,vehicle_theft,True,medium
KA-16-KB-6584,KAR/KOP/2024/0121,chain_snatching,True,medium
KA-16-A-1868,KAR/VIJ/2024/0123,chain_snatching,True,medium
KA-29-A-5202,KAR/KOL/2024/0124,robbery,True,medium
KA-11-B-9262,KAR/BAL/2024/0125,chain_snatching,True,medium
KA-34-KB-9978,KAR/BEN/2024/0126,vehicle_theft,True,medium
KA-19-P-9948,KAR/BEN/2024/0131,chain_snatching,True,medium
KA-02-A-7805,KAR/BEN/2024/0132,chain_snatching,True,medium
KA-18-P-3983,KAR/MAN/2024/0133,chain_snatching,True,medium
KA-42-KA-2165,KAR/UDU/2024/0134,vehicle_theft,True,medium
KA-26-P-4937,KAR/DAV/2024/0137,chain_snatching,True,medium
KA-31-P-7985,KAR/BEN/2024/0144,robbery,False,medium
KA-17-A-9865,KAR/BAL/2024/0148,vehicle_theft,True,medium
KA-08-M-7433,KAR/DAV/2024/0154,chain_snatching,True,medium
KA-07-KB-3998,KAR/KOP/2024/0155,chain_snatching,True,medium
KA-50-B-6434,KAR/BEN/2024/0163,vehicle_theft,True,medium
KA-35-B-5899,KAR/HUB/2024/0166,robbery,True,medium
KA-39-M-2467,KAR/MAN/2024/0167,chain_snatching,True,medium
KA-49-P-2243,KAR/BEL/2024/0168,vehicle_theft,False,medium
KA-17-KA-1759,KAR/BEN/2024/0169,robbery,False,medium
KA-17-B-3212,KAR/BEN/2024/0174,vehicle_theft,True,medium
KA-51-N-8760,KAR/BEN/2024/0175,chain_snatching,True,medium
KA-40-M-1042,KAR/BID/2024/0176,vehicle_theft,False,medium
KA-54-A-8659,KAR/BEN/2024/0177,vehicle_theft,True,medium
KA-28-B-4493,KAR/BID/2024/0180,vehicle_theft,False,medium
KA-19-N-6711,KAR/TUM/2024/0183,chain_snatching,False,medium
KA-11-A-9323,KAR/VIJ/2024/0185,robbery,False,medium
KA-53-M-8021,KAR/UDU/2024/0186,vehicle_theft,True,medium
KA-26-B-5689,KAR/RAI/2024/0187,vehicle_theft,True,medium
KA-28-P-1681,KAR/HAS/2024/0188,chain_snatching,True,medium
KA-23-P-3090,KAR/BEN/2024/0200,chain_snatching,True,medium
KA-22-M-9892,KAR/BEL/2024/0203,chain_snatching,True,medium
KA-34-A-7922,KAR/BID/2024/0204,robbery,True,medium
KA-43-P-2136,KAR/BEN/2024/0206,chain_snatching,True,medium
KA-30-KA-8727,KAR/BEN/2024/0210,chain_snatching,True,medium
KA-44-N-5638,KAR/BEN/2024/0211,chain_snatching,True,medium
KA-30-P-6246,KAR/RAI/2024/0213,chain_snatching,False,medium
KA-17-N-6581,KAR/MYS/2024/0215,vehicle_theft,True,medium
KA-19-KB-1216,KAR/MYS/2024/0217,chain_snatching,True,medium
KA-20-KA-8876,KAR/HAS/2024/0218,vehicle_theft,True,medium
KA-20-KB-2088,KAR/KAL/2024/0219,vehicle_theft,True,medium
KA-35-M-6003,KAR/RAI/2024/0220,chain_snatching,True,medium
KA-38-KB-8031,KAR/MAN/2024/0223,chain_snatching,False,medium
KA-27-B-3216,KAR/KOP/2024/0226,vehicle_theft,False,medium
KA-52-A-3876,KAR/BEN/2024/0232,vehicle_theft,True,medium
KA-43-KB-2389,KAR/BAL/2024/0234,chain_snatching,True,medium
KA-14-B-9682,KAR/BEN/2024/0237,chain_snatching,True,medium
KA-54-A-9866,KAR/MYS/2024/0239,vehicle_theft,True,medium
KA-15-M-7396,KAR/BEN/2024/0241,chain_snatching,True,medium
KA-30-M-6071,KAR/BEN/2024/0244,robbery,False,medium
KA-24-KA-7176,KAR/BEN/2024/0247,robbery,True,medium
KA-40-KA-3208,KAR/MYS/2024/0248,robbery,True,medium
KA-11-P-7544,KAR/MAN/2024/0249,chain_snatching,True,medium
KA-04-A-5722,KAR/RAI/2024/0253,chain_snatching,True,medium
KA-20-KA-3847,KAR/UDU/2024/0254,robbery,True,medium
KA-18-KB-3107,KAR/HAS/2024/0256,vehicle_theft,True,medium
KA-51-N-4102,KAR/BEN/2024/0257,vehicle_theft,True,medium
KA-46-A-4434,KAR/HUB/2024/0261,robbery,True,medium
KA-32-M-1933,KAR/BEN/2024/0262,vehicle_theft,False,medium
KA-31-N-1057,KAR/BID/2024/0265,chain_snatching,True,medium
KA-43-KA-7636,KAR/TUM/2024/0277,robbery,True,medium
KA-48-KA-5246,KAR/BEN/2024/0283,vehicle_theft,True,medium
KA-03-B-3555,KAR/BAL/2024/0288,chain_snatching,True,medium
KA-39-M-2813,KAR/BEN/2024/0290,chain_snatching,True,medium
KA-07-A-8398,KAR/CHI/2024/0291,chain_snatching,True,medium
KA-06-A-7989,KAR/BEN/2024/0298,vehicle_theft,True,medium
KA-47-KA-9222,KAR/KAL/2024/0301,vehicle_theft,True,medium
KA-09-KA-9112,KAR/MAN/2024/0303,robbery,True,medium
KA-32-KA-3452,KAR/KAL/2024/0304,vehicle_theft,True,medium
KA-09-KA-5204,KAR/BEN/2024/0306,robbery,True,medium
KA-12-B-4944,KAR/BEN/2024/0309,vehicle_theft,True,medium
KA-35-M-6791,KAR/BAL/2024/0313,robbery,True,medium
KA-33-P-7821,KAR/BEN/2024/0315,robbery,True,medium
KA-01-KA-5255,KAR/KAL/2024/0316,vehicle_theft,True,medium
KA-10-P-3285,KAR/VIJ/2024/0318,vehicle_theft,False,medium
KA-51-M-8028,KAR/HUB/2024/0319,vehicle_theft,True,medium
KA-09-N-2532,KAR/SHI/2024/0321,vehicle_theft,True,medium
KA-31-A-1391,KAR/BEN/2024/0324,vehicle_theft,True,medium
KA-42-A-4214,KAR/KOL/2024/0326,chain_snatching,False,medium
KA-38-N-2796,KAR/HAS/2024/0327,vehicle_theft,True,medium
KA-41-A-8730,KAR/BAL/2024/0328,vehicle_theft,True,medium
KA-35-M-7020,KAR/MAN/2024/0334,chain_snatching,True,medium
KA-09-B-9686,KAR/BEN/2024/0335,chain_snatching,True,medium
KA-29-P-8795,KAR/MYS/2024/0342,robbery,True,medium
KA-46-KA-7536,KAR/BEN/2024/0344,chain_snatching,True,medium
KA-21-KA-5720,KAR/RAI/2024/0351,vehicle_theft,True,medium
KA-42-KB-6761,KAR/BEN/2024/0352,chain_snatching,True,medium
KA-10-N-8767,KAR/BEL/2024/0354,chain_snatching,False,medium
KA-08-A-3122,KAR/BEN/2024/0358,vehicle_theft,True,medium
KA-17-KA-9889,KAR/SHI/2024/0359,chain_snatching,True,medium
KA-55-N-9996,KAR/MYS/2024/0360,chain_snatching,True,medium
KA-51-P-3513,KAR/BEN/2024/0361,vehicle_theft,False,medium
KA-33-M-6217,KAR/UDU/2024/0362,vehicle_theft,True,medium
KA-25-B-3258,KAR/SHI/2024/0365,chain_snatching,True,medium
KA-23-KB-5899,KAR/DAV/2024/0369,vehicle_theft,True,medium
KA-04-A-2530,KAR/BEN/2024/0372,vehicle_theft,False,medium
KA-53-B-1071,KAR/MYS/2024/0373,chain_snatching,True,medium
KA-13-KB-4998,KAR/HAS/2024/0382,vehicle_theft,True,medium
KA-40-M-6548,KAR/BEN/2024/0384,robbery,True,medium
KA-27-P-3186,KAR/CHI/2024/0389,vehicle_theft,True,medium
KA-46-N-7252,KAR/BEN/2024/0390,vehicle_theft,False,medium
KA-54-KA-9916,KAR/BEN/2024/0394,vehicle_theft,False,medium
KA-13-KA-5597,KAR/UDU/2024/0397,robbery,True,medium
KA-06-N-5660,KAR/BEN/2024/0398,chain_snatching,False,medium
KA-05-M-4063,KAR/KOP/2024/0399,chain_snatching,True,medium
KA-25-KB-5179,KAR/UDU/2024/0404,robbery,True,medium
KA-27-B-6160,KAR/BAL/2024/0406,vehicle_theft,True,medium
KA-41-M-2222,KAR/BEN/2024/0409,robbery,True,medium
KA-34-KB-9948,KAR/TUM/2024/0410,chain_snatching,False,medium
KA-31-N-8503,KAR/BEN/2024/0411,vehicle_theft,True,medium
KA-03-N-5726,KAR/DAV/2024/0413,vehicle_theft,True,medium
KA-08-B-1322,KAR/HAS/2024/0415,vehicle_theft,False,medium
KA-12-A-8677,KAR/BAL/2024/0420,robbery,True,medium
KA-52-N-2357,KAR/CHI/2024/0422,robbery,False,medium
KA-15-KB-1587,KAR/CHI/2024/0423,chain_snatching,True,medium
KA-37-KA-5148,KAR/MAN/2024/0425,chain_snatching,True,medium
KA-32-M-5898,KAR/BEN/2024/0426,chain_snatching,True,medium
KA-45-M-1094,KAR/SHI/2024/0427,robbery,True,medium
KA-18-KA-5656,KAR/MYS/2024/0429,chain_snatching,True,medium
KA-17-M-8565,KAR/MYS/2024/0430,vehicle_theft,True,medium
KA-03-KB-3032,KAR/BID/2024/0432,vehicle_theft,True,medium
KA-48-P-2544,KAR/HAS/2024/0434,robbery,True,medium
KA-46-P-3891,KAR/BEN/2024/0435,chain_snatching,True,medium
KA-20-A-4324,KAR/BEN/2024/0439,chain_snatching,True,medium
KA-03-B-3192,KAR/MAN/2024/0440,vehicle_theft,True,medium
KA-30-KB-1184,KAR/BEN/2024/0446,robbery,True,medium
KA-38-N-6569,KAR/UDU/2024/0447,robbery,True,medium
KA-17-P-6552,KAR/UDU/2024/0448,vehicle_theft,True,medium
KA-36-KB-9300,KAR/KAL/2024/0451,chain_snatching,False,medium
KA-53-N-9665,KAR/RAI/2024/0452,vehicle_theft,True,medium
KA-53-KB-7224,KAR/BEN/2024/0455,vehicle_theft,True,medium
KA-08-M-1454,KAR/MAN/2024/0457,vehicle_theft,True,medium
KA-08-KA-1316,KAR/VIJ/2024/0458,vehicle_theft,True,medium
KA-51-M-7867,KAR/BEN/2024/0459,robbery,True,medium
KA-27-N-4203,KAR/BID/2024/0461,chain_snatching,True,medium
KA-46-B-4321,KAR/HUB/2024/0464,robbery,True,medium
KA-23-N-3867,KAR/KOP/2024/0465,vehicle_theft,False,medium
KA-46-A-6492,KAR/BEN/2024/0469,vehicle_theft,True,medium
KA-45-KB-4418,KAR/BEN/2024/0472,chain_snatching,False,medium
KA-55-N-8389,KAR/RAI/2024/0473,vehicle_theft,True,medium
KA-07-B-4048,KAR/HAS/2024/0474,vehicle_theft,True,medium
KA-08-KA-3012,KAR/MAN/2024/0476,chain_snatching,True,medium
KA-20-A-7955,KAR/BAL/2024/0477,vehicle_theft,True,medium
KA-05-B-5367,KAR/BEN/2024/0483,robbery,False,medium
KA-54-A-5554,KAR/BEN/2024/0487,chain_snatching,True,medium
KA-06-B-6928,KAR/BEN/2024/0493,robbery,True,medium
KA-05-B-5764,KAR/KAL/2024/0494,robbery,False,medium
KA-19-B-6875,KAR/CHI/2024/0495,vehicle_theft,True,medium
KA-52-A-1813,KAR/BEN/2024/0497,vehicle_theft,False,medium
KA-05-KB-5886,KAR/RAI/2024/0501,vehicle_theft,True,medium
KA-37-KB-2572,KAR/BEL/2024/0503,chain_snatching,True,medium
KA-44-N-3389,KAR/BEN/2024/0507,chain_snatching,False,medium
KA-18-B-7350,KAR/SHI/2024/0511,vehicle_theft,True,medium
KA-08-M-6557,KAR/CHI/2024/0512,vehicle_theft,True,medium
KA-50-A-4472,KAR/BEN/2024/0519,vehicle_theft,True,medium
KA-14-A-1932,KAR/BEN/2024/0520,vehicle_theft,True,medium
KA-29-KB-9403,KAR/CHI/2024/0521,chain_snatching,True,medium
KA-05-KA-1678,KAR/MAN/2024/0522,vehicle_theft,True,medium
KA-41-KA-5925,KAR/MAN/2024/0523,vehicle_theft,False,medium
KA-22-M-1452,KAR/CHI/2024/0528,vehicle_theft,True,medium
KA-45-KA-3220,KAR/BEN/2024/0529,chain_snatching,True,medium
KA-40-KA-1729,KAR/KOL/2024/0531,robbery,True,medium
KA-33-P-5598,KAR/MAN/2024/0534,robbery,False,medium
KA-27-N-6201,KAR/VIJ/2024/0535,vehicle_theft,False,medium
KA-14-P-3850,KAR/BEN/2024/0536,robbery,True,medium
KA-30-B-7221,KAR/SHI/2024/0538,vehicle_theft,True,medium
KA-45-B-2102,KAR/MAN/2024/0540,vehicle_theft,True,medium
KA-30-M-5997,KAR/KAL/2024/0541,chain_snatching,True,medium
KA-06-KB-2099,KAR/BAL/2024/0542,vehicle_theft,True,medium
KA-13-P-1254,KAR/MAN/2024/0543,vehicle_theft,True,medium
KA-19-M-1085,KAR/TUM/2024/0544,vehicle_theft,True,medium
KA-06-P-4521,KAR/BEN/2024/0549,robbery,True,medium
KA-14-N-6676,KAR/DAV/2024/0550,chain_snatching,True,medium
KA-23-KB-7942,KAR/BEN/2024/0552,vehicle_theft,True,medium
KA-33-KA-8557,KAR/CHI/2024/0553,robbery,True,medium
KA-37-M-5080,KAR/HUB/2024/0554,chain_snatching,True,medium
KA-53-P-7194,KAR/SHI/2024/0555,robbery,True,medium
KA-35-B-8253,KAR/CHI/2024/0556,chain_snatching,True,medium
KA-21-KB-3024,KAR/DAV/2024/0557,robbery,True,medium
KA-07-M-3900,KAR/HAS/2024/0558,chain_snatching,True,medium
KA-45-KB-5423,KAR/BEN/2024/0560,robbery,True,medium
KA-54-KB-1600,KAR/KAL/2024/0561,chain_snatching,False,medium
KA-48-B-9309,KAR/KAL/2024/0562,chain_snatching,True,medium
KA-06-A-1190,KAR/MAN/2024/0563,vehicle_theft,True,medium
KA-24-N-5888,KAR/BEN/2024/0565,vehicle_theft,True,medium
KA-46-B-3324,KAR/BEN/2024/0567,chain_snatching,True,medium
KA-23-B-6553,KAR/RAI/2024/0569,chain_snatching,False,medium
KA-06-N-6007,KAR/BEN/2024/0571,robbery,True,medium
KA-35-KB-8443,KAR/BEN/2024/0572,vehicle_theft,True,medium
KA-38-KB-3220,KAR/TUM/2024/0578,robbery,True,medium
KA-44-P-6717,KAR/BAL/2024/0580,vehicle_theft,True,medium
KA-24-P-4052,KAR/BEN/2024/0581,vehicle_theft,True,medium
KA-43-B-5356,KAR/BEN/2024/0585,chain_snatching,False,medium
KA-54-B-3996,KAR/MYS/2024/0588,chain_snatching,True,medium
KA-38-KA-2853,KAR/BEL/2024/0590,vehicle_theft,True,medium
KA-01-M-3316,KAR/BEN/2024/0591,vehicle_theft,True,medium
KA-22-P-1882,KAR/KOP/2024/0592,robbery,True,medium
KA-02-KA-4472,KAR/HUB/2024/0596,vehicle_theft,True,medium
KA-26-A-6338,KAR/MAN/2024/0598,chain_snatching,True,medium
KA-31-B-4973,KAR/KOP/2024/0611,chain_snatching,True,medium
KA-29-B-7314,KAR/BEN/2024/0613,vehicle_theft,False,medium
KA-01-KA-2166,KAR/VIJ/2024/0615,robbery,False,medium
KA-26-KA-7471,KAR/HUB/2024/0616,vehicle_theft,True,medium
KA-19-KB-4844,KAR/HUB/2024/0617,robbery,True,medium
KA-19-P-6470,KAR/BEN/2024/0618,vehicle_theft,False,medium
KA-32-M-3762,KAR/VIJ/2024/0621,vehicle_theft,True,medium
KA-39-P-6323,KAR/HUB/2024/0624,chain_snatching,True,medium
KA-48-KB-1748,KAR/BEN/2024/0625,chain_snatching,True,medium
KA-45-KB-9277,KAR/MAN/2024/0628,robbery,True,medium
KA-18-KA-3279,KAR/KAL/2024/0629,vehicle_theft,False,medium
KA-22-KA-9737,KAR/BEL/2024/0630,robbery,False,medium
KA-36-N-9913,KAR/SHI/2024/0631,chain_snatching,False,medium
KA-11-B-8428,KAR/BAL/2024/0632,vehicle_theft,True,medium
KA-10-N-8204,KAR/BEN/2024/0635,chain_snatching,True,medium
KA-18-KA-8582,KAR/BEN/2024/0637,chain_snatching,False,medium
KA-35-KA-7657,KAR/VIJ/2024/0640,robbery,True,medium
KA-03-KA-3918,KAR/DAV/2024/0644,vehicle_theft,False,medium
KA-27-N-5873,KAR/HUB/2024/0645,robbery,True,medium
KA-39-KB-4994,KAR/BID/2024/0646,robbery,True,medium
KA-50-M-3519,KAR/RAI/2024/0647,robbery,True,medium
KA-13-B-1841,KAR/BEN/2024/0648,vehicle_theft,True,medium
KA-35-KA-8955,KAR/KAL/2024/0650,vehicle_theft,True,medium
KA-38-B-8534,KAR/BEN/2024/0651,robbery,True,medium
KA-24-M-8726,KAR/RAI/2024/0653,robbery,True,medium
KA-11-N-3704,KAR/BEN/2024/0654,vehicle_theft,True,medium
KA-27-M-7212,KAR/BEN/2024/0655,vehicle_theft,True,medium
KA-30-KB-3098,KAR/TUM/2024/0656,chain_snatching,False,medium
KA-13-N-9241,KAR/VIJ/2024/0658,vehicle_theft,True,medium
KA-43-P-3945,KAR/KOL/2024/0659,chain_snatching,True,medium
KA-48-N-4904,KAR/KOL/2024/0662,vehicle_theft,True,medium
KA-44-KA-4547,KAR/BEN/2024/0663,chain_snatching,True,medium
KA-16-P-9552,KAR/BEN/2024/0668,vehicle_theft,True,medium
KA-44-M-6019,KAR/RAI/2024/0670,robbery,True,medium
KA-15-P-2325,KAR/MYS/2024/0672,chain_snatching,True,medium
KA-43-B-7923,KAR/HUB/2024/0673,vehicle_theft,False,medium
KA-53-P-5954,KAR/DAV/2024/0675,chain_snatching,True,medium
KA-15-P-5011,KAR/BEN/2024/0677,vehicle_theft,True,medium
KA-01-P-4622,KAR/BEN/2024/0681,vehicle_theft,False,medium
KA-15-KB-5301,KAR/HUB/2024/0682,chain_snatching,False,medium
KA-43-N-4358,KAR/RAI/2024/0683,chain_snatching,True,medium
KA-45-B-5103,KAR/BEL/2024/0684,vehicle_theft,True,medium
KA-12-KB-4995,KAR/BEN/2024/0685,vehicle_theft,True,medium
KA-52-P-5718,KAR/HAS/2024/0687,vehicle_theft,True,medium
KA-30-KA-3285,KAR/BEN/2024/0689,robbery,False,medium
KA-35-A-4113,KAR/BEN/2024/0690,vehicle_theft,False,medium
KA-23-M-3423,KAR/KAL/2024/0691,robbery,True,medium
KA-40-P-3154,KAR/BID/2024/0692,vehicle_theft,False,medium
KA-34-B-8979,KAR/RAI/2024/0697,vehicle_theft,True,medium
KA-25-KB-3659,KAR/TUM/2024/0702,vehicle_theft,False,medium
KA-39-KA-7153,KAR/BEN/2024/0706,vehicle_theft,True,medium
KA-33-KA-3345,KAR/BEN/2024/0713,chain_snatching,True,medium
KA-39-P-2912,KAR/BEN/2024/0715,vehicle_theft,False,medium
KA-04-N-5058,KAR/RAI/2024/0722,vehicle_theft,True,medium
KA-53-KA-3982,KAR/BEN/2024/0723,robbery,True,medium
KA-46-KB-9647,KAR/MYS/2024/0727,vehicle_theft,True,medium
KA-42-N-1474,KAR/BEN/2024/0731,robbery,True,medium
KA-43-P-7453,KAR/KOP/2024/0734,vehicle_theft,False,medium
KA-48-P-3093,KAR/HUB/2024/0737,chain_snatching,True,medium
KA-49-M-8657,KAR/SHI/2024/0740,chain_snatching,True,medium
KA-18-M-3750,KAR/BEN/2024/0741,vehicle_theft,True,medium
KA-18-KA-7773,KAR/VIJ/2024/0746,vehicle_theft,True,medium
KA-02-A-7927,KAR/BEN/2024/0749,vehicle_theft,True,medium
KA-29-KA-3013,KAR/SHI/2024/0751,chain_snatching,False,medium
KA-38-KA-5770,KAR/BEN/2024/0753,chain_snatching,False,medium
KA-22-KB-1194,KAR/MYS/2024/0756,vehicle_theft,False,medium
KA-32-A-9531,KAR/BAL/2024/0757,robbery,True,medium
KA-33-P-5727,KAR/BEN/2024/0759,vehicle_theft,False,medium
KA-55-KA-3754,KAR/SHI/2024/0760,robbery,True,medium
KA-01-M-7828,KAR/TUM/2024/0761,vehicle_theft,True,medium
KA-07-KA-1292,KAR/BEN/2024/0768,chain_snatching,True,medium
KA-10-A-9615,KAR/BEN/2024/0770,vehicle_theft,False,medium
KA-28-M-8162,KAR/SHI/2024/0772,chain_snatching,True,medium
KA-29-B-6570,KAR/BEN/2024/0773,vehicle_theft,False,medium
KA-38-KB-9071,KAR/BEN/2024/0774,robbery,True,medium
KA-44-KB-1825,KAR/KAL/2024/0776,chain_snatching,False,medium
KA-17-M-3638,KAR/BEN/2024/0777,vehicle_theft,True,medium
KA-02-P-3250,KAR/CHI/2024/0778,robbery,True,medium
KA-14-N-5623,KAR/BEN/2024/0779,chain_snatching,True,medium
KA-34-KB-4964,KAR/MAN/2024/0782,chain_snatching,True,medium
KA-09-KA-3277,KAR/HAS/2024/0783,chain_snatching,True,medium
KA-49-B-1947,KAR/MYS/2024/0785,vehicle_theft,False,medium
KA-25-A-8844,KAR/BEN/2024/0788,robbery,True,medium
KA-36-KB-4038,KAR/BID/2024/0789,vehicle_theft,True,medium
KA-01-KB-4641,KAR/MAN/2024/0797,vehicle_theft,True,medium
KA-25-P-3719,KAR/VIJ/2024/0800,vehicle_theft,True,medium
KA-43-B-2075,KAR/RAI/2024/0803,vehicle_theft,True,medium
KA-39-A-7329,KAR/BID/2024/0804,chain_snatching,True,medium
KA-40-N-4725,KAR/BEN/2024/0806,chain_snatching,True,medium
KA-24-B-5279,KAR/BEN/2024/0809,vehicle_theft,True,medium
KA-26-KA-5096,KAR/BEN/2024/0812,robbery,True,medium
KA-20-A-5305,KAR/RAI/2024/0814,robbery,True,medium
KA-40-M-5909,KAR/BEN/2024/0815,chain_snatching,False,medium
KA-12-N-9399,KAR/BEN/2024/0816,robbery,False,medium
KA-29-N-2033,KAR/BEN/2024/0820,chain_snatching,True,medium
KA-18-N-8874,KAR/BEN/2024/0822,vehicle_theft,True,medium
KA-49-KA-2786,KAR/HAS/2024/0825,chain_snatching,True,medium
KA-15-M-8294,KAR/SHI/2024/0826,robbery,True,medium
KA-24-M-9318,KAR/BEN/2024/0830,vehicle_theft,True,medium
KA-19-B-7035,KAR/BEN/2024/0831,vehicle_theft,True,medium
KA-55-KB-1952,KAR/BAL/2024/0835,chain_snatching,True,medium
KA-44-B-9872,KAR/UDU/2024/0839,chain_snatching,True,medium
KA-01-KA-2851,KAR/CHI/2024/0844,vehicle_theft,True,medium
KA-01-N-7987,KAR/DAV/2024/0846,robbery,True,medium
KA-34-A-6809,KAR/MAN/2024/0849,vehicle_theft,False,medium
KA-01-B-1536,KAR/BEN/2024/0851,chain_snatching,True,medium
KA-06-KA-2983,KAR/UDU/2024/0852,robbery,True,medium
KA-47-P-2750,KAR/DAV/2024/0857,robbery,True,medium
KA-43-B-4157,KAR/SHI/2024/0860,vehicle_theft,True,medium
KA-18-B-1713,KAR/BEN/2024/0866,chain_snatching,True,medium
KA-46-KB-8099,KAR/BEN/2024/0868,vehicle_theft,True,medium
KA-40-B-9434,KAR/TUM/2024/0869,robbery,False,medium
KA-03-N-5613,KAR/DAV/2024/0874,robbery,False,medium
KA-16-KA-8306,KAR/KOL/2024/0875,vehicle_theft,True,medium
KA-35-KB-9109,KAR/BAL/2024/0880,vehicle_theft,True,medium
KA-13-KA-1036,KAR/RAI/2024/0882,vehicle_theft,True,medium
KA-46-A-8721,KAR/KAL/2024/0884,chain_snatching,True,medium
KA-01-KB-9043,KAR/BEN/2024/0886,chain_snatching,True,medium
KA-15-B-3092,KAR/BID/2024/0887,vehicle_theft,False,medium
KA-44-M-6627,KAR/BEN/2024/0888,chain_snatching,True,medium
KA-34-KB-4857,KAR/UDU/2024/0890,robbery,True,medium
KA-16-A-7774,KAR/BEN/2024/0892,vehicle_theft,True,medium
KA-09-P-9340,KAR/BEN/2024/0893,chain_snatching,True,medium
KA-50-P-2884,KAR/KOP/2024/0899,vehicle_theft,False,medium
KA-49-B-2925,KAR/MAN/2024/0902,robbery,True,medium
KA-53-A-3991,KAR/BAL/2024/0909,robbery,False,medium
KA-26-B-4872,KAR/BEN/2024/0915,vehicle_theft,True,medium
KA-20-KA-3367,KAR/DAV/2024/0916,chain_snatching,True,medium
KA-44-N-3391,KAR/MAN/2024/0917,vehicle_theft,True,medium
KA-24-N-1791,KAR/MAN/2024/0919,chain_snatching,False,medium
KA-48-P-3113,KAR/SHI/2024/0921,robbery,True,medium
KA-18-KB-7905,KAR/KAL/2024/0925,robbery,True,medium
KA-47-KA-8435,KAR/CHI/2024/0927,vehicle_theft,True,medium
KA-09-B-7282,KAR/BEN/2024/0928,vehicle_theft,True,medium
KA-17-KB-7149,KAR/SHI/2024/0930,chain_snatching,True,medium
KA-29-B-8573,KAR/BID/2024/0931,vehicle_theft,True,medium
KA-51-KA-5378,KAR/UDU/2024/0935,chain_snatching,True,medium
KA-34-N-8442,KAR/BEL/2024/0937,chain_snatching,True,medium
KA-30-B-7766,KAR/RAI/2024/0940,vehicle_theft,True,medium
KA-10-KB-9256,KAR/BEN/2024/0941,chain_snatching,True,medium
KA-40-B-7566,KAR/BEN/2024/0944,robbery,True,medium
KA-15-N-6199,KAR/SHI/2024/0945,robbery,False,medium
KA-49-KA-4128,KAR/BID/2024/0947,vehicle_theft,True,medium
KA-16-N-8944,KAR/VIJ/2024/0949,vehicle_theft,True,medium
KA-49-A-3360,KAR/BEN/2024/0950,vehicle_theft,False,medium
KA-24-N-7296,KAR/BEL/2024/0951,vehicle_theft,True,medium
KA-35-B-8132,KAR/MAN/2024/0953,chain_snatching,False,medium
KA-44-N-1707,KAR/MAN/2024/0954,vehicle_theft,True,medium
KA-02-B-1567,KAR/BEN/2024/0957,robbery,True,medium
KA-36-P-4027,KAR/CHI/2024/0958,chain_snatching,True,medium
KA-32-N-3201,KAR/SHI/2024/0959,vehicle_theft,True,medium
KA-34-A-4266,KAR/CHI/2024/0963,vehicle_theft,False,medium
KA-19-A-6572,KAR/BEN/2024/0964,vehicle_theft,True,medium
KA-37-N-3046,KAR/UDU/2024/0966,vehicle_theft,True,medium
KA-42-KA-6310,KAR/MAN/2024/0967,vehicle_theft,True,medium
KA-50-A-7257,KAR/VIJ/2024/0973,robbery,True,medium
KA-39-A-9497,KAR/CHI/2024/0974,chain_snatching,True,medium
KA-10-P-4099,KAR/BEN/2024/0979,robbery,True,medium
KA-14-M-9399,KAR/BEN/2024/0980,vehicle_theft,True,medium
KA-11-P-1173,KAR/BEN/2024/0981,vehicle_theft,True,medium
KA-44-A-3068,KAR/BEN/2024/0986,vehicle_theft,True,medium
KA-17-KA-2106,KAR/MAN/2024/0989,vehicle_theft,True,medium
KA-17-M-1255,KAR/KAL/2024/0990,vehicle_theft,True,medium
KA-55-A-5831,KAR/TUM/2024/0992,vehicle_theft,False,medium
KA-16-P-4705,KAR/SHI/2024/0994,chain_snatching,True,medium
KA-22-N-6415,KAR/BEN/2024/0995,vehicle_theft,True,medium
KA-37-N-4041,KAR/KAL/2024/0996,robbery,True,medium
KA-43-B-6527,KAR/CHI/2024/1001,vehicle_theft,True,medium
KA-32-KB-8106,KAR/MAN/2024/1002,robbery,True,medium
KA-13-A-3885,KAR/BEN/2024/1006,chain_snatching,True,medium
KA-09-KB-4258,KAR/BEL/2024/1007,vehicle_theft,True,medium
KA-46-KA-7872,KAR/BID/2024/1010,vehicle_theft,True,medium
KA-48-KB-5119,KAR/MAN/2024/1013,vehicle_theft,True,medium
KA-21-KB-8416,KAR/BEN/2024/1014,chain_snatching,True,medium
KA-54-A-2685,KAR/TUM/2024/1015,robbery,True,medium
KA-49-N-3124,KAR/SHI/2024/1017,vehicle_theft,True,medium
KA-02-P-8320,KAR/RAI/2024/1018,chain_snatching,False,medium
KA-30-KB-7910,KAR/HUB/2024/1020,chain_snatching,True,medium
KA-55-M-8386,KAR/BEN/2024/1023,chain_snatching,True,medium
KA-07-P-1458,KAR/BEN/2024/1025,chain_snatching,True,medium
KA-38-N-5561,KAR/BEN/2024/1026,vehicle_theft,False,medium
KA-45-A-5679,KAR/KOL/2024/1028,vehicle_theft,True,medium
KA-13-KB-6327,KAR/BEN/2024/1030,chain_snatching,True,medium
KA-44-P-9255,KAR/BEN/2024/1031,chain_snatching,False,medium
KA-45-P-8119,KAR/MAN/2024/1032,chain_snatching,True,medium
KA-27-N-4814,KAR/TUM/2024/1034,robbery,True,medium
KA-28-KA-9294,KAR/UDU/2024/1036,chain_snatching,True,medium
KA-23-KA-1325,KAR/BEN/2024/1040,chain_snatching,True,medium
KA-33-KA-5263,KAR/BEN/2024/1043,robbery,False,medium
KA-09-KB-5066,KAR/SHI/2024/1047,robbery,True,medium
KA-05-B-8110,KAR/VIJ/2024/1048,chain_snatching,True,medium
KA-35-A-5333,KAR/UDU/2024/1050,vehicle_theft,True,medium
KA-24-P-6312,KAR/RAI/2024/1054,vehicle_theft,True,medium
KA-33-A-7316,KAR/RAI/2024/1056,vehicle_theft,True,medium
KA-12-KA-1436,KAR/UDU/2024/1059,chain_snatching,True,medium
KA-24-A-3991,KAR/DAV/2024/1061,chain_snatching,False,medium
KA-12-B-9469,KAR/BEN/2024/1069,vehicle_theft,True,medium
KA-42-KB-4753,KAR/DAV/2024/1070,robbery,True,medium
KA-32-M-5459,KAR/BEN/2024/1073,vehicle_theft,False,medium
KA-19-KA-8379,KAR/HUB/2024/1075,chain_snatching,True,medium
KA-19-N-3949,KAR/CHI/2024/1080,vehicle_theft,True,medium
KA-06-KB-7564,KAR/KOL/2024/1082,robbery,True,medium
KA-05-A-3747,KAR/TUM/2024/1084,robbery,True,medium
KA-50-M-6117,KAR/BEN/2024/1087,robbery,False,medium
KA-47-A-2052,KAR/HUB/2024/1094,robbery,True,medium
KA-03-N-1541,KAR/MAN/2024/1097,robbery,False,medium
KA-04-KA-2187,KAR/BEN/2024/1098,robbery,False,medium
KA-27-A-4645,KAR/BEN/2024/1100,vehicle_theft,False,medium
KA-17-A-2125,KAR/RAI/2024/1101,robbery,True,medium
KA-03-N-2708,KAR/BEN/2024/1102,vehicle_theft,True,medium
KA-49-KA-8892,KAR/HUB/2024/1103,chain_snatching,True,medium
KA-09-N-4557,KAR/BEN/2024/1105,chain_snatching,True,medium
KA-54-P-6284,KAR/HUB/2024/1107,chain_snatching,True,medium
KA-35-B-2142,KAR/DAV/2024/1108,vehicle_theft,True,medium
KA-44-B-1888,KAR/BEN/2024/1109,vehicle_theft,True,medium
KA-22-KB-3072,KAR/BEN/2024/1110,robbery,False,medium
KA-54-N-2896,KAR/BEN/2024/1118,chain_snatching,True,medium
KA-33-M-1296,KAR/DAV/2024/1119,robbery,True,medium
KA-06-B-4703,KAR/SHI/2024/1120,vehicle_theft,True,medium
KA-30-KB-7323,KAR/SHI/2024/1121,chain_snatching,True,medium
KA-13-M-3903,KAR/BEN/2024/1124,robbery,True,medium
KA-21-KA-2239,KAR/BEN/2024/1126,vehicle_theft,True,medium
KA-26-KA-1841,KAR/BEN/2024/1133,vehicle_theft,True,medium
KA-05-N-4357,KAR/BAL/2024/1134,vehicle_theft,True,medium
KA-46-N-7563,KAR/KAL/2024/1135,robbery,True,medium
KA-07-N-4815,KAR/BEN/2024/1138,chain_snatching,False,medium
KA-17-P-3755,KAR/VIJ/2024/1143,chain_snatching,True,medium
KA-21-M-1676,KAR/VIJ/2024/1147,robbery,True,medium
KA-55-B-6499,KAR/BEN/2024/1148,chain_snatching,True,medium
KA-10-M-2890,KAR/BEN/2024/1150,chain_snatching,True,medium
KA-39-P-3701,KAR/RAI/2024/1154,robbery,False,medium
KA-42-N-7355,KAR/HUB/2024/1155,vehicle_theft,True,medium
KA-49-M-8048,KAR/BEN/2024/1160,robbery,True,medium
KA-21-KA-1730,KAR/KOP/2024/1162,vehicle_theft,True,medium
KA-23-P-2443,KAR/BEN/2024/1164,vehicle_theft,True,medium
KA-27-KB-6773,KAR/RAI/2024/1171,chain_snatching,True,medium
KA-09-B-9950,KAR/UDU/2024/1172,vehicle_theft,False,medium
KA-35-A-6003,KAR/VIJ/2024/1173,chain_snatching,False,medium
KA-24-B-6442,KAR/BEN/2024/1174,chain_snatching,False,medium
KA-02-N-2750,KAR/TUM/2024/1176,vehicle_theft,True,medium
KA-17-B-3123,KAR/MYS/2024/1179,robbery,False,medium
KA-29-P-4970,KAR/HUB/2024/1180,vehicle_theft,True,medium
KA-44-KA-2051,KAR/MYS/2024/1184,vehicle_theft,False,medium
KA-29-P-3878,KAR/TUM/2024/1185,robbery,True,medium
KA-03-P-6977,KAR/BEN/2024/1189,vehicle_theft,True,medium
KA-43-M-1815,KAR/BEN/2024/1190,vehicle_theft,True,medium
KA-28-A-2960,KAR/BEN/2024/1197,vehicle_theft,True,medium
KA-54-B-6796,KAR/BID/2024/1198,chain_snatching,False,medium
KA-37-P-3552,KAR/VIJ/2024/1199,vehicle_theft,True,medium
KA-34-P-1736,KAR/BEN/2024/1200,chain_snatching,True,medium
KA-28-KB-1039,KAR/KOP/2024/1202,vehicle_theft,True,medium
KA-15-A-8479,KAR/BEN/2024/1207,vehicle_theft,True,medium
KA-18-A-2318,KAR/BEN/2024/1208,robbery,True,medium
KA-34-M-6512,KAR/BEN/2024/1210,robbery,True,medium
KA-28-B-4159,KAR/BEN/2024/1212,chain_snatching,True,medium
KA-54-N-3286,KAR/BEN/2024/1216,chain_snatching,True,medium
KA-43-KB-1777,KAR/KAL/2024/1217,robbery,False,medium
KA-46-KB-2925,KAR/HUB/2024/1220,vehicle_theft,True,medium
KA-06-KA-5940,KAR/MAN/2024/1222,robbery,True,medium
KA-50-KA-1926,KAR/BEN/2024/1225,chain_snatching,True,medium
KA-52-KA-5020,KAR/DAV/2024/1226,robbery,True,medium
KA-28-KA-6262,KAR/DAV/2024/1227,robbery,True,medium
KA-10-A-6630,KAR/BEN/2024/1229,vehicle_theft,True,medium
KA-27-KB-5040,KAR/BEN/2024/1230,robbery,True,medium
KA-50-M-1832,KAR/BID/2024/1233,vehicle_theft,False,medium
KA-13-KB-7740,KAR/MYS/2024/1234,vehicle_theft,True,medium
KA-18-A-9399,KAR/KOP/2024/1239,chain_snatching,True,medium
KA-07-KB-8395,KAR/MYS/2024/1240,chain_snatching,True,medium
KA-10-KB-2334,KAR/MAN/2024/1241,vehicle_theft,True,medium
KA-52-P-3548,KAR/SHI/2024/1243,robbery,True,medium
KA-31-KA-5304,KAR/BEN/2024/1244,robbery,False,medium
KA-49-N-5988,KAR/HAS/2024/1246,vehicle_theft,True,medium
KA-12-P-3925,KAR/KOL/2024/1247,robbery,True,medium
KA-08-A-3950,KAR/DAV/2024/1248,vehicle_theft,True,medium
KA-16-KA-4853,KAR/BEL/2024/1254,vehicle_theft,False,medium
KA-06-KB-7039,KAR/MAN/2024/1255,vehicle_theft,True,medium
KA-38-P-4833,KAR/HUB/2024/1256,vehicle_theft,True,medium
KA-42-P-5828,KAR/MYS/2024/1258,chain_snatching,True,medium
KA-12-M-1385,KAR/UDU/2024/1259,chain_snatching,True,medium
KA-37-M-5891,KAR/KOP/2024/1263,chain_snatching,True,medium
KA-09-A-7562,KAR/CHI/2024/1264,vehicle_theft,False,medium
KA-50-M-6472,KAR/BEL/2024/1266,vehicle_theft,True,medium
KA-12-P-8834,KAR/BEN/2024/1269,vehicle_theft,True,medium
KA-41-KA-9790,KAR/HAS/2024/1270,chain_snatching,True,medium
KA-38-N-4788,KAR/BEN/2024/1271,vehicle_theft,True,medium
KA-08-M-3061,KAR/UDU/2024/1273,vehicle_theft,True,medium
KA-33-N-5301,KAR/BEN/2024/1274,chain_snatching,True,medium
KA-19-A-9367,KAR/BEN/2024/1275,chain_snatching,True,medium
KA-47-P-8308,KAR/KAL/2024/1282,chain_snatching,True,medium
KA-53-M-1322,KAR/TUM/2024/1289,vehicle_theft,True,medium
KA-15-KB-7814,KAR/HUB/2024/1290,vehicle_theft,True,medium
KA-04-A-6914,KAR/BID/2024/1291,chain_snatching,True,medium
KA-05-KA-7140,KAR/BEN/2024/1294,chain_snatching,True,medium
KA-15-KB-3651,KAR/KOP/2024/1295,vehicle_theft,True,medium
KA-08-A-1929,KAR/BID/2024/1296,chain_snatching,True,medium
KA-23-A-6837,KAR/BEN/2024/1301,chain_snatching,True,medium
KA-23-B-1211,KAR/HAS/2024/1302,chain_snatching,True,medium
KA-14-M-1717,KAR/BEL/2024/1303,chain_snatching,False,medium
KA-05-B-9074,KAR/BEN/2024/1306,chain_snatching,False,medium
KA-47-A-2431,KAR/TUM/2024/1308,chain_snatching,True,medium
KA-33-P-7910,KAR/BEN/2024/1313,vehicle_theft,True,medium
KA-25-M-9349,KAR/BEN/2024/1314,vehicle_theft,False,medium
KA-50-P-7474,KAR/BEN/2024/1318,vehicle_theft,True,medium
KA-33-N-1322,KAR/BEN/2024/1320,vehicle_theft,True,medium
KA-31-A-4788,KAR/BEN/2024/1321,chain_snatching,True,medium
KA-23-B-2461,KAR/BEN/2024/1322,vehicle_theft,True,medium
KA-09-P-7998,KAR/BID/2024/1324,vehicle_theft,True,medium
KA-18-A-1277,KAR/BEN/2024/1327,vehicle_theft,True,medium
KA-26-M-7312,KAR/BEL/2024/1328,robbery,True,medium
KA-24-KA-1162,KAR/MAN/2024/1329,chain_snatching,True,medium
KA-04-B-6177,KAR/MAN/2024/1330,vehicle_theft,True,medium
KA-03-M-8932,KAR/BAL/2024/1333,vehicle_theft,True,medium
KA-27-KA-6360,KAR/KOL/2024/1337,vehicle_theft,False,medium
KA-19-N-6576,KAR/HAS/2024/1339,robbery,True,medium
KA-01-P-3922,KAR/MAN/2024/1342,vehicle_theft,True,medium
KA-11-KA-3019,KAR/HAS/2024/1343,robbery,True,medium
KA-20-M-5117,KAR/BEN/2024/1345,vehicle_theft,True,medium
KA-06-B-9485,KAR/CHI/2024/1349,vehicle_theft,True,medium
KA-38-N-5625,KAR/KOL/2024/1350,vehicle_theft,True,medium
KA-14-P-3167,KAR/HAS/2024/1351,chain_snatching,True,medium
KA-01-A-6727,KAR/BEL/2024/1353,robbery,True,medium
KA-40-B-8042,KAR/SHI/2024/1357,vehicle_theft,True,medium
KA-19-KA-5284,KAR/HAS/2024/1360,vehicle_theft,True,medium
KA-49-KB-1382,KAR/MAN/2024/1361,vehicle_theft,True,medium
KA-11-A-9906,KAR/BEN/2024/1363,chain_snatching,True,medium
KA-17-M-1720,KAR/BEN/2024/1371,vehicle_theft,True,medium
KA-14-B-4474,KAR/KAL/2024/1373,vehicle_theft,True,medium
KA-24-N-3751,KAR/BEL/2024/1374,chain_snatching,True,medium
KA-53-A-1765,KAR/CHI/2024/1375,vehicle_theft,False,medium
KA-37-A-5969,KAR/MAN/2024/1377,vehicle_theft,True,medium
KA-41-B-2436,KAR/HAS/2024/1379,robbery,True,medium
KA-20-B-4755,KAR/RAI/2024/1380,chain_snatching,False,medium
KA-24-KA-3411,KAR/MAN/2024/1381,chain_snatching,True,medium
KA-07-P-2740,KAR/VIJ/2024/1383,robbery,False,medium
KA-41-B-9140,KAR/BEN/2024/1385,chain_snatching,True,medium
KA-45-KA-4779,KAR/BID/2024/1386,vehicle_theft,True,medium
KA-02-M-3523,KAR/MAN/2024/1387,robbery,True,medium
KA-47-A-5913,KAR/KOL/2024/1392,chain_snatching,False,medium
KA-54-M-5525,KAR/BEN/2024/1393,robbery,True,medium
KA-52-N-8693,KAR/RAI/2024/1394,vehicle_theft,True,medium
KA-38-N-6336,KAR/MYS/2024/1395,vehicle_theft,True,medium
KA-45-N-1380,KAR/MYS/2024/1401,vehicle_theft,False,medium
KA-22-KA-2888,KAR/MAN/2024/1405,chain_snatching,True,medium
KA-09-B-2354,KAR/BEN/2024/1407,vehicle_theft,False,medium
KA-42-M-2283,KAR/CHI/2024/1413,vehicle_theft,True,medium
KA-48-B-7737,KAR/MYS/2024/1414,vehicle_theft,True,medium
KA-16-A-9110,KAR/HAS/2024/1417,chain_snatching,True,medium
KA-43-A-4983,KAR/BEN/2024/1424,chain_snatching,False,medium
KA-44-N-1579,KAR/HAS/2024/1428,chain_snatching,True,medium
KA-06-N-2850,KAR/RAI/2024/1433,chain_snatching,True,medium
KA-44-B-2901,KAR/BEN/2024/1435,vehicle_theft,True,medium
KA-49-P-8495,KAR/BEL/2024/1437,vehicle_theft,True,medium
KA-46-P-5335,KAR/BEN/2024/1438,vehicle_theft,True,medium
KA-54-B-8199,KAR/DAV/2024/1440,robbery,True,medium
KA-02-B-1587,KAR/MAN/2024/1442,vehicle_theft,True,medium
KA-04-M-3206,KAR/KOP/2024/1443,chain_snatching,True,medium
KA-38-B-9294,KAR/UDU/2024/1448,chain_snatching,True,medium
KA-24-A-3489,KAR/BEN/2024/1450,chain_snatching,True,medium
KA-22-B-6612,KAR/BEN/2024/1455,robbery,True,medium
KA-04-KA-1772,KAR/VIJ/2024/1457,chain_snatching,True,medium
KA-33-N-4572,KAR/BEN/2024/1459,robbery,False,medium
KA-18-KB-6476,KAR/BEN/2024/1460,chain_snatching,True,medium
KA-08-KB-2783,KAR/BEN/2024/1463,vehicle_theft,True,medium
KA-39-P-1442,KAR/SHI/2024/1464,chain_snatching,True,medium
KA-35-A-7167,KAR/BEN/2024/1465,chain_snatching,True,medium
KA-37-M-9975,KAR/MYS/2024/1467,vehicle_theft,True,medium
KA-51-M-2486,KAR/BEN/2024/1473,vehicle_theft,True,medium
KA-28-B-2374,KAR/HUB/2024/1474,vehicle_theft,True,medium
KA-32-KB-6397,KAR/BEN/2024/1477,vehicle_theft,False,medium
KA-32-KB-4737,KAR/TUM/2024/1480,vehicle_theft,True,medium
KA-54-A-9645,KAR/HAS/2024/1483,chain_snatching,True,medium
KA-48-A-7558,KAR/BEN/2024/1484,chain_snatching,True,medium
KA-26-A-3600,KAR/BAL/2024/1486,vehicle_theft,True,medium
KA-08-P-4113,KAR/BAL/2024/1487,robbery,True,medium
KA-19-M-5150,KAR/BEN/2024/1488,chain_snatching,True,medium
KA-09-P-9083,KAR/TUM/2024/1492,robbery,True,medium
KA-38-KA-9650,KAR/BEN/2024/1494,vehicle_theft,True,medium
KA-27-KB-9861,KAR/KAL/2024/1499,robbery,True,medium
KA-01-M-9872,KAR/BEN/2024/1500,robbery,True,medium
KA-16-P-4228,KAR/BAL/2024/1501,chain_snatching,False,medium
KA-39-KB-5673,KAR/BEN/2024/1504,vehicle_theft,True,medium
KA-21-P-6576,KAR/RAI/2024/1506,vehicle_theft,True,medium
KA-19-A-4258,KAR/HUB/2024/1507,chain_snatching,True,medium
KA-09-N-4681,KAR/BEN/2024/1508,vehicle_theft,True,medium
KA-15-P-7339,KAR/BEN/2024/1509,vehicle_theft,True,medium
KA-48-B-2969,KAR/DAV/2024/1510,chain_snatching,True,medium
KA-04-N-8499,KAR/BEN/2024/1511,vehicle_theft,False,medium
KA-08-KB-3060,KAR/UDU/2024/1512,vehicle_theft,True,medium
KA-34-M-4823,KAR/BEL/2024/1515,chain_snatching,True,medium
KA-01-N-4723,KAR/BEN/2024/1518,vehicle_theft,True,medium
KA-45-B-7907,KAR/BEN/2024/1520,chain_snatching,True,medium
KA-15-P-2551,KAR/CHI/2024/1533,robbery,True,medium
KA-31-P-9990,KAR/BEN/2024/1535,chain_snatching,True,medium
KA-04-A-5486,KAR/DAV/2024/1537,robbery,True,medium
KA-11-N-5176,KAR/BEN/2024/1538,robbery,True,medium
KA-55-KB-8824,KAR/BEN/2024/1539,chain_snatching,True,medium
KA-10-A-9427,KAR/BEN/2024/1542,chain_snatching,False,medium
KA-08-N-6337,KAR/MAN/2024/1544,vehicle_theft,False,medium
KA-27-M-6553,KAR/BEN/2024/1547,vehicle_theft,True,medium
KA-08-KA-6798,KAR/BEN/2024/1553,chain_snatching,True,medium
KA-51-P-6878,KAR/BAL/2024/1555,vehicle_theft,True,medium
KA-45-KA-8696,KAR/KOL/2024/1557,vehicle_theft,True,medium
KA-54-M-1631,KAR/KAL/2024/1559,chain_snatching,True,medium
KA-52-P-9337,KAR/RAI/2024/1560,vehicle_theft,False,medium
KA-06-M-6720,KAR/KOL/2024/1561,vehicle_theft,True,medium
KA-37-B-3737,KAR/MAN/2024/1562,vehicle_theft,False,medium
KA-20-A-6441,KAR/BEN/2024/1563,vehicle_theft,True,medium
KA-20-KB-8884,KAR/SHI/2024/1564,chain_snatching,True,medium
KA-41-M-4981,KAR/HUB/2024/1571,vehicle_theft,True,medium
KA-41-A-7179,KAR/BEN/2024/1572,vehicle_theft,True,medium
KA-46-P-9651,KAR/BEN/2024/1573,robbery,True,medium
KA-11-KA-1785,KAR/VIJ/2024/1578,chain_snatching,True,medium
KA-49-M-4997,KAR/BEN/2024/1581,vehicle_theft,True,medium
KA-17-N-3815,KAR/BEL/2024/1582,vehicle_theft,True,medium
KA-43-A-4001,KAR/KOP/2024/1584,chain_snatching,True,medium
KA-48-M-4854,KAR/BEN/2024/1586,chain_snatching,False,medium
KA-16-A-9287,KAR/SHI/2024/1587,vehicle_theft,False,medium
KA-07-B-4036,KAR/BEN/2024/1589,robbery,False,medium
KA-46-B-8423,KAR/BEN/2024/1591,vehicle_theft,False,medium
KA-17-KB-7272,KAR/KOL/2024/1592,robbery,True,medium
KA-20-B-1889,KAR/BEN/2024/1593,robbery,False,medium
KA-53-P-4834,KAR/BEN/2024/1596,vehicle_theft,True,medium
KA-42-A-5430,KAR/MAN/2024/1597,vehicle_theft,False,medium
KA-51-M-6436,KAR/SHI/2024/1599,vehicle_theft,False,medium
KA-12-KB-6697,KAR/BEN/2024/1600,vehicle_theft,True,medium
KA-19-M-4243,KAR/MAN/2024/1602,chain_snatching,True,medium
KA-15-M-2734,KAR/BEN/2024/1604,vehicle_theft,True,medium
KA-08-A-5475,KAR/BEN/2024/1605,chain_snatching,True,medium
KA-50-P-1420,KAR/BEN/2024/1608,vehicle_theft,True,medium
KA-50-P-5439,KAR/UDU/2024/1609,chain_snatching,True,medium
KA-32-M-9421,KAR/TUM/2024/1610,robbery,True,medium
KA-09-A-2630,KAR/BEN/2024/1612,vehicle_theft,True,medium
KA-11-A-8536,KAR/RAI/2024/1613,vehicle_theft,False,medium
KA-13-B-8679,KAR/BEN/2024/1614,chain_snatching,True,medium
KA-48-KA-6684,KAR/BAL/2024/1616,vehicle_theft,True,medium
KA-32-M-7708,KAR/CHI/2024/1617,chain_snatching,True,medium
KA-52-KB-3714,KAR/VIJ/2024/1621,vehicle_theft,True,medium
KA-04-M-9793,KAR/HUB/2024/1622,vehicle_theft,True,medium
KA-50-KA-5060,KAR/BEN/2024/1623,robbery,True,medium
KA-23-P-7459,KAR/BEN/2024/1625,chain_snatching,True,medium
KA-54-P-1220,KAR/BID/2024/1626,vehicle_theft,True,medium
KA-17-A-2861,KAR/MYS/2024/1627,vehicle_theft,True,medium
KA-44-A-5668,KAR/MYS/2024/1634,chain_snatching,True,medium
KA-40-KB-5038,KAR/KOP/2024/1637,chain_snatching,False,medium
KA-03-M-3414,KAR/DAV/2024/1639,vehicle_theft,True,medium
KA-01-M-1554,KAR/VIJ/2024/1644,vehicle_theft,True,medium
KA-20-P-8196,KAR/TUM/2024/1646,vehicle_theft,True,medium
KA-25-P-1130,KAR/HUB/2024/1648,chain_snatching,True,medium
KA-33-KA-2111,KAR/MYS/2024/1649,vehicle_theft,True,medium
KA-40-KA-7283,KAR/MYS/2024/1652,chain_snatching,True,medium
KA-32-KB-1475,KAR/BEN/2024/1654,robbery,True,medium
KA-01-N-3551,KAR/HUB/2024/1655,vehicle_theft,True,medium
KA-25-KB-8785,KAR/BEN/2024/1656,vehicle_theft,False,medium
KA-55-P-6481,KAR/KAL/2024/1657,vehicle_theft,True,medium
KA-31-M-9875,KAR/BEN/2024/1658,vehicle_theft,True,medium
KA-33-N-2788,KAR/BEN/2024/1659,chain_snatching,True,medium
KA-04-B-7101,KAR/SHI/2024/1664,vehicle_theft,True,medium
KA-18-KA-8895,KAR/BEN/2024/1668,robbery,False,medium
KA-21-M-4179,KAR/KOP/2024/1670,robbery,True,medium
KA-32-A-1436,KAR/UDU/2024/1672,vehicle_theft,True,medium
KA-36-M-6583,KAR/BAL/2024/1674,vehicle_theft,True,medium
KA-50-M-8417,KAR/MYS/2024/1677,vehicle_theft,True,medium
KA-09-P-3261,KAR/BEN/2024/1680,robbery,True,medium
KA-07-P-7577,KAR/BEN/2024/1681,chain_snatching,False,medium
KA-20-KA-5734,KAR/MAN/2024/1682,vehicle_theft,False,medium
KA-38-N-5716,KAR/SHI/2024/1684,vehicle_theft,True,medium
KA-03-N-5889,KAR/MAN/2024/1685,robbery,True,medium
KA-47-N-6161,KAR/DAV/2024/1686,robbery,True,medium
KA-28-KB-1480,KAR/BEN/2024/1689,robbery,True,medium
KA-24-B-3464,KAR/BEN/2024/1692,vehicle_theft,True,medium
KA-29-B-8824,KAR/BEN/2024/1694,vehicle_theft,False,medium
KA-17-KB-6009,KAR/MAN/2024/1696,chain_snatching,True,medium
KA-05-B-1847,KAR/KOL/2024/1699,vehicle_theft,True,medium
KA-15-A-6973,KAR/HAS/2024/1700,vehicle_theft,True,medium
KA-35-B-5993,KAR/MYS/2024/1702,vehicle_theft,True,medium
KA-30-KA-3491,KAR/MYS/2024/1708,vehicle_theft,True,medium
KA-20-KA-2373,KAR/DAV/2024/1710,vehicle_theft,True,medium
KA-14-A-4080,KAR/MYS/2024/1717,vehicle_theft,True,medium
KA-27-P-3218,KAR/SHI/2024/1719,robbery,True,medium
KA-17-KA-4757,KAR/BEN/2024/1720,robbery,True,medium
KA-08-KA-4286,KAR/BEN/2024/1723,vehicle_theft,True,medium
KA-34-N-7074,KAR/BEL/2024/1724,chain_snatching,True,medium
KA-49-P-9832,KAR/SHI/2024/1729,vehicle_theft,True,medium
KA-10-KA-8405,KAR/SHI/2024/1730,chain_snatching,True,medium
KA-16-N-9956,KAR/BEN/2024/1731,vehicle_theft,True,medium
KA-48-A-6131,KAR/BEL/2024/1733,vehicle_theft,True,medium
KA-44-N-4794,KAR/BEN/2024/1734,vehicle_theft,True,medium
KA-11-P-7201,KAR/KAL/2024/1735,vehicle_theft,True,medium
KA-47-P-9729,KAR/BEN/2024/1738,robbery,True,medium
KA-38-KB-3331,KAR/BAL/2024/1739,vehicle_theft,True,medium
KA-35-KA-7778,KAR/BEN/2024/1742,robbery,True,medium
KA-31-M-9342,KAR/BEN/2024/1744,chain_snatching,True,medium
KA-34-P-6410,KAR/MAN/2024/1746,vehicle_theft,True,medium
KA-41-KA-5086,KAR/BEN/2024/1747,chain_snatching,True,medium
KA-48-KB-9052,KAR/BEN/2024/1748,chain_snatching,False,medium
KA-31-M-1305,KAR/MAN/2024/1750,chain_snatching,False,medium
KA-24-B-4500,KAR/UDU/2024/1751,vehicle_theft,False,medium
KA-10-A-8396,KAR/BEN/2024/1753,vehicle_theft,True,medium
KA-42-KA-3275,KAR/BID/2024/1754,chain_snatching,False,medium
KA-01-B-2691,KAR/DAV/2024/1757,chain_snatching,True,medium
KA-28-N-4949,KAR/HAS/2024/1762,vehicle_theft,True,medium
KA-22-B-2290,KAR/BEN/2024/1768,chain_snatching,True,medium
KA-29-KB-2797,KAR/BEN/2024/1769,chain_snatching,True,medium
KA-03-KB-6782,KAR/BEN/2024/1776,vehicle_theft,True,medium
KA-48-B-6416,KAR/SHI/2024/1783,vehicle_theft,True,medium
KA-40-N-6372,KAR/MAN/2024/1785,vehicle_theft,True,medium
KA-13-N-5400,KAR/CHI/2024/1786,vehicle_theft,True,medium
KA-52-N-9960,KAR/BEN/2024/1787,vehicle_theft,True,medium
KA-22-N-8475,KAR/HAS/2024/1790,vehicle_theft,True,medium
KA-15-KB-9148,KAR/TUM/2024/1792,vehicle_theft,True,medium
KA-27-A-4536,KAR/BEN/2024/1794,chain_snatching,True,medium
KA-47-KA-6273,KAR/MYS/2024/1797,robbery,True,medium
KA-18-A-4582,KAR/KOL/2024/1798,robbery,False,medium
KA-35-P-8199,KAR/BID/2024/1801,vehicle_theft,True,medium
KA-01-B-7671,KAR/RAI/2024/1802,vehicle_theft,True,medium
KA-04-M-4282,KAR/TUM/2024/1804,vehicle_theft,True,medium
KA-02-M-3704,KAR/MAN/2024/1807,chain_snatching,False,medium
KA-06-A-9656,KAR/KOL/2024/1808,vehicle_theft,True,medium
KA-43-KB-9252,KAR/BEN/2024/1812,chain_snatching,True,medium
KA-44-KA-1035,KAR/BEN/2024/1813,vehicle_theft,True,medium
KA-02-P-8700,KAR/HAS/2024/1816,vehicle_theft,True,medium
KA-22-KA-4178,KAR/BEN/2024/1820,chain_snatching,True,medium
KA-21-M-3335,KAR/BEN/2024/1826,vehicle_theft,True,medium
KA-11-B-9383,KAR/MYS/2024/1829,vehicle_theft,False,medium
KA-28-B-2566,KAR/MAN/2024/1832,robbery,True,medium
KA-27-P-6739,KAR/BID/2024/1833,vehicle_theft,True,medium
KA-30-KA-8608,KAR/SHI/2024/1834,vehicle_theft,False,medium
KA-27-B-1207,KAR/DAV/2024/1837,vehicle_theft,True,medium
KA-08-B-7229,KAR/RAI/2024/1843,chain_snatching,True,medium
KA-09-B-3535,KAR/BEN/2024/1848,vehicle_theft,False,medium
KA-28-KB-2169,KAR/BEN/2024/1849,vehicle_theft,True,medium
KA-03-KA-7733,KAR/HUB/2024/1856,chain_snatching,False,medium
KA-25-KA-1560,KAR/BEN/2024/1858,robbery,True,medium
KA-22-KB-6221,KAR/BEN/2024/1859,vehicle_theft,True,medium
KA-06-M-6662,KAR/BEN/2024/1860,robbery,True,medium
KA-36-B-1672,KAR/BID/2024/1861,vehicle_theft,True,medium
KA-33-KA-3329,KAR/BEN/2024/1862,chain_snatching,False,medium
KA-34-P-8118,KAR/KOP/2024/1863,chain_snatching,True,medium
KA-46-P-1460,KAR/UDU/2024/1864,vehicle_theft,True,medium
KA-04-KA-4274,KAR/VIJ/2024/1865,vehicle_theft,True,medium
KA-32-A-9919,KAR/KAL/2024/1869,robbery,True,medium
KA-29-N-6246,KAR/DAV/2024/1872,chain_snatching,True,medium
KA-46-KB-6845,KAR/BEN/2024/1874,vehicle_theft,True,medium
KA-55-KA-4616,KAR/BEN/2024/1875,robbery,True,medium
KA-53-B-9695,KAR/KAL/2024/1876,vehicle_theft,True,medium
