fir_case_number,victim_full_name
KAR/UDU/2024/0001,Bhavika Bora
KAR/BEN/2024/0002,Eta Shroff
KAR/SHI/2024/0003,Guneet Bir
KAR/MAN/2024/0004,Eta Bhakta
KAR/BEN/2024/0005,Gauri Sarin
KAR/MAN/2024/0006,Wyatt Ganesan
KAR/SHI/2024/0007,Girish Mammen
KAR/BEN/2024/0008,Geetika Dugal
KAR/BEN/2024/0009,Qushi Devi
KAR/BEN/2024/0010,Champak More
KAR/TUM/2024/0011,Rayaan Sood
KAR/BEN/2024/0012,Wyatt Mukherjee
KAR/TUM/2024/0013,William Wable
KAR/BEN/2024/0014,Kai Verma
KAR/BEN/2024/0015,Aditya Chokshi
KAR/BEN/2024/0016,Jeremiah Bail
KAR/UDU/2024/0017,Arin Bandi
KAR/MAN/2024/0018,Dalbir Gill
KAR/BEL/2024/0019,Parth Patla
KAR/BEN/2024/0020,Madhav Garde
KAR/VIJ/2024/0021,Vidhi Chandran
KAR/BEN/2024/0022,Samar Barad
KAR/KOL/2024/0023,Sarthak Iyengar
KAR/MAN/2024/0024,Anvi Bobal
KAR/BEN/2024/0025,Vedant Saxena
KAR/BEN/2024/0026,Sara Mallick
KAR/TUM/2024/0027,Chaman Bumb
KAR/BEN/2024/0028,Quincy Dutta
KAR/BEN/2024/0029,Samuel Shan
KAR/BEN/2024/0030,Rishi Hayer
KAR/CHI/2024/0031,Falak Patla
KAR/RAI/2024/0032,Manya Bassi
KAR/KOL/2024/0033,Zaitra Bhatnagar
KAR/MAN/2024/0034,Balveer Vora
KAR/SHI/2024/0035,Kevin Hayer
KAR/MYS/2024/0036,Nidhi Iyer
KAR/BAL/2024/0037,Ranbir Badami
KAR/KOL/2024/0038,Abhiram Bains
KAR/BEN/2024/0039,Dipta Narain
KAR/HUB/2024/0040,Ikshita Gaba
KAR/BEN/2024/0041,Abdul Warrior
KAR/KOP/2024/0042,Pranit Basak
KAR/KOL/2024/0043,Baljiwan Chaudhry
KAR/SHI/2024/0044,Bachittar Nadkarni
KAR/BEN/2024/0045,Saksham Cherian
KAR/RAI/2024/0046,Garima Raja
KAR/BEN/2024/0047,Vihaan Garde
KAR/MAN/2024/0048,Jatin Garde
KAR/VIJ/2024/0049,Samesh Mahajan
KAR/BEN/2024/0050,Qadim Tella
KAR/KOP/2024/0051,Yatin Badal
KAR/SHI/2024/0052,Abhimanyu Sethi
KAR/HUB/2024/0053,Theodore Chhabra
KAR/BEN/2024/0054,Lekha Raj
KAR/CHI/2024/0055,Yutika Ramakrishnan
KAR/RAI/2024/0056,Baghyawati Narula
KAR/BEL/2024/0057,Yatin Varughese
KAR/DAV/2024/0058,Mohammed Mohan
KAR/BEN/2024/0059,Manthan Char
KAR/BEN/2024/0060,Lila Pandey
KAR/CHI/2024/0061,Qasim Muni
KAR/HUB/2024/0062,Ranbir Doshi
KAR/UDU/2024/0063,Dayamai Chadha
KAR/KAL/2024/0064,Chaaya Pai
KAR/HUB/2024/0065,Dhriti Amble
KAR/RAI/2024/0066,Bahadurjit Hayer
KAR/KOL/2024/0067,Manya Kara
KAR/BEN/2024/0068,Rudra Mahal
KAR/DAV/2024/0069,Kashish Balasubramanian
KAR/KOL/2024/0070,Jonathan Baral
KAR/BEL/2024/0071,Zashil Sachar
KAR/BEN/2024/0072,Krish Seth
KAR/BEN/2024/0073,Januja Lal
KAR/KOL/2024/0074,Sathvik Shenoy
KAR/TUM/2024/0075,Darsh Balan
KAR/BEN/2024/0076,Vaishnavi Nagi
KAR/CHI/2024/0077,Nidra Apte
KAR/DAV/2024/0078,Samuel Barad
KAR/KAL/2024/0079,Osha Menon
KAR/MYS/2024/0080,Tripti Palla
KAR/SHI/2024/0081,Andrew Sharma
KAR/HAS/2024/0082,Pooja Narasimhan
KAR/TUM/2024/0083,Bhavani Shanker
KAR/SHI/2024/0084,Bachittar Mall
KAR/BID/2024/0085,Abhimanyu Lad
KAR/SHI/2024/0086,Imaran Sangha
KAR/HUB/2024/0087,Balvan Buch
KAR/CHI/2024/0088,Banjeet Bhavsar
KAR/BEN/2024/0089,Gavin Venkataraman
KAR/RAI/2024/0090,Faraj Yadav
KAR/BEN/2024/0091,Mohammed Baral
KAR/MYS/2024/0092,Jason Tiwari
KAR/RAI/2024/0093,Ikbal Khurana
KAR/BEN/2024/0094,Arjun Walla
KAR/DAV/2024/0095,Chandran Devan
KAR/MAN/2024/0096,Yoshita Master
KAR/BEN/2024/0097,Yashasvi Wali
KAR/BEN/2024/0098,Jai Gupta
KAR/BEN/2024/0099,Anay Arya
KAR/BEL/2024/0100,Qadim Brar
KAR/BEN/2024/0101,Jairaj Grover
KAR/BEN/2024/0102,Azaan Kothari
KAR/KOP/2024/0103,Xalak Sha
KAR/BEN/2024/0104,Amol Bail
KAR/DAV/2024/0105,Owen Kadakia
KAR/SHI/2024/0106,Xiti Dhingra
KAR/BEN/2024/0107,Benjamin Kuruvilla
KAR/KAL/2024/0108,Patrick Karnik
KAR/DAV/2024/0109,Yashodhara Pingle
KAR/BID/2024/0110,Benjamin Chada
KAR/SHI/2024/0111,Jeet Samra
KAR/BEN/2024/0112,Nidhi Banerjee
KAR/BEN/2024/0113,Gunbir Arora
KAR/HAS/2024/0114,Tanvi Parmer
KAR/CHI/2024/0115,Indrajit Gandhi
KAR/BEN/2024/0116,Widisha Yadav
KAR/RAI/2024/0117,Yashodhara Sachdeva
KAR/BEL/2024/0118,Ansh Das
KAR/KAL/2024/0119,Agastya Tailor
KAR/HAS/2024/0120,Jagdish Mahajan
KAR/BEL/2024/0121,Zansi Bahl
KAR/BEN/2024/0122,Tanmayi Gandhi
KAR/RAI/2024/0123,Ekansh Loyal
KAR/UDU/2024/0124,Tristan Handa
KAR/RAI/2024/0125,Jai Kara
KAR/BID/2024/0126,Thomas Banerjee
KAR/BEN/2024/0127,Balhaar Randhawa
KAR/BEN/2024/0128,Ayaan Patel
KAR/MAN/2024/0129,Netra Soni
KAR/BEN/2024/0130,Imaran Hayre
KAR/KAL/2024/0131,Jackson Saxena
KAR/BEN/2024/0132,Oeshi Peri
KAR/BEN/2024/0133,Hemani Shah
KAR/UDU/2024/0134,Jai De
KAR/CHI/2024/0135,Nihal Halder
KAR/BEN/2024/0136,Udarsh Gour
KAR/RAI/2024/0137,Oscar Bali
KAR/UDU/2024/0138,Saanvi Gala
KAR/BAL/2024/0139,Upma Gera
KAR/BEN/2024/0140,Charita Chaudhari
KAR/BEL/2024/0141,Baghyawati Karpe
KAR/MYS/2024/0142,Hredhaan Sodhi
KAR/SHI/2024/0143,Sanaya Khalsa
KAR/BEN/2024/0144,Logan Magar
KAR/BEN/2024/0145,Dalbir Patel
KAR/KOL/2024/0146,Gaurika Mukherjee
KAR/MAN/2024/0147,Yashawini Batra
KAR/BEN/2024/0148,Harrison Oak
KAR/KOP/2024/0149,Mohammed Padmanabhan
KAR/DAV/2024/0150,Xavier Balasubramanian
KAR/BEN/2024/0151,Oscar Chaudhari
KAR/BAL/2024/0152,Jackson Chand
KAR/MAN/2024/0153,Lakshit Dhawan
KAR/KOP/2024/0154,Urishilla Badal
KAR/MAN/2024/0155,Falak Mittal
KAR/KAL/2024/0156,Dominic Rajan
KAR/MAN/2024/0157,Wridesh Nagar
KAR/BEN/2024/0158,Matthew Anne
KAR/BID/2024/0159,Gunbir Sibal
KAR/BEN/2024/0160,Vihaan Banik
KAR/TUM/2024/0161,Oni Morar
KAR/BEN/2024/0162,Mohammed Iyengar
KAR/TUM/2024/0163,Priya Ahluwalia
KAR/CHI/2024/0164,Rayaan Lanka
KAR/BEN/2024/0165,Bimala Sandhu
KAR/KOL/2024/0166,Mitesh Tandon
KAR/BEN/2024/0167,Vedant Yohannan
KAR/HUB/2024/0168,Chaitaly Dhingra
KAR/BEN/2024/0169,Manan Chada
KAR/BEL/2024/0170,Tanmayi Baral
KAR/BAL/2024/0171,Qasim Varty
KAR/MAN/2024/0172,Bimala Bhatnagar
KAR/SHI/2024/0173,Harshil Vohra
KAR/BEN/2024/0174,Amrita Khurana
KAR/BEN/2024/0175,Atharv Kari
KAR/HAS/2024/0176,Ganga Buch
KAR/BEN/2024/0177,Mitesh Dua
KAR/KOL/2024/0178,Maya Sule
KAR/BEN/2024/0179,Arunima Oza
KAR/KOL/2024/0180,Aryan Khurana
KAR/KAL/2024/0181,Veda Thaman
KAR/MAN/2024/0182,Lakshmi Bahri
KAR/BEL/2024/0183,Bhavika Menon
KAR/SHI/2024/0184,Kashvi Manne
KAR/BEN/2024/0185,Darpan Din
KAR/KOP/2024/0186,Aradhana Rao
KAR/BEN/2024/0187,Yug Dutt
KAR/HAS/2024/0188,Yashodhara Madan
KAR/BEN/2024/0189,Yadavi Bumb
KAR/MAN/2024/0190,Lucky Natarajan
KAR/BEN/2024/0191,Ishita Om
KAR/KAL/2024/0192,Dayita Issac
KAR/DAV/2024/0193,Hiral Mangat
KAR/UDU/2024/0194,Aashi Atwal
KAR/RAI/2024/0195,Xavier Gopal
KAR/BAL/2024/0196,Daksh Sachdeva
KAR/BEN/2024/0197,Michael Dhingra
KAR/KOL/2024/0198,Kai Bal
KAR/KOP/2024/0199,Abdul Dasgupta
KAR/KOL/2024/0200,Dayamai Toor
KAR/BEN/2024/0201,Reyansh Mandal
KAR/BEN/2024/0202,Keya Comar
KAR/BEN/2024/0203,Liam Ratta
KAR/BEN/2024/0204,Diya Dhar
KAR/MAN/2024/0205,Tristan Jha
KAR/BEN/2024/0206,Dhruv Dube
KAR/SHI/2024/0207,Ekiya Lalla
KAR/HAS/2024/0208,Unni Dora
KAR/TUM/2024/0209,Aayush Raja
KAR/BEL/2024/0210,Nitara Johal
KAR/SHI/2024/0211,Janaki Soni
KAR/HUB/2024/0212,Rajeshri Khalsa
KAR/BEN/2024/0213,Krish Thaker
KAR/BEN/2024/0214,Dipta Hayre
KAR/MYS/2024/0215,Avi Bedi
KAR/BEN/2024/0216,Fariq Prakash
KAR/HAS/2024/0217,Chaman Vaidya
KAR/TUM/2024/0218,Saksham Bali
KAR/BID/2024/0219,Mohammed Nadkarni
KAR/VIJ/2024/0220,Darika Reddy
KAR/BEN/2024/0221,Sai Barad
KAR/BEN/2024/0222,Ikshita Bail
KAR/BEL/2024/0223,Sudiksha Balasubramanian
KAR/BEN/2024/0224,Rachit Khosla
KAR/BEN/2024/0225,Christopher Prasad
KAR/BEN/2024/0226,Hredhaan Krishnan
KAR/MAN/2024/0227,Anita Dugar
KAR/BEN/2024/0228,Keya Subramanian
KAR/BEN/2024/0229,Tanmayi Singh
KAR/MYS/2024/0230,Dayita Brar
KAR/RAI/2024/0231,Arjun Rattan
KAR/HUB/2024/0232,Krisha Deep
KAR/RAI/2024/0233,Zehaan Prabhu
KAR/TUM/2024/0234,Teerth Khatri
KAR/DAV/2024/0235,Aadi Nagar
KAR/BEN/2024/0236,Jeet Dani
KAR/BAL/2024/0237,Sarthak Karnik
KAR/HAS/2024/0238,Jagdish Dani
KAR/SHI/2024/0239,Nilima Agrawal
KAR/BEN/2024/0240,Adya Hayer
KAR/HUB/2024/0241,Yoshita Mani
KAR/BAL/2024/0242,Om Mander
KAR/MAN/2024/0243,Chatresh Shenoy
KAR/UDU/2024/0244,Jyoti Madan
KAR/RAI/2024/0245,Meera Jani
KAR/MAN/2024/0246,Yatin Raja
KAR/DAV/2024/0247,Radhika Sheth
KAR/BEN/2024/0248,Nirja Upadhyay
KAR/RAI/2024/0249,Reyansh Gera
KAR/MAN/2024/0250,Naksh Bhakta
KAR/KOL/2024/0251,Amol Kumar
KAR/MYS/2024/0252,Indrajit Agate
KAR/BEN/2024/0253,Chakrika Khatri
KAR/BEN/2024/0254,Omkaar Agate
KAR/BEN/2024/0255,Azaan Arya
KAR/VIJ/2024/0256,Rachit Banerjee
KAR/CHI/2024/0257,Vasatika Srinivasan
KAR/MAN/2024/0258,Jagvi Atwal
KAR/BEN/2024/0259,Luke Bhardwaj
KAR/MYS/2024/0260,Jackson Madan
KAR/MAN/2024/0261,Jeremiah Patla
KAR/CHI/2024/0262,Rohan Khanna
KAR/BEN/2024/0263,Ayaan Khurana
KAR/RAI/2024/0264,Oeshi Biswas
KAR/BID/2024/0265,Anthony Bail
KAR/BEN/2024/0266,Anya Morar
KAR/VIJ/2024/0267,Ijaya Lall
KAR/DAV/2024/0268,Widisha Kapoor
KAR/VIJ/2024/0269,Ikshita Sha
KAR/BEN/2024/0270,Henry Rajagopal
KAR/BEN/2024/0271,Shaurya Sama
KAR/VIJ/2024/0272,Vedant Johal
KAR/BEN/2024/0273,Qarin Keer
KAR/VIJ/2024/0274,Gaurangi Oza
KAR/BEN/2024/0275,Omkaar Anne
KAR/BEN/2024/0276,Zilmil Sant
KAR/DAV/2024/0277,Chasmum Ramakrishnan
KAR/DAV/2024/0278,Anika Sandhu
KAR/UDU/2024/0279,Guneet Tella
KAR/SHI/2024/0280,Anjali Bhandari
KAR/KOL/2024/0281,Jackson Gera
KAR/BEN/2024/0282,Ayush Venkatesh
KAR/BEN/2024/0283,Sudiksha Bhakta
KAR/DAV/2024/0284,Hemal Bail
KAR/BEN/2024/0285,Odika Wadhwa
KAR/BAL/2024/0286,Zinal Pandey
KAR/BEN/2024/0287,Sathvik Hayer
KAR/BEN/2024/0288,Praneel Thakur
KAR/VIJ/2024/0289,Liam Dutt
KAR/RAI/2024/0290,Ronith Dada
KAR/KAL/2024/0291,Jason Nath
KAR/DAV/2024/0292,Jagrati Borra
KAR/TUM/2024/0293,Gaurang Bassi
KAR/HAS/2024/0294,Reyansh Kara
KAR/KAL/2024/0295,Yashodhara Borde
KAR/BEN/2024/0296,Anmol Bala
KAR/MAN/2024/0297,Aayush Karan
KAR/BEN/2024/0298,Balhaar Raval
KAR/BEN/2024/0299,Ria Sunder
KAR/BEN/2024/0300,Ekalinga Sodhi
KAR/BEL/2024/0301,Riya Kurian
KAR/DAV/2024/0302,Simon Dash
KAR/MYS/2024/0303,Warhi Bedi
KAR/BEN/2024/0304,Urmi Wadhwa
KAR/BAL/2024/0305,Gautami Hayer
KAR/BEN/2024/0306,Chakradev Chad
KAR/BEN/2024/0307,Harinakshi Nayak
KAR/MAN/2024/0308,Chakradev Singh
KAR/TUM/2024/0309,Chatresh Ram
KAR/BEN/2024/0310,Gaurav Parmer
KAR/MYS/2024/0311,Xalak Viswanathan
KAR/MYS/2024/0312,Mitesh Radhakrishnan
KAR/UDU/2024/0313,Ekalinga Das
KAR/VIJ/2024/0314,Qabil Mital
KAR/CHI/2024/0315,Yamini Jha
KAR/SHI/2024/0316,Banjeet Sidhu
KAR/SHI/2024/0317,Nitara Merchant
KAR/KOL/2024/0318,Siddharth Kalita
KAR/BEN/2024/0319,Zarna Dugar
KAR/BEN/2024/0320,Rohan Gill
KAR/UDU/2024/0321,Rushil Bedi
KAR/KOP/2024/0322,George Bhandari
KAR/BEN/2024/0323,Chatura Cheema
KAR/RAI/2024/0324,Inaya Manne
KAR/BEN/2024/0325,Omisha Deshmukh
KAR/BEN/2024/0326,Girish Kapadia
KAR/BEL/2024/0327,Chandresh Bhatt
KAR/MAN/2024/0328,Devansh Dass
KAR/BID/2024/0329,Ekaraj Kanda
KAR/KAL/2024/0330,Samesh Bir
KAR/BEN/2024/0331,Chanakya Dalal
KAR/RAI/2024/0332,Vinaya Solanki
KAR/BEN/2024/0333,Aayush Gopal
KAR/BAL/2024/0334,Mason Mittal
KAR/HAS/2024/0335,Hemang Pillai
KAR/BEN/2024/0336,Anusha Kakar
KAR/RAI/2024/0337,Pallavi Gokhale
KAR/BEN/2024/0338,Gavin Wali
KAR/MAN/2024/0339,Balhaar Misra
KAR/MYS/2024/0340,Henry Banerjee
KAR/BEN/2024/0341,Aditya Toor
KAR/BEN/2024/0342,Waida Dhaliwal
KAR/MAN/2024/0343,Lajita Kala
KAR/MAN/2024/0344,Saksham Kulkarni
KAR/KOP/2024/0345,Zilmil Deep
KAR/VIJ/2024/0346,Ekavir Choudhry
KAR/BEN/2024/0347,Raghav Mallick
KAR/SHI/2024/0348,Vamakshi Shukla
KAR/HAS/2024/0349,Ubika Bail
KAR/BEN/2024/0350,Wridesh Wable
KAR/MAN/2024/0351,Balveer Purohit
KAR/BEN/2024/0352,Turvi Kadakia
KAR/BEN/2024/0353,Gaurika Walia
KAR/BEN/2024/0354,Caleb Raja
KAR/HUB/2024/0355,Kashish Butala
KAR/BEN/2024/0356,Mason Patel
KAR/BEN/2024/0357,Bishakha Lad
KAR/MAN/2024/0358,Divya Vaidya
KAR/MAN/2024/0359,Kavya Chowdhury
KAR/SHI/2024/0360,Arya Kashyap
KAR/UDU/2024/0361,Ikshita Bath
KAR/BEN/2024/0362,Kavya Chopra
KAR/BEN/2024/0363,Theodore Ganesan
KAR/BEN/2024/0364,Jonathan Chander
KAR/BEN/2024/0365,Saanvi Sampath
KAR/BEN/2024/0366,Hemang Chadha
KAR/KOL/2024/0367,Abha Kulkarni
KAR/MAN/2024/0368,Harrison Borah
KAR/UDU/2024/0369,Alka Mohanty
KAR/BEN/2024/0370,Falak Sharaf
KAR/BEN/2024/0371,Chandani Brahmbhatt
KAR/RAI/2024/0372,Aryan Dalal
KAR/UDU/2024/0373,Guneet Kakar
KAR/RAI/2024/0374,Lila Mangal
KAR/DAV/2024/0375,Naveen Varghese
KAR/KOP/2024/0376,Ekiya Virk
KAR/SHI/2024/0377,Amaira Keer
KAR/TUM/2024/0378,Amrita Lal
KAR/BID/2024/0379,Devika Bhandari
KAR/BEN/2024/0380,Aarush Sridhar
KAR/MAN/2024/0381,Forum Ravel
KAR/KOL/2024/0382,Charles Shah
KAR/TUM/2024/0383,Dalbir Mahajan
KAR/BEN/2024/0384,Zarna Biswas
KAR/BAL/2024/0385,Yug Natarajan
KAR/KOL/2024/0386,Matthew Gole
KAR/SHI/2024/0387,Kala Chhabra
KAR/VIJ/2024/0388,Urishilla Mallick
KAR/BEN/2024/0389,Vasudha Nadig
KAR/BEN/2024/0390,Caleb Ram
KAR/BEN/2024/0391,Chavvi Kalla
KAR/VIJ/2024/0392,Wishi Walia
KAR/MAN/2024/0393,Yug Thaman
KAR/SHI/2024/0394,Warjas Das
KAR/MAN/2024/0395,Lucky Kumer
KAR/BEN/2024/0396,Gaurangi Bose
KAR/MAN/2024/0397,Ladli Bahri
KAR/BEN/2024/0398,Januja Gera
KAR/HUB/2024/0399,Qabil Bal
KAR/BEL/2024/0400,Azaan Grover
KAR/SHI/2024/0401,Chakradev Devi
KAR/HUB/2024/0402,Yashoda Pathak
KAR/BEN/2024/0403,Ojas Amble
KAR/HUB/2024/0404,Ojasvi Sinha
KAR/BEL/2024/0405,Tejas Bajaj
KAR/HUB/2024/0406,Yashvi Ben
KAR/KOP/2024/0407,Chandresh Merchant
KAR/BEN/2024/0408,Jeremiah Uppal
KAR/BEN/2024/0409,Arunima Narula
KAR/BEN/2024/0410,Bakhshi Hora
KAR/MAN/2024/0411,Vyanjana Varty
KAR/SHI/2024/0412,Urvi Hegde
KAR/KAL/2024/0413,Oscar Srinivasan
KAR/BID/2024/0414,Ikbal Nigam
KAR/BEN/2024/0415,Nimrat Bansal
KAR/UDU/2024/0416,Aadi Sane
KAR/MAN/2024/0417,Zansi Sachdeva
KAR/KAL/2024/0418,Ekbal Chokshi
KAR/TUM/2024/0419,Mohini Banik
KAR/BEN/2024/0420,Omya Sarraf
KAR/BID/2024/0421,Manbir Dhillon
KAR/BEN/2024/0422,Michael Lad
KAR/MYS/2024/0423,Omkaar Kashyap
KAR/HAS/2024/0424,Yauvani Mohanty
KAR/BEN/2024/0425,Bahadurjit Pradhan
KAR/BEN/2024/0426,Adweta Arora
KAR/KOL/2024/0427,Urmi Bobal
KAR/MAN/2024/0428,Ranbir Dasgupta
KAR/UDU/2024/0429,Umang Grewal
KAR/UDU/2024/0430,Aadi Bobal
KAR/DAV/2024/0431,Zaitra Rana
KAR/MAN/2024/0432,Upadhriti Sem
KAR/BAL/2024/0433,Manya Peri
KAR/RAI/2024/0434,Charles Korpal
KAR/UDU/2024/0435,Maanas Bains
KAR/BEN/2024/0436,Chatresh Munshi
KAR/UDU/2024/0437,Manya Shetty
KAR/BEN/2024/0438,Priya Ahuja
KAR/BEN/2024/0439,Kashvi Trivedi
KAR/BEL/2024/0440,Frederick Thaker
KAR/VIJ/2024/0441,Veer Dara
KAR/BAL/2024/0442,Maya Lal
KAR/BEN/2024/0443,Rajeshri Joshi
KAR/BEN/2024/0444,Aarna Naik
KAR/KAL/2024/0445,Tripti Mishra
KAR/BEN/2024/0446,Triveni Kalita
KAR/RAI/2024/0447,Viraj Kunda
KAR/BEN/2024/0448,Yashasvi Barman
KAR/HAS/2024/0449,Dayita Tank
KAR/MAN/2024/0450,Isha Misra
KAR/BEN/2024/0451,Ikshita Mallick
KAR/HUB/2024/0452,Maanas Subramanian
KAR/MYS/2024/0453,Charles Kala
KAR/BEN/2024/0454,Adweta Kunda
KAR/MAN/2024/0455,Wishi Narayanan
KAR/KOP/2024/0456,Chaitaly Pillai
KAR/BID/2024/0457,Kamya Butala
KAR/TUM/2024/0458,Darsh Agate
KAR/HAS/2024/0459,Nidra Dass
KAR/CHI/2024/0460,Urvi Joshi
KAR/KAL/2024/0461,Azad Shan
KAR/BEN/2024/0462,Yashoda Dua
KAR/KOP/2024/0463,Indira Chand
KAR/SHI/2024/0464,Oviya Jani
KAR/HAS/2024/0465,Daniel Rattan
KAR/HAS/2024/0466,Gabriel Soman
KAR/BEN/2024/0467,Tanay Muni
KAR/MAN/2024/0468,Jeet Sankaran
KAR/TUM/2024/0469,Shivani Sahota
KAR/RAI/2024/0470,Mugdha Chowdhury
KAR/BID/2024/0471,Ikbal Zacharia
KAR/UDU/2024/0472,Chakradhar Sundaram
KAR/KOL/2024/0473,Hredhaan Rau
KAR/BEN/2024/0474,Neel Gola
KAR/BEN/2024/0475,Jeet Gara
KAR/BID/2024/0476,Darika Cherian
KAR/BEN/2024/0477,Panini Andra
KAR/RAI/2024/0478,Unnati Wagle
KAR/MYS/2024/0479,Wridesh Bahl
KAR/BEL/2024/0480,Vasudha Gulati
KAR/DAV/2024/0481,Kamya Bava
KAR/MYS/2024/0482,Pranav Din
KAR/MYS/2024/0483,Balhaar Agarwal
KAR/MAN/2024/0484,Chandani Bhardwaj
KAR/MYS/2024/0485,Omya Lall
KAR/BEN/2024/0486,Amara Patla
KAR/BAL/2024/0487,Oviya Sarin
KAR/MAN/2024/0488,Unni Chana
KAR/MAN/2024/0489,Chavvi Kari
KAR/VIJ/2024/0490,Atharv Nadkarni
KAR/KOL/2024/0491,Jonathan Prabhu
KAR/BEN/2024/0492,Praneel Ramanathan
KAR/HAS/2024/0493,Darsh Parmar
KAR/BEN/2024/0494,Chatura Bhardwaj
KAR/BEN/2024/0495,Manan Mangat
KAR/MYS/2024/0496,Jairaj Joshi
KAR/CHI/2024/0497,Ubika Gaba
KAR/BEN/2024/0498,Sanaya Tank
KAR/SHI/2024/0499,Upma Mannan
KAR/KOP/2024/0500,Wriddhish Sanghvi
KAR/MAN/2024/0501,Bhavna Chana
KAR/BEN/2024/0502,Charles Dey
KAR/BEN/2024/0503,Arin Kaul
KAR/BEN/2024/0504,Hema Bhardwaj
KAR/BEN/2024/0505,Benjamin Nadkarni
KAR/BEN/2024/0506,Turvi Badal
KAR/BEN/2024/0507,Kashvi Bava
KAR/KAL/2024/0508,Abdul Mutti
KAR/MAN/2024/0509,Yash Sundaram
KAR/BEN/2024/0510,Xiti Buch
KAR/KAL/2024/0511,Lavanya Mall
KAR/VIJ/2024/0512,Ishanvi Sama
KAR/MYS/2024/0513,Veda Oommen
KAR/KAL/2024/0514,Aditya Sarin
KAR/RAI/2024/0515,Mohini Choudhury
KAR/KAL/2024/0516,Advik Luthra
KAR/KOP/2024/0517,Vinaya Shetty
KAR/HAS/2024/0518,Logan Nair
KAR/SHI/2024/0519,Lucky Sen
KAR/BEN/2024/0520,Mitesh Dugar
KAR/HUB/2024/0521,Kai Barman
KAR/BEN/2024/0522,Ekantika Edwin
KAR/BEN/2024/0523,Bhavani Dhingra
KAR/BEL/2024/0524,Yachana Pandya
KAR/BEN/2024/0525,Michael Peri
KAR/BEN/2024/0526,Mugdha Rastogi
KAR/BEN/2024/0527,Manbir Dixit
KAR/BEN/2024/0528,Umang Chauhan
KAR/BEN/2024/0529,Jagdish Bandi
KAR/BEL/2024/0530,Waida Gopal
KAR/BEN/2024/0531,Aahana Sundaram
KAR/TUM/2024/0532,Kamya Uppal
KAR/UDU/2024/0533,Aadhya Ray
KAR/BEN/2024/0534,Januja Varughese
KAR/BEN/2024/0535,Adweta Borah
KAR/UDU/2024/0536,Farhan Prabhakar
KAR/BEN/2024/0537,Yash Dutt
KAR/TUM/2024/0538,Logan Pingle
KAR/SHI/2024/0539,Wahab Tank
KAR/UDU/2024/0540,Saumya Kala
KAR/MAN/2024/0541,Gopal Munshi
KAR/CHI/2024/0542,Pavani Batra
KAR/BID/2024/0543,Adya Sharaf
KAR/BEN/2024/0544,Peter Kamdar
KAR/VIJ/2024/0545,Patrick Choudhury
KAR/BEN/2024/0546,Yashica Pal
KAR/DAV/2024/0547,Chaitaly Chaudhry
KAR/BEL/2024/0548,Daksh Kuruvilla
KAR/DAV/2024/0549,Widisha Dua
KAR/KOL/2024/0550,Fitan Ghose
KAR/BEN/2024/0551,Bahadurjit Chaudhari
KAR/UDU/2024/0552,Omkaar Karan
KAR/BEN/2024/0553,Zashil Sankaran
KAR/VIJ/2024/0554,Urishilla Roy
KAR/KOL/2024/0555,Siddharth Mangal
KAR/CHI/2024/0556,Abhimanyu Krish
KAR/BEN/2024/0557,Aahana Subramaniam
KAR/BEN/2024/0558,Radha Konda
KAR/BID/2024/0559,Aarnav Garg
KAR/SHI/2024/0560,Rohan Guha
KAR/BEN/2024/0561,Sai Tara
KAR/BEN/2024/0562,Chaaya Bora
KAR/HUB/2024/0563,Tanay Kalita
KAR/TUM/2024/0564,Warinder Sanghvi
KAR/BEN/2024/0565,Aarna Shenoy
KAR/BEN/2024/0566,Leela Seshadri
KAR/BEN/2024/0567,Nathan Bhakta
KAR/MAN/2024/0568,Rohan Deep
KAR/VIJ/2024/0569,Ekiya Bir
KAR/UDU/2024/0570,Yatan Som
KAR/RAI/2024/0571,Joshua Peri
KAR/BEN/2024/0572,Nisha Mital
KAR/KOL/2024/0573,Divya Dash
KAR/RAI/2024/0574,Yahvi Sandhu
KAR/BEN/2024/0575,Sanya Borde
KAR/BEN/2024/0576,Peter Ramachandran
KAR/BEN/2024/0577,Daksh Palla
KAR/BID/2024/0578,Tripti Char
KAR/BEN/2024/0579,Isaiah Comar
KAR/BEN/2024/0580,Kritika Dutta
KAR/MAN/2024/0581,Vivaan Goel
KAR/VIJ/2024/0582,Avi Raghavan
KAR/KAL/2024/0583,Xalak Seth
KAR/SHI/2024/0584,Triveni Rege
KAR/BEL/2024/0585,Vedika Dixit
KAR/RAI/2024/0586,Kavya Hora
KAR/BEL/2024/0587,Ethan Pillai
KAR/TUM/2024/0588,Avni Gour
KAR/BEN/2024/0589,Udarsh Sarin
KAR/BID/2024/0590,Teerth Hans
KAR/CHI/2024/0591,Chasmum Soman
KAR/BEN/2024/0592,Dayamai Zachariah
KAR/BEN/2024/0593,Harini Suresh
KAR/UDU/2024/0594,Yashasvi Handa
KAR/BEN/2024/0595,Finn Nath
KAR/KOL/2024/0596,Banjeet Guha
KAR/UDU/2024/0597,Yashica Nori
KAR/BEL/2024/0598,Yagnesh Ratti
KAR/BEN/2024/0599,Rachit Thakkar
KAR/MAN/2024/0600,Vanya Shukla
KAR/MAN/2024/0601,Amrita Varghese
KAR/VIJ/2024/0602,Naveen Hegde
KAR/KOL/2024/0603,Qushi Parikh
KAR/BEL/2024/0604,Utkarsh Rastogi
KAR/RAI/2024/0605,Banjeet Thaman
KAR/MYS/2024/0606,Sathvik Krishna
KAR/BEN/2024/0607,Peter Grewal
KAR/MYS/2024/0608,Falguni Dhar
KAR/MAN/2024/0609,Ekalinga Rattan
KAR/DAV/2024/0610,Hemal Baria
KAR/SHI/2024/0611,Damini Comar
KAR/SHI/2024/0612,Dev Jayaraman
KAR/BEN/2024/0613,Viraj Aurora
KAR/BEN/2024/0614,Ranveer Agate
KAR/VIJ/2024/0615,Anjali Wali
KAR/BEL/2024/0616,Gavin Sodhi
KAR/KOL/2024/0617,Sachi Ahluwalia
KAR/BEN/2024/0618,William Mand
KAR/BAL/2024/0619,Yug Buch
KAR/UDU/2024/0620,Ojasvi Bhagat
KAR/VIJ/2024/0621,Pratyush Mall
KAR/BEN/2024/0622,Vaishnavi Ratta
KAR/UDU/2024/0623,Rachana Viswanathan
KAR/BEN/2024/0624,Vedant Lal
KAR/RAI/2024/0625,Orinder Tripathi
KAR/TUM/2024/0626,Neelima Sundaram
KAR/BEN/2024/0627,Ishwar Bhakta
KAR/CHI/2024/0628,Charan Bose
KAR/BEN/2024/0629,Hemang Suri
KAR/MAN/2024/0630,Vinaya Singh
KAR/MYS/2024/0631,Madhavi Khanna
KAR/BAL/2024/0632,Kala Biswas
KAR/BEN/2024/0633,Vihaan Bala
KAR/BID/2024/0634,Matthew Mammen
KAR/MYS/2024/0635,Elijah Deo
KAR/KOP/2024/0636,Jagrati Nayak
KAR/BEN/2024/0637,Rajata Mohanty
KAR/DAV/2024/0638,Anirudh Kumer
KAR/TUM/2024/0639,Girik Ganesan
KAR/MYS/2024/0640,Balvan Divan
KAR/KOP/2024/0641,Maanav Tandon
KAR/BID/2024/0642,Vrishti Pillai
KAR/BEN/2024/0643,Aditya Kothari
KAR/KOP/2024/0644,Fitan Nagy
KAR/BAL/2024/0645,Yachana Thakur
KAR/BEN/2024/0646,Devansh Bains
KAR/SHI/2024/0647,Mahika Kakar
KAR/UDU/2024/0648,Krish Ranganathan
KAR/UDU/2024/0649,Jalsa Khanna
KAR/BEN/2024/0650,Priya Patla
KAR/BEN/2024/0651,Yoshita Sarma
KAR/KOL/2024/0652,Samarth Shah
KAR/BEN/2024/0653,Michael Gola
KAR/MYS/2024/0654,Abhimanyu Chaudhuri
KAR/BEN/2024/0655,Ira Chhabra
KAR/KOL/2024/0656,Kamala Mukhopadhyay
KAR/UDU/2024/0657,Aashi Bava
KAR/KOP/2024/0658,William Barad
KAR/HAS/2024/0659,Maya Kumar
KAR/BEN/2024/0660,Tarak Kanda
KAR/MAN/2024/0661,Hemang Sankar
KAR/MAN/2024/0662,Yash Dugar
KAR/BEN/2024/0663,Nidra Goel
KAR/BEN/2024/0664,Geetika Dhingra
KAR/MAN/2024/0665,Ikbal Swamy
KAR/TUM/2024/0666,Barkha Tara
KAR/VIJ/2024/0667,Lakshmi Agarwal
KAR/HAS/2024/0668,Oviya Kar
KAR/DAV/2024/0669,Om Krishnamurthy
KAR/HAS/2024/0670,Avi Gola
KAR/BEN/2024/0671,Onveer Sankar
KAR/BEN/2024/0672,Ladli Chandran
KAR/DAV/2024/0673,Watika Sur
KAR/RAI/2024/0674,Owen Walia
KAR/HUB/2024/0675,Zayan Vig
KAR/HAS/2024/0676,Tamanna Roy
KAR/BEN/2024/0677,Chavvi Bhandari
KAR/KOP/2024/0678,Bahadurjit Narain
KAR/BEN/2024/0679,Akshay Thaker
KAR/TUM/2024/0680,Vamakshi Rai
KAR/HUB/2024/0681,Upkaar Garg
KAR/CHI/2024/0682,Jeevika Brahmbhatt
KAR/BEN/2024/0683,Bahadurjit Sawhney
KAR/KOL/2024/0684,Utkarsh Ahuja
KAR/TUM/2024/0685,Bhavika Chahal
KAR/VIJ/2024/0686,Neel Pau
KAR/MAN/2024/0687,Darika Garde
KAR/BEN/2024/0688,Triya Doctor
KAR/KOP/2024/0689,Chasmum Saini
KAR/KOP/2024/0690,Christopher Mander
KAR/MYS/2024/0691,Widisha Narang
KAR/DAV/2024/0692,Nandini Brahmbhatt
KAR/SHI/2024/0693,Saanvi Bath
KAR/BEN/2024/0694,Balveer Raval
KAR/HAS/2024/0695,Bhavani Mittal
KAR/BEN/2024/0696,Qadim Bala
KAR/BEN/2024/0697,Triveni Sawhney
KAR/KOL/2024/0698,Faris Chaudhary
KAR/BEN/2024/0699,Dayita Natt
KAR/BEN/2024/0700,Libni Bhatti
KAR/MYS/2024/0701,Aryan Dua
KAR/RAI/2024/0702,Sathvik Saraf
KAR/MYS/2024/0703,Faris Tata
KAR/CHI/2024/0704,Gaurang Sanghvi
KAR/BAL/2024/0705,Ijaya Thakkar
KAR/MYS/2024/0706,Tanveer Gulati
KAR/UDU/2024/0707,Omkaar Borra
KAR/BEN/2024/0708,Yasti Kaur
KAR/BEN/2024/0709,Pranit Sule
KAR/KAL/2024/0710,Farhan Khatri
KAR/BEN/2024/0711,Diya Ray
KAR/KOP/2024/0712,Chandani Chaudhary
KAR/KOL/2024/0713,Nilima Datta
KAR/BEN/2024/0714,Girindra Dhar
KAR/MAN/2024/0715,Lakshit Chowdhury
KAR/BEN/2024/0716,Laksh Garg
KAR/BID/2024/0717,Yashasvi Nayak
KAR/KOP/2024/0718,Shivani Sarma
KAR/KOP/2024/0719,Timothy Handa
KAR/VIJ/2024/0720,Lucky Chawla
KAR/BEN/2024/0721,Andrew Shukla
KAR/BEN/2024/0722,Advay Taneja
KAR/BEN/2024/0723,Ria Pathak
KAR/DAV/2024/0724,Qushi Som
KAR/HUB/2024/0725,Hamsini Jha
KAR/BEN/2024/0726,Rohan Seshadri
KAR/KAL/2024/0727,Aarini Gour
KAR/MYS/2024/0728,Owen Vohra
KAR/RAI/2024/0729,Veda Golla
KAR/BEN/2024/0730,Vincent Oommen
KAR/KOL/2024/0731,Widisha Dhaliwal
KAR/BEN/2024/0732,Azaan Gulati
KAR/BEL/2024/0733,Tara Deshmukh
KAR/BEN/2024/0734,Anjali Mall
KAR/UDU/2024/0735,Vasatika Loke
KAR/BEN/2024/0736,Girindra Ramanathan
KAR/MYS/2024/0737,Wishi Naidu
KAR/BEN/2024/0738,Samesh Mital
KAR/KAL/2024/0739,Christopher Bajaj
KAR/KAL/2024/0740,Mahika Gara
KAR/BEN/2024/0741,Abhimanyu Ahluwalia
KAR/BEN/2024/0742,Kashish Mody
KAR/BEN/2024/0743,Omkaar Deo
KAR/KOL/2024/0744,Odika Upadhyay
KAR/BAL/2024/0745,Daksha Madan
KAR/KOL/2024/0746,Anusha Loke
KAR/HUB/2024/0747,Zayan Kothari
KAR/BEN/2024/0748,Wahab Kakar
KAR/MAN/2024/0749,Yashvi Kala
KAR/SHI/2024/0750,Patrick Oak
KAR/KAL/2024/0751,Turvi Kara
KAR/BID/2024/0752,Dakshesh Dhillon
KAR/MAN/2024/0753,Qadim Manne
KAR/MAN/2024/0754,Ayaan Tripathi
KAR/BEN/2024/0755,Ishani Shankar
KAR/BEN/2024/0756,Joshua Sandal
KAR/MAN/2024/0757,Yutika Choudhry
KAR/MYS/2024/0758,Libni Sura
KAR/BEN/2024/0759,Chameli Natt
KAR/BEN/2024/0760,Manan Tak
KAR/KOP/2024/0761,Hemangini Nayak
KAR/CHI/2024/0762,Omya Korpal
KAR/HAS/2024/0763,Udarsh Srinivas
KAR/KOP/2024/0764,Omkaar Varghese
KAR/MAN/2024/0765,Yasti Yohannan
KAR/BEN/2024/0766,Ayaan Khare
KAR/BAL/2024/0767,Vidhi Parekh
KAR/HUB/2024/0768,Farhan Ravel
KAR/BEN/2024/0769,Jatin Lanka
KAR/BEN/2024/0770,Vrishti Iyengar
KAR/VIJ/2024/0771,Praneel Kashyap
KAR/HUB/2024/0772,Vedhika Gour
KAR/SHI/2024/0773,George Rastogi
KAR/SHI/2024/0774,Janya Kurian
KAR/VIJ/2024/0775,Ladli D’Alia
KAR/BEN/2024/0776,Laban Patil
KAR/BEN/2024/0777,Pushti Shetty
KAR/BEL/2024/0778,Yagnesh Sabharwal
KAR/MAN/2024/0779,Zayyan Kurian
KAR/BID/2024/0780,Jackson Dube
KAR/BEN/2024/0781,Udyati Pandya
KAR/BID/2024/0782,Triya Tak
KAR/BEN/2024/0783,Noah Sethi
KAR/BEN/2024/0784,Jagdish Aurora
KAR/BEN/2024/0785,Hitesh Lad
KAR/BEN/2024/0786,Tristan Pai
KAR/MYS/2024/0787,Gaurika Kapoor
KAR/TUM/2024/0788,Agastya Chaudry
KAR/RAI/2024/0789,Chaaya Dalal
KAR/BEN/2024/0790,Lucky Mohanty
KAR/BEN/2024/0791,Hamsini Bhatnagar
KAR/MAN/2024/0792,Forum Gera
KAR/BEN/2024/0793,Warhi Jayaraman
KAR/HUB/2024/0794,Simon Singhal
KAR/BEN/2024/0795,Nidhi Anand
KAR/MAN/2024/0796,Hritik Prasad
KAR/HAS/2024/0797,Saanvi Behl
KAR/MAN/2024/0798,Brinda Sen
KAR/UDU/2024/0799,Guneet Purohit
KAR/BEN/2024/0800,Advay Sekhon
KAR/BEN/2024/0801,Girindra Sachdev
KAR/BEN/2024/0802,Widisha Murthy
KAR/SHI/2024/0803,Bimala Dugar
KAR/BEN/2024/0804,Hiral Kar
KAR/KOP/2024/0805,Logan Seth
KAR/KOL/2024/0806,Rohan Pandey
KAR/BEN/2024/0807,Vrishti Sura
KAR/UDU/2024/0808,William Nayak
KAR/HAS/2024/0809,Manthan Seshadri
KAR/VIJ/2024/0810,Matthew Srivastava
KAR/BEL/2024/0811,Arjun Majumdar
KAR/BID/2024/0812,Aarna Grover
KAR/BEN/2024/0813,Urmi Sheth
KAR/KOL/2024/0814,Charles Walla
KAR/SHI/2024/0815,Adya Bobal
KAR/MYS/2024/0816,Mohini Sani
KAR/KOL/2024/0817,Chatresh Kamdar
KAR/KAL/2024/0818,Eesha Rau
KAR/HAS/2024/0819,Girik Anand
KAR/BEN/2024/0820,Xavier Vohra
KAR/BEN/2024/0821,Kashvi Ramaswamy
KAR/BEN/2024/0822,Triveni Karnik
KAR/HUB/2024/0823,Faraj Sahota
KAR/VIJ/2024/0824,George Parmar
KAR/DAV/2024/0825,Abhimanyu Banik
KAR/MYS/2024/0826,Lucky Krishna
KAR/BEN/2024/0827,Shivansh Kala
KAR/BEN/2024/0828,Mohini Prashad
KAR/BEN/2024/0829,Radhika Cherian
KAR/CHI/2024/0830,Vasudha Bahl
KAR/UDU/2024/0831,Triveni Bhakta
KAR/BEN/2024/0832,Samaksh Cherian
KAR/BEN/2024/0833,Kabir Sarma
KAR/BEN/2024/0834,Baljiwan Sekhon
KAR/CHI/2024/0835,Leena Puri
KAR/UDU/2024/0836,Rajata Tata
KAR/BEN/2024/0837,Banjeet Muni
KAR/KOL/2024/0838,Mugdha Varghese
KAR/HUB/2024/0839,Advay Karan
KAR/CHI/2024/0840,Gopal Gandhi
KAR/UDU/2024/0841,Pranit Mukhopadhyay
KAR/HAS/2024/0842,Dakshesh Barad
KAR/MAN/2024/0843,Ekantika Rai
KAR/BEN/2024/0844,Banjeet Dash
KAR/TUM/2024/0845,Bahadurjit Suri
KAR/CHI/2024/0846,Omisha Patla
KAR/BEN/2024/0847,Garima Pandya
KAR/MYS/2024/0848,Pallavi Narain
KAR/BEN/2024/0849,Theodore Raghavan
KAR/KOP/2024/0850,Nachiket Sarraf
KAR/CHI/2024/0851,Finn Kanda
KAR/HUB/2024/0852,Arunima Sangha
KAR/HUB/2024/0853,Indali Khatri
KAR/BEN/2024/0854,Tanish Ray
KAR/BEN/2024/0855,Manbir Kade
KAR/BEL/2024/0856,Hemani Om
KAR/MYS/2024/0857,Jyoti Rajan
KAR/BEN/2024/0858,Raghav Boase
KAR/MYS/2024/0859,Ishaan Rout
KAR/MYS/2024/0860,Kritika Borah
KAR/KAL/2024/0861,Megha Singhal
KAR/BID/2024/0862,Anthony Sabharwal
KAR/CHI/2024/0863,Peter Magar
KAR/BEN/2024/0864,Jeevika Palan
KAR/SHI/2024/0865,Niharika Sabharwal
KAR/BAL/2024/0866,Sarthak Shenoy
KAR/RAI/2024/0867,Watika Kara
KAR/MAN/2024/0868,Arin Radhakrishnan
KAR/BEN/2024/0869,Dayamai Babu
KAR/SHI/2024/0870,Rachana Magar
KAR/BEN/2024/0871,Nihal Banerjee
KAR/MYS/2024/0872,Chavvi Pandit
KAR/CHI/2024/0873,Noah Mittal
KAR/SHI/2024/0874,Pranav Bhandari
KAR/MAN/2024/0875,Gaurangi Sridhar
KAR/KOP/2024/0876,Pavani Luthra
KAR/BEN/2024/0877,Kabir Magar
KAR/KOP/2024/0878,Quincy Kapadia
KAR/BEN/2024/0879,Nathaniel Comar
KAR/KOL/2024/0880,Kamala Mall
KAR/HAS/2024/0881,Ayush Johal
KAR/BID/2024/0882,Amrita Choudhary
KAR/BEN/2024/0883,Amol Shah
KAR/BEN/2024/0884,Raksha Gulati
KAR/MAN/2024/0885,Frederick Swamy
KAR/TUM/2024/0886,Arya Chandran
KAR/BEN/2024/0887,Yagnesh Ray
KAR/DAV/2024/0888,Amara Krishna
KAR/MAN/2024/0889,Indira Dara
KAR/BEN/2024/0890,Watika Bassi
KAR/BEN/2024/0891,Tanay Ganguly
KAR/KOL/2024/0892,Harinakshi Chaudhari
KAR/UDU/2024/0893,Advaith Rajan
KAR/VIJ/2024/0894,Samuel Lal
KAR/HAS/2024/0895,Daniel Chopra
KAR/HAS/2024/0896,Bhavini Konda
KAR/BEN/2024/0897,Onveer Ranganathan
KAR/KOP/2024/0898,Maya Manda
KAR/SHI/2024/0899,Ekaraj Deol
KAR/DAV/2024/0900,Girindra Sur
KAR/CHI/2024/0901,Vansha Krish
KAR/RAI/2024/0902,Ubika Gala
KAR/SHI/2024/0903,Pranit Deep
KAR/DAV/2024/0904,Harsh Memon
KAR/BAL/2024/0905,Ucchal Kota
KAR/BEN/2024/0906,Zaid Oommen
KAR/UDU/2024/0907,Ansh Barman
KAR/BAL/2024/0908,Leena Oza
KAR/BEN/2024/0909,Libni Datta
KAR/BEN/2024/0910,Neha Agarwal
KAR/BEN/2024/0911,Advik Bhagat
KAR/MYS/2024/0912,Abhiram Munshi
KAR/BEN/2024/0913,Mason Bahri
KAR/HAS/2024/0914,Hamsini Trivedi
KAR/RAI/2024/0915,Charita Bhattacharyya
KAR/BEN/2024/0916,Gaurang Gara
KAR/BEN/2024/0917,Chandresh Parmer
KAR/HUB/2024/0918,Ekalinga Dhar
KAR/HUB/2024/0919,Yashasvi Kannan
KAR/BEL/2024/0920,Amrita Kakar
KAR/HUB/2024/0921,Manan Sama
KAR/MYS/2024/0922,Tara Sridhar
KAR/KOP/2024/0923,Qarin Dash
KAR/VIJ/2024/0924,Ishwar Kara
KAR/KOP/2024/0925,Brijesh Banik
KAR/BEN/2024/0926,Aradhana Varma
KAR/CHI/2024/0927,Reyansh Oommen
KAR/BEN/2024/0928,Ganga Yadav
KAR/BEN/2024/0929,Ria Mohanty
KAR/BEN/2024/0930,Onveer Korpal
KAR/BID/2024/0931,Nihal Lall
KAR/BEN/2024/0932,Niharika Chakraborty
KAR/BAL/2024/0933,Owen Kumer
KAR/BEL/2024/0934,Liam Jaggi
KAR/BEN/2024/0935,Vivaan Dyal
KAR/UDU/2024/0936,Raagini Bobal
KAR/BEL/2024/0937,Vedant Mitter
KAR/BEN/2024/0938,Geetika Chopra
KAR/MYS/2024/0939,Harrison Chowdhury
KAR/HUB/2024/0940,Vinaya Ahluwalia
KAR/BID/2024/0941,Reva Narain
KAR/BEN/2024/0942,Kamala Nair
KAR/BEN/2024/0943,Ekalinga Shukla
KAR/BEN/2024/0944,Harsh Tailor
KAR/BEN/2024/0945,Eiravati Banerjee
KAR/MYS/2024/0946,Ekavir Kumer
KAR/BEN/2024/0947,Sachi Biswas
KAR/BEN/2024/0948,Harsh Krishnan
KAR/BEN/2024/0949,Megha Nagarajan
KAR/BEN/2024/0950,Vedhika Raju
KAR/RAI/2024/0951,Gagan Sengupta
KAR/BEN/2024/0952,Watika Chad
KAR/BEL/2024/0953,Nathan Gala
KAR/DAV/2024/0954,Fiyaz Bajaj
KAR/KOL/2024/0955,Jatin Manne
KAR/DAV/2024/0956,Tanmayi Gokhale
KAR/BEN/2024/0957,Balveer Vyas
KAR/BEN/2024/0958,Benjamin Bahl
KAR/BAL/2024/0959,Ucchal Kunda
KAR/TUM/2024/0960,Guneet Om
KAR/BEN/2024/0961,Bhanumati Bhatia
KAR/SHI/2024/0962,Rajeshri Mistry
KAR/BID/2024/0963,Jonathan Kalita
KAR/BID/2024/0964,Anita Raju
KAR/BEN/2024/0965,Aadi Kapur
KAR/RAI/2024/0966,Eiravati Vohra
KAR/VIJ/2024/0967,Anay Kulkarni
KAR/KOL/2024/0968,Henry Gour
KAR/BEN/2024/0969,Eesha Kakar
KAR/VIJ/2024/0970,Gayathri Sinha
KAR/TUM/2024/0971,Farhan Rege
KAR/BEN/2024/0972,Rajeshri Samra
KAR/BEN/2024/0973,Meghana Dada
KAR/BEN/2024/0974,Matthew Walia
KAR/BEN/2024/0975,Nandini Khurana
KAR/SHI/2024/0976,Aarini Seth
KAR/BEL/2024/0977,Jyoti Karnik
KAR/HAS/2024/0978,Ishani Pau
KAR/BEL/2024/0979,Lohit Grover
KAR/BEN/2024/0980,Vaishnavi Sabharwal
KAR/BEN/2024/0981,Janya Bala
KAR/BEN/2024/0982,Dalbir Modi
KAR/MAN/2024/0983,Hardik Kulkarni
KAR/KOP/2024/0984,Daksh Agrawal
KAR/BEN/2024/0985,Yatin Setty
KAR/BEN/2024/0986,Arjun Warrior
KAR/BEN/2024/0987,Indrajit Hayer
KAR/BEN/2024/0988,Udant Keer
KAR/BEN/2024/0989,Tanay Mohan
KAR/BAL/2024/0990,Omisha Mandal
KAR/BEN/2024/0991,Udant Pathak
KAR/BEN/2024/0992,Arya Chhabra
KAR/DAV/2024/0993,Avi Rao
KAR/BEN/2024/0994,Urvi Rege
KAR/BEN/2024/0995,Girik Bath
KAR/BEN/2024/0996,Harini Pal
KAR/BEN/2024/0997,Nicholas Lad
KAR/BAL/2024/0998,Inaya Khosla
KAR/TUM/2024/0999,Jatin Raju
KAR/KAL/2024/1000,Siddharth Raman
KAR/BEN/2024/1001,Sneha Pingle
KAR/DAV/2024/1002,Jagdish Dar
KAR/UDU/2024/1003,Ekansh Singhal
KAR/DAV/2024/1004,Chaitanya Mander
KAR/SHI/2024/1005,Ijaya Gour
KAR/HAS/2024/1006,Yatan Patla
KAR/KAL/2024/1007,Lakshit Gaba
KAR/BEN/2024/1008,Mohammed Arora
KAR/MAN/2024/1009,Gaurang Dass
KAR/VIJ/2024/1010,Nisha Prashad
KAR/BEN/2024/1011,Devansh Pandey
KAR/KAL/2024/1012,Ira Bhatti
KAR/DAV/2024/1013,Lohit Gara
KAR/BEN/2024/1014,Darsh Narang
KAR/KOP/2024/1015,Pranav Vala
KAR/BEN/2024/1016,Logan Dani
KAR/MYS/2024/1017,Yatin Savant
KAR/BEL/2024/1018,Aarav Talwar
KAR/BEN/2024/1019,Udant Garde
KAR/BEN/2024/1020,Devika Trivedi
KAR/BEN/2024/1021,Yoshita Sangha
KAR/BEN/2024/1022,Eshana Chatterjee
KAR/TUM/2024/1023,Vincent Balasubramanian
KAR/BEN/2024/1024,Devika Dey
KAR/MYS/2024/1025,Azad Narula
KAR/BEN/2024/1026,Upadhriti Kari
KAR/MAN/2024/1027,Nihal Krish
KAR/BEN/2024/1028,Rachita Dugar
KAR/MAN/2024/1029,Yashawini Mitter
KAR/KOL/2024/1030,Chandani Handa
KAR/CHI/2024/1031,Advika Andra
KAR/BEN/2024/1032,Tripti Bhatti
KAR/DAV/2024/1033,Harrison Dixit
KAR/MYS/2024/1034,Parth Bhatti
KAR/BEN/2024/1035,Hema Reddy
KAR/BEL/2024/1036,Kabir Oza
KAR/SHI/2024/1037,Akshay Bhatnagar
KAR/MAN/2024/1038,Devika Nazareth
KAR/HUB/2024/1039,Ucchal Lalla
KAR/UDU/2024/1040,Ojas Sachdev
KAR/BID/2024/1041,Rachana Mani
KAR/BAL/2024/1042,Jairaj Gaba
KAR/DAV/2024/1043,Qarin Varghese
KAR/MAN/2024/1044,Gaurang Malhotra
KAR/VIJ/2024/1045,Gayathri Sankar
KAR/BEN/2024/1046,Gauri Parmar
KAR/BEN/2024/1047,Thomas Mallick
KAR/MYS/2024/1048,Amol Bahl
KAR/TUM/2024/1049,Zinal Guha
KAR/KOP/2024/1050,Chakradev Yohannan
KAR/KOL/2024/1051,Wyatt Seth
KAR/DAV/2024/1052,Leela Uppal
KAR/KOL/2024/1053,Timothy Pal
KAR/BEN/2024/1054,Faqid Manda
KAR/BEN/2024/1055,Frado Varghese
KAR/HUB/2024/1056,Jagrati Vig
KAR/BEN/2024/1057,Finn Bandi
KAR/BEN/2024/1058,Jacob Bhandari
KAR/BEN/2024/1059,Harrison Sibal
KAR/BEN/2024/1060,Manan Hora
KAR/VIJ/2024/1061,Gaurav Rout
KAR/CHI/2024/1062,Logan Nagar
KAR/TUM/2024/1063,Harini Lal
KAR/HAS/2024/1064,Jagat Sani
KAR/BEN/2024/1065,Faqid Sahni
KAR/MAN/2024/1066,Naveen Chanda
KAR/DAV/2024/1067,Divya Sant
KAR/BEN/2024/1068,Bimala Yohannan
KAR/MAN/2024/1069,Arunima Bose
KAR/BEN/2024/1070,Gaurangi Mishra
KAR/HAS/2024/1071,Mugdha Goel
KAR/BAL/2024/1072,Chanakya Radhakrishnan
KAR/SHI/2024/1073,Manya Trivedi
KAR/KOL/2024/1074,Ikbal Bajwa
KAR/CHI/2024/1075,Yatin Jani
KAR/BID/2024/1076,Ayaan Raghavan
KAR/BID/2024/1077,Sudiksha Contractor
KAR/BEN/2024/1078,Reyansh Bahri
KAR/KOP/2024/1079,Owen Keer
KAR/BID/2024/1080,Benjamin Bose
KAR/BEN/2024/1081,Harrison Mody
KAR/MAN/2024/1082,Damyanti Chatterjee
KAR/VIJ/2024/1083,Hitesh Lad
KAR/CHI/2024/1084,Bakhshi Ben
KAR/BEN/2024/1085,Bimala Swaminathan
KAR/DAV/2024/1086,Widisha Trivedi
KAR/BEN/2024/1087,Urishilla Modi
KAR/BEN/2024/1088,Balveer Rastogi
KAR/HAS/2024/1089,Alexander Samra
KAR/BEN/2024/1090,Pallavi Goswami
KAR/BEN/2024/1091,Naksh Bath
KAR/BAL/2024/1092,Dalaja Nadkarni
KAR/BEN/2024/1093,Saksham Prasad
KAR/UDU/2024/1094,Advik Keer
KAR/BEN/2024/1095,Zilmil Kalla
KAR/KAL/2024/1096,Robert Bhandari
KAR/KOL/2024/1097,Gautam Varughese
KAR/BEN/2024/1098,Benjamin Batra
KAR/CHI/2024/1099,Kritika Pingle
KAR/MYS/2024/1100,Ekiya Dugar
KAR/VIJ/2024/1101,Ekantika Chakrabarti
KAR/MAN/2024/1102,Gaurika Hegde
KAR/MAN/2024/1103,Reyansh Yadav
KAR/BEN/2024/1104,Amara Sen
KAR/RAI/2024/1105,Bhavani Halder
KAR/BEN/2024/1106,Udant Ranganathan
KAR/BEN/2024/1107,Chatura Nair
KAR/VIJ/2024/1108,Henry Gole
KAR/TUM/2024/1109,Samaksh Baria
KAR/KOP/2024/1110,Raksha Kurian
KAR/MYS/2024/1111,Christopher Naik
KAR/HAS/2024/1112,Ridhi Kadakia
KAR/BEN/2024/1113,Patrick Sastry
KAR/MAN/2024/1114,Rohan Dave
KAR/KOP/2024/1115,Chaitaly Comar
KAR/BEN/2024/1116,Unnati Kaur
KAR/KAL/2024/1117,Zayyan Dada
KAR/MAN/2024/1118,Upkaar Deo
KAR/MYS/2024/1119,Januja Minhas
KAR/BEN/2024/1120,Matthew Saini
KAR/SHI/2024/1121,Ria Devi
KAR/BEN/2024/1122,Manan Dani
KAR/BID/2024/1123,Tanish Dhawan
KAR/BEN/2024/1124,Hardik Rajagopalan
KAR/MAN/2024/1125,Dev Grover
KAR/VIJ/2024/1126,Qarin Naidu
KAR/BEN/2024/1127,Ayushman Bose
KAR/BEN/2024/1128,Ishita Misra
KAR/BEN/2024/1129,Om Ramaswamy
KAR/BEL/2024/1130,Andrew Ranganathan
KAR/BEN/2024/1131,Mason Dixit
KAR/BEL/2024/1132,Jalsa Nayak
KAR/BEN/2024/1133,Laksh Hari
KAR/BEN/2024/1134,Bahadurjit Hans
KAR/HUB/2024/1135,Ekiya Apte
KAR/BEN/2024/1136,Aarini Deshmukh
KAR/TUM/2024/1137,Amara Sharaf
KAR/BEN/2024/1138,Udarsh Chandra
KAR/DAV/2024/1139,Harish Bhakta
KAR/DAV/2024/1140,Gauri Rege
KAR/RAI/2024/1141,Falguni Sachdev
KAR/BEL/2024/1142,Hemang Parsa
KAR/UDU/2024/1143,Kiaan Soman
KAR/TUM/2024/1144,Faris Bajaj
KAR/BEN/2024/1145,Chatresh Krishnamurthy
KAR/BEN/2024/1146,Noah Jani
KAR/BEN/2024/1147,Faraj Khalsa
KAR/DAV/2024/1148,Abdul Kara
KAR/BEN/2024/1149,Wridesh Varughese
KAR/SHI/2024/1150,Aarav Vig
KAR/KAL/2024/1151,Jacob Dhaliwal
KAR/BID/2024/1152,Tanvi Kumer
KAR/SHI/2024/1153,Karan Dyal
KAR/CHI/2024/1154,Chatresh Kumer
KAR/BEN/2024/1155,Balhaar Kar
KAR/BEN/2024/1156,Ikbal Dave
KAR/BEN/2024/1157,Turvi Dey
KAR/CHI/2024/1158,Darsh Bandi
KAR/BEN/2024/1159,Jyoti Sankar
KAR/UDU/2024/1160,Banjeet Din
KAR/VIJ/2024/1161,Urishilla Dyal
KAR/HAS/2024/1162,Azaan Sha
KAR/BEN/2024/1163,Kalpit Narula
KAR/BEN/2024/1164,Rushil Modi
KAR/BEN/2024/1165,Ekta Dhaliwal
KAR/MAN/2024/1166,Jatin Chopra
KAR/MYS/2024/1167,Ikshita Sundaram
KAR/KOP/2024/1168,Ishanvi Warrior
KAR/BEN/2024/1169,Diya Bora
KAR/BEN/2024/1170,Rayaan Naik
KAR/SHI/2024/1171,Dominic Karan
KAR/HUB/2024/1172,Maanas Ratti
KAR/BEN/2024/1173,Utkarsh Shankar
KAR/BEN/2024/1174,Advay Menon
KAR/HAS/2024/1175,Gopal Mallick
KAR/RAI/2024/1176,Xavier Savant
KAR/BEN/2024/1177,Nirja Bobal
KAR/VIJ/2024/1178,Agastya Lalla
KAR/TUM/2024/1179,Garima Rana
KAR/VIJ/2024/1180,Omaja Babu
KAR/BEN/2024/1181,Triveni Apte
KAR/BEN/2024/1182,Rohan Johal
KAR/BAL/2024/1183,Rohan Krishnan
KAR/BID/2024/1184,Priya Guha
KAR/UDU/2024/1185,Urishilla Joshi
KAR/BEN/2024/1186,Hredhaan Chowdhury
KAR/HAS/2024/1187,Harshil Bhattacharyya
KAR/BEN/2024/1188,Champak Chacko
KAR/BEN/2024/1189,Vasudha Vig
KAR/BEN/2024/1190,Aryan Jha
KAR/CHI/2024/1191,Jairaj Sawhney
KAR/BEN/2024/1192,Gaurang Dass
KAR/DAV/2024/1193,Upasna Mand
KAR/KAL/2024/1194,George Virk
KAR/UDU/2024/1195,Jackson Padmanabhan
KAR/RAI/2024/1196,Chakradev Pall
KAR/MAN/2024/1197,Eta Soman
KAR/DAV/2024/1198,Banjeet Ahluwalia
KAR/BEN/2024/1199,Chatresh Dhawan
KAR/BEN/2024/1200,Aarini Deep
KAR/MAN/2024/1201,Harish Palla
KAR/BEL/2024/1202,Eshana Yadav
KAR/KOP/2024/1203,Chaitaly Iyer
KAR/BEN/2024/1204,Bhavya Pillai
KAR/BEN/2024/1205,Kala Khurana
KAR/BEN/2024/1206,Jairaj Chawla
KAR/VIJ/2024/1207,Chanakya Sachar
KAR/KOP/2024/1208,Anvi Malhotra
KAR/BEN/2024/1209,Hiral Sani
KAR/DAV/2024/1210,Niharika Bhakta
KAR/BID/2024/1211,Nakul Kota
KAR/RAI/2024/1212,Oscar Anne
KAR/KOL/2024/1213,Rachana Rajagopalan
KAR/BEN/2024/1214,Chandresh Bose
KAR/HAS/2024/1215,Aadi Chandra
KAR/HAS/2024/1216,Chakradhar Nigam
KAR/BEN/2024/1217,Benjamin Ratti
KAR/BEN/2024/1218,Ekalinga Sule
KAR/BEN/2024/1219,Reyansh Talwar
KAR/KOL/2024/1220,Tanmayi Raval
KAR/CHI/2024/1221,Isaac Nagy
KAR/BAL/2024/1222,Champak Golla
KAR/HUB/2024/1223,Pavani Kurian
KAR/BEN/2024/1224,Turvi Kumar
KAR/MAN/2024/1225,Edhitha Bhasin
KAR/BEN/2024/1226,Damini Shroff
KAR/BEN/2024/1227,Krishna Borde
KAR/CHI/2024/1228,Gaurav Kara
KAR/BAL/2024/1229,Hardik Khalsa
KAR/KOP/2024/1230,Theodore Singhal
KAR/BEN/2024/1231,Advika Bansal
KAR/HAS/2024/1232,Pahal Singhal
KAR/BEN/2024/1233,Oeshi Loyal
KAR/HUB/2024/1234,Kavya Oommen
KAR/BEN/2024/1235,Ayaan Balay
KAR/MAN/2024/1236,Chakradev Morar
KAR/MAN/2024/1237,Tara Bala
KAR/BEN/2024/1238,Daniel Seshadri
KAR/BEN/2024/1239,Udyati Kannan
KAR/CHI/2024/1240,Bhavika Mammen
KAR/BEN/2024/1241,Aditya Muni
KAR/HUB/2024/1242,Harsh Sridhar
KAR/BAL/2024/1243,Pallavi Gara
KAR/BEN/2024/1244,Samarth Dasgupta
KAR/BID/2024/1245,Ekiya Dhingra
KAR/BEN/2024/1246,Lopa Shanker
KAR/KAL/2024/1247,Onveer Srinivas
KAR/BAL/2024/1248,Ranbir Dhar
KAR/BEN/2024/1249,Januja Khurana
KAR/BEN/2024/1250,Dominic Karan
KAR/DAV/2024/1251,Omkaar Saran
KAR/BEN/2024/1252,Girik Srinivasan
KAR/HUB/2024/1253,Avi Sura
KAR/BEN/2024/1254,Praneel Ben
KAR/TUM/2024/1255,Chatresh Majumdar
KAR/HUB/2024/1256,Henry Wadhwa
KAR/BEN/2024/1257,Harsh Aggarwal
KAR/KAL/2024/1258,Tarak Nayar
KAR/MAN/2024/1259,Mahika Majumdar
KAR/MAN/2024/1260,Chameli Kuruvilla
KAR/KAL/2024/1261,Ekaraj Thaker
KAR/CHI/2024/1262,Nathaniel Desai
KAR/HAS/2024/1263,Tanveer Walla
KAR/HAS/2024/1264,Guneet Sridhar
KAR/SHI/2024/1265,Eiravati Johal
KAR/BID/2024/1266,Pratyush Gandhi
KAR/DAV/2024/1267,Alexander Ganesh
KAR/MAN/2024/1268,Frado Brar
KAR/DAV/2024/1269,Oscar Nayak
KAR/BEN/2024/1270,Tripti Murthy
KAR/BAL/2024/1271,Jeet Bhagat
KAR/BEN/2024/1272,Jeremiah Pingle
KAR/BEN/2024/1273,Lucky Malhotra
KAR/HUB/2024/1274,Ekta Nori
KAR/BEN/2024/1275,Lopa Basu
KAR/SHI/2024/1276,Gautami Bajaj
KAR/BEN/2024/1277,Nathaniel Tata
KAR/VIJ/2024/1278,Devansh Pall
KAR/BEN/2024/1279,Upma Pingle
KAR/BEN/2024/1280,Jagdish Choudhry
KAR/VIJ/2024/1281,Adya Grover
KAR/BEN/2024/1282,Tejas Chaudhuri
KAR/BEL/2024/1283,Ekapad Agarwal
KAR/BEL/2024/1284,Geetika Bajaj
KAR/BEN/2024/1285,Daksha Ganguly
KAR/BEN/2024/1286,Leela Nadkarni
KAR/BEL/2024/1287,Odika Madan
KAR/MYS/2024/1288,Pallavi Venkataraman
KAR/BAL/2024/1289,Ati Sharma
KAR/HAS/2024/1290,Joshua Vora
KAR/BEN/2024/1291,Aarush Savant
KAR/BEL/2024/1292,Meghana Narayanan
KAR/BEL/2024/1293,Chasmum Nagarajan
KAR/BEN/2024/1294,Hamsini Patla
KAR/BEL/2024/1295,Suhani Agate
KAR/BEN/2024/1296,Ekansh Verma
KAR/KAL/2024/1297,Farhan Raghavan
KAR/VIJ/2024/1298,Anvi Singhal
KAR/KOP/2024/1299,Anirudh Seshadri
KAR/BEL/2024/1300,Siddharth Vala
KAR/BEN/2024/1301,Andrew Sahota
KAR/BEN/2024/1302,Sachi Sharaf
KAR/KAL/2024/1303,Yashoda Majumdar
KAR/BEN/2024/1304,Madhavi Sanghvi
KAR/KOP/2024/1305,Ishwar Date
KAR/SHI/2024/1306,Osha Soman
KAR/BEN/2024/1307,Mitali Sethi
KAR/KOL/2024/1308,Kamya Sankar
KAR/RAI/2024/1309,Anusha Chand
KAR/BEN/2024/1310,Christopher Atwal
KAR/BEN/2024/1311,Omisha Prasad
KAR/BEN/2024/1312,Praneel Agate
KAR/BEN/2024/1313,Zaid Pau
KAR/MAN/2024/1314,Gavin Rau
KAR/RAI/2024/1315,Lila Manne
KAR/CHI/2024/1316,Isaac Bala
KAR/BEN/2024/1317,Tristan Shukla
KAR/VIJ/2024/1318,Naveen Sampath
KAR/DAV/2024/1319,Eta Kumer
KAR/VIJ/2024/1320,Zaid Varty
KAR/BID/2024/1321,Abeer Khare
KAR/SHI/2024/1322,Aashi Balasubramanian
KAR/BEN/2024/1323,Zilmil Chaudhry
KAR/BEN/2024/1324,Ganga Dhar
KAR/BEL/2024/1325,Guneet Shroff
KAR/BEN/2024/1326,Aradhana Patil
KAR/BEN/2024/1327,Azaan Deshpande
KAR/TUM/2024/1328,Nidhi Saxena
KAR/BID/2024/1329,Qushi Palla
KAR/KAL/2024/1330,Avi Sibal
KAR/BEL/2024/1331,Triya Datta
KAR/BEN/2024/1332,Neha Magar
KAR/MYS/2024/1333,Advika Chaudhuri
KAR/SHI/2024/1334,Eesha Chokshi
KAR/BEN/2024/1335,Parth Sharaf
KAR/MAN/2024/1336,Amol Samra
KAR/BEN/2024/1337,Falan Memon
KAR/RAI/2024/1338,Jason Joshi
KAR/BEN/2024/1339,Vincent Andra
KAR/BEN/2024/1340,Ojasvi Char
KAR/HAS/2024/1341,Mason Sachdeva
KAR/UDU/2024/1342,Gautami Dani
KAR/SHI/2024/1343,Radhika Ratta
KAR/KOL/2024/1344,Vrinda Modi
KAR/BEN/2024/1345,Ekaraj Gola
KAR/MAN/2024/1346,Vasudha Baral
KAR/BEN/2024/1347,Kiaan Randhawa
KAR/BEN/2024/1348,Netra Aggarwal
KAR/BEN/2024/1349,Naksh Kala
KAR/BID/2024/1350,Damyanti Nadig
KAR/UDU/2024/1351,Benjamin Andra
KAR/BEN/2024/1352,Benjamin Chad
KAR/CHI/2024/1353,Bhavika Buch
KAR/KOP/2024/1354,Urmi Parmer
KAR/VIJ/2024/1355,Qadim Magar
KAR/MYS/2024/1356,Falguni Taneja
KAR/HUB/2024/1357,Gunbir Das
KAR/BEN/2024/1358,Vivaan Barad
KAR/KAL/2024/1359,Vedant Dixit
KAR/VIJ/2024/1360,Yutika Gill
KAR/BEN/2024/1361,Triveni Borde
KAR/BEN/2024/1362,Oliver Bahri
KAR/BAL/2024/1363,Divya Saini
KAR/BAL/2024/1364,Aarini Bhatti
KAR/BEN/2024/1365,Vedant Sandhu
KAR/BEN/2024/1366,Pavani Barad
KAR/HAS/2024/1367,Forum Dhaliwal
KAR/MAN/2024/1368,Teerth Kamdar
KAR/HAS/2024/1369,Veer Dugar
KAR/KAL/2024/1370,Shivansh Arora
KAR/BEN/2024/1371,Sudiksha Char
KAR/BEN/2024/1372,William Bhasin
KAR/HAS/2024/1373,Vedant Bose
KAR/BEN/2024/1374,Anika Merchant
KAR/BEN/2024/1375,Mekhala Ghose
KAR/BEN/2024/1376,Ishani Mistry
KAR/BEN/2024/1377,Akshay Viswanathan
KAR/BEN/2024/1378,Meera Vyas
KAR/BEN/2024/1379,Ekansh Cheema
KAR/CHI/2024/1380,Ojas Varty
KAR/BID/2024/1381,Ekbal Pathak
KAR/BEN/2024/1382,Pooja Apte
KAR/RAI/2024/1383,Noah Sachar
KAR/DAV/2024/1384,Ucchal Shankar
KAR/HUB/2024/1385,Tristan Nair
KAR/BEN/2024/1386,Jagat Chada
KAR/BEN/2024/1387,Ekavir Hegde
KAR/BEL/2024/1388,Yutika Prakash
KAR/VIJ/2024/1389,Ranveer Din
KAR/BEN/2024/1390,Arjun Lad
KAR/UDU/2024/1391,Chakradev Deo
KAR/BEN/2024/1392,Lipika Borra
KAR/DAV/2024/1393,Gopal Pillay
KAR/MYS/2024/1394,Chaitanya Upadhyay
KAR/BID/2024/1395,Ladli Nori
KAR/TUM/2024/1396,Advika Bhalla
KAR/BEN/2024/1397,Ekansh Kamdar
KAR/BAL/2024/1398,Faras Toor
KAR/BEN/2024/1399,Victor Khurana
KAR/TUM/2024/1400,Alka Minhas
KAR/BEN/2024/1401,Abhimanyu Oza
KAR/BEN/2024/1402,Samarth Kala
KAR/BEN/2024/1403,Charan Manne
KAR/BEL/2024/1404,Manbir Bera
KAR/MAN/2024/1405,Farhan Varty
KAR/MYS/2024/1406,Arunima Varty
KAR/DAV/2024/1407,Turvi Sabharwal
KAR/BEN/2024/1408,Frado Dar
KAR/MAN/2024/1409,Abdul Chopra
KAR/HAS/2024/1410,Ekaja Singhal
KAR/BEL/2024/1411,Ati Mahal
KAR/MAN/2024/1412,Dalbir Lad
KAR/MAN/2024/1413,Lekha Khalsa
KAR/BEN/2024/1414,Hamsini Sibal
KAR/DAV/2024/1415,Samar Puri
KAR/BAL/2024/1416,Thomas Chaudhari
KAR/MYS/2024/1417,Shivansh Sachdev
KAR/BEN/2024/1418,Lakshit Din
KAR/KAL/2024/1419,Yash Sen
KAR/BEN/2024/1420,Waida Karan
KAR/BEN/2024/1421,Nandini Ramaswamy
KAR/KOP/2024/1422,Tarak Natarajan
KAR/BEN/2024/1423,Yatin Ramakrishnan
KAR/BEN/2024/1424,Banjeet Choudhury
KAR/BEN/2024/1425,Omya Bandi
KAR/MYS/2024/1426,Vanya Goyal
KAR/KOP/2024/1427,Harsh Kothari
KAR/BID/2024/1428,Vrishti Mallick
KAR/BEN/2024/1429,Ekani Keer
KAR/BAL/2024/1430,Waida Bahl
KAR/BEN/2024/1431,Shivansh Gole
KAR/KAL/2024/1432,Ekanta Ratta
KAR/RAI/2024/1433,Kritika Sarna
KAR/KOP/2024/1434,Nisha Dalal
KAR/KAL/2024/1435,Idika Dhingra
KAR/BEN/2024/1436,Sachi Chandra
KAR/BEN/2024/1437,Rayaan Kala
KAR/MAN/2024/1438,Lopa Chander
KAR/BEN/2024/1439,Parth Gade
KAR/MYS/2024/1440,Aarav Majumdar
KAR/BEN/2024/1441,Umang Shah
KAR/BEN/2024/1442,Neel Dubey
KAR/BEL/2024/1443,Nisha Kade
KAR/BEN/2024/1444,Noah Sawhney
KAR/SHI/2024/1445,Leela Devan
KAR/VIJ/2024/1446,Jeet Butala
KAR/DAV/2024/1447,Harsh Dewan
KAR/BEN/2024/1448,Tanveer Bala
KAR/VIJ/2024/1449,Atharv Saran
KAR/BEN/2024/1450,Kiaan Maharaj
KAR/KOL/2024/1451,Pranit Johal
KAR/BEN/2024/1452,Lohit Kunda
KAR/BEN/2024/1453,Urmi Tank
KAR/RAI/2024/1454,Sathvik Vora
KAR/BEN/2024/1455,Om Dewan
KAR/BEN/2024/1456,Jeevika Mall
KAR/DAV/2024/1457,Madhavi Sundaram
KAR/TUM/2024/1458,Qasim Sen
KAR/BEN/2024/1459,Onveer Sankaran
KAR/VIJ/2024/1460,Siddharth Sen
KAR/KOL/2024/1461,Omkaar Sampath
KAR/BEN/2024/1462,Raksha Pai
KAR/KOP/2024/1463,Jairaj Murthy
KAR/MYS/2024/1464,Victor Datta
KAR/SHI/2024/1465,Wishi Dalal
KAR/BEN/2024/1466,Robert Bumb
KAR/BEN/2024/1467,Frado Talwar
KAR/HUB/2024/1468,Bachittar Konda
KAR/BEN/2024/1469,Naksh Tripathi
KAR/HAS/2024/1470,Abeer Loyal
KAR/SHI/2024/1471,Kevin Toor
KAR/MAN/2024/1472,Gaurangi Murty
KAR/TUM/2024/1473,Sudiksha Chad
KAR/BEN/2024/1474,Adya Baria
KAR/VIJ/2024/1475,Chaitanya Master
KAR/KOP/2024/1476,Osha Gokhale
KAR/BEL/2024/1477,Sai Upadhyay
KAR/BEL/2024/1478,Raagini Prasad
KAR/KOP/2024/1479,Bhavika Kaul
KAR/BEN/2024/1480,Patrick Bhatnagar
KAR/MAN/2024/1481,Unnati Mukherjee
KAR/BEN/2024/1482,Pranav Choudhry
KAR/BEN/2024/1483,Amrita Badal
KAR/HAS/2024/1484,Charles Vora
KAR/UDU/2024/1485,Ekaja Lalla
KAR/BEN/2024/1486,Qadim Dani
KAR/MAN/2024/1487,Rachana Sura
KAR/RAI/2024/1488,Amol Varkey
KAR/BEN/2024/1489,Yahvi Raval
KAR/BEN/2024/1490,Ekapad Grover
KAR/BEN/2024/1491,Vasatika Singhal
KAR/HAS/2024/1492,Sai Prakash
KAR/HUB/2024/1493,Tanvi Nagi
KAR/CHI/2024/1494,Faqid Shere
KAR/CHI/2024/1495,Vihaan Dyal
KAR/BEN/2024/1496,Zashil Yadav
KAR/SHI/2024/1497,Liam Bath
KAR/KOL/2024/1498,Samarth Anand
KAR/BAL/2024/1499,Jackson Acharya
KAR/BEN/2024/1500,Aishani Chakraborty
KAR/BEN/2024/1501,Ridhi Nagi
KAR/VIJ/2024/1502,Gaurika Prasad
KAR/BEN/2024/1503,Kashvi Sidhu
KAR/BEN/2024/1504,Warjas Murthy
KAR/CHI/2024/1505,Pranav Anne
KAR/VIJ/2024/1506,Baghyawati Handa
KAR/BEN/2024/1507,Wyatt Karan
KAR/HAS/2024/1508,Suhani Dani
KAR/KOP/2024/1509,Ekaja Varkey
KAR/BEN/2024/1510,Ojas Sodhi
KAR/BEN/2024/1511,Watika Rattan
KAR/TUM/2024/1512,Lopa Tiwari
KAR/HAS/2024/1513,Ishaan Kurian
KAR/MAN/2024/1514,Yauvani Arya
KAR/UDU/2024/1515,Faqid Dara
KAR/MAN/2024/1516,Gaurika Venkatesh
KAR/BEN/2024/1517,Reva Sura
KAR/KOL/2024/1518,Laban Naidu
KAR/UDU/2024/1519,Tanay Kalita
KAR/RAI/2024/1520,Watika Swaminathan
KAR/BEN/2024/1521,Kai Garde
KAR/DAV/2024/1522,Leela Borde
KAR/BID/2024/1523,Victor Sarraf
KAR/MAN/2024/1524,Udarsh Nadkarni
KAR/BEN/2024/1525,Barkha Rajagopalan
KAR/KOL/2024/1526,Adya Ganesh
KAR/KOP/2024/1527,Gautami Ramanathan
KAR/HAS/2024/1528,Shaurya Bahl
KAR/BEN/2024/1529,Upma Krishnamurthy
KAR/BAL/2024/1530,Matthew Karan
KAR/BEN/2024/1531,Tanay Bahl
KAR/KOL/2024/1532,Adya Kala
KAR/DAV/2024/1533,Madhavi Sabharwal
KAR/BEN/2024/1534,Yashasvi Bora
KAR/BEN/2024/1535,Tristan Jaggi
KAR/BEN/2024/1536,Simon Tripathi
KAR/BEN/2024/1537,Lavanya Gara
KAR/KAL/2024/1538,Upasna Sarraf
KAR/BEN/2024/1539,Yoshita Dora
KAR/KAL/2024/1540,Finn Mane
KAR/KAL/2024/1541,Champak Atwal
KAR/HUB/2024/1542,Pahal Bansal
KAR/RAI/2024/1543,Omkaar Shah
KAR/TUM/2024/1544,Simon Bhandari
KAR/BEN/2024/1545,Brijesh Ramakrishnan
KAR/VIJ/2024/1546,Pranit Gandhi
KAR/MAN/2024/1547,Baljiwan Natarajan
KAR/CHI/2024/1548,Alexander Savant
KAR/HAS/2024/1549,Yashodhara Kara
KAR/MYS/2024/1550,Anvi Sangha
KAR/BEN/2024/1551,Samarth Basu
KAR/BEN/2024/1552,Abhiram Balasubramanian
KAR/BID/2024/1553,Nicholas Samra
KAR/MAN/2024/1554,Dev Sahni
KAR/BEN/2024/1555,Azad Mani
KAR/SHI/2024/1556,Harita Rai
KAR/BEN/2024/1557,Arjun Bhavsar
KAR/BAL/2024/1558,Saanvi Trivedi
KAR/MYS/2024/1559,Netra Chopra
KAR/UDU/2024/1560,Jagvi Bir
KAR/MYS/2024/1561,Ansh Lanka
KAR/CHI/2024/1562,Adweta Murty
KAR/BEN/2024/1563,Gopal Mahajan
KAR/SHI/2024/1564,Rajata Sarna
KAR/KOL/2024/1565,Yashoda Badal
KAR/MAN/2024/1566,Pushti Goyal
KAR/KOL/2024/1567,Ekaraj Nanda
KAR/KAL/2024/1568,Triya Yogi
KAR/BEN/2024/1569,Radha Malhotra
KAR/BEN/2024/1570,Vihaan Ahuja
KAR/SHI/2024/1571,Ekani Kade
KAR/BEN/2024/1572,Zayan Chakrabarti
KAR/TUM/2024/1573,Rachit Mane
KAR/BAL/2024/1574,Guneet Mukherjee
KAR/BEN/2024/1575,Garima Nayar
KAR/RAI/2024/1576,Nihal Morar
KAR/SHI/2024/1577,Elijah Anne
KAR/DAV/2024/1578,Yash Kar
KAR/HUB/2024/1579,Irya Bora
KAR/BAL/2024/1580,Pahal Loyal
KAR/BEN/2024/1581,Champak Khare
KAR/BEN/2024/1582,Nilima Andra
KAR/KOP/2024/1583,Aradhana Dhingra
KAR/KOL/2024/1584,Nidra Comar
KAR/HUB/2024/1585,Udant Yohannan
KAR/SHI/2024/1586,Charvi Ranganathan
KAR/BEN/2024/1587,Chanchal Dubey
KAR/RAI/2024/1588,Nathaniel Doshi
KAR/BEN/2024/1589,Omaja Mutti
KAR/BAL/2024/1590,Ranbir Devi
KAR/UDU/2024/1591,Keya Venkataraman
KAR/BEN/2024/1592,Andrew Sekhon
KAR/BEN/2024/1593,Agastya Mistry
KAR/BEN/2024/1594,Tejas Kari
KAR/BEL/2024/1595,Owen Saran
KAR/VIJ/2024/1596,Ekani Randhawa
KAR/KOP/2024/1597,Aahana Lala
KAR/CHI/2024/1598,Champak Wable
KAR/MYS/2024/1599,Jagrati Shankar
KAR/BEN/2024/1600,Ekiya Misra
KAR/BEN/2024/1601,Tanish Srinivas
KAR/CHI/2024/1602,Ayush Jani
KAR/HUB/2024/1603,Abhimanyu Mangat
KAR/BEN/2024/1604,Sudiksha Kapadia
KAR/CHI/2024/1605,Rohan Bali
KAR/RAI/2024/1606,Sara Loyal
KAR/BEN/2024/1607,Radhika Karnik
KAR/SHI/2024/1608,Hardik Krishna
KAR/SHI/2024/1609,Logan Dora
KAR/BAL/2024/1610,Faqid Bobal
KAR/BEL/2024/1611,Reva Sinha
KAR/BEN/2024/1612,Theodore Sane
KAR/KOL/2024/1613,Rehaan Contractor
KAR/MYS/2024/1614,Ishwar Nadig
KAR/UDU/2024/1615,Zayyan Dhawan
KAR/KOP/2024/1616,Avni Varma
KAR/KAL/2024/1617,Laksh Jani
KAR/BEN/2024/1618,Aryan Varty
KAR/MAN/2024/1619,Divya Khanna
KAR/BEN/2024/1620,Qarin Cheema
KAR/BEN/2024/1621,Hamsini Mukherjee
KAR/MAN/2024/1622,Yashawini Madan
KAR/BEN/2024/1623,Kamya Bobal
KAR/KOL/2024/1624,Arjun Mane
KAR/HAS/2024/1625,Irya Mani
KAR/HAS/2024/1626,Ishanvi Kannan
KAR/HUB/2024/1627,Oviya Bava
KAR/BEN/2024/1628,Anya Bhargava
KAR/RAI/2024/1629,Benjamin Loke
KAR/BEN/2024/1630,Chakradhar Sunder
KAR/VIJ/2024/1631,Rayaan Bains
KAR/VIJ/2024/1632,Bishakha Peri
KAR/HUB/2024/1633,Garima Shetty
KAR/BEN/2024/1634,Kalpit Kannan
KAR/BEN/2024/1635,Abhimanyu Verma
KAR/BEN/2024/1636,Sneha Natt
KAR/VIJ/2024/1637,Yashvi Garg
KAR/HAS/2024/1638,Ekani Jain
KAR/SHI/2024/1639,Bakhshi Mohanty
KAR/BEN/2024/1640,Gauri Baral
KAR/MAN/2024/1641,Omisha Upadhyay
KAR/KOP/2024/1642,Vinaya Dua
KAR/CHI/2024/1643,Jairaj Gade
KAR/MAN/2024/1644,Vedika Chander
KAR/MAN/2024/1645,Brinda Dave
KAR/HAS/2024/1646,Arya Kapadia
KAR/BEN/2024/1647,Darsh Minhas
KAR/UDU/2024/1648,Owen Varty
KAR/VIJ/2024/1649,Orinder Comar
KAR/RAI/2024/1650,Pranav Parmar
KAR/TUM/2024/1651,Jyoti Parikh
KAR/DAV/2024/1652,Eta Setty
KAR/MAN/2024/1653,Adweta Mall
KAR/BEN/2024/1654,Oviya Sathe
KAR/UDU/2024/1655,Harish Rajagopalan
KAR/BEN/2024/1656,Balveer Ramanathan
KAR/BEN/2024/1657,Dalaja Iyer
KAR/BEN/2024/1658,Utkarsh Andra
KAR/KOP/2024/1659,Gabriel Apte
KAR/CHI/2024/1660,Thomas Mann
KAR/BEN/2024/1661,Jairaj Sane
KAR/KAL/2024/1662,Ishaan Kalita
KAR/BEN/2024/1663,Rohan Borah
KAR/BAL/2024/1664,Sara Kannan
KAR/UDU/2024/1665,Nisha Kari
KAR/BEN/2024/1666,Rajata Khosla
KAR/RAI/2024/1667,Anya Ramakrishnan
KAR/MAN/2024/1668,Naksh Devi
KAR/TUM/2024/1669,Tanmayi Narayanan
KAR/BEN/2024/1670,Advay Desai
KAR/MAN/2024/1671,Faris Uppal
KAR/MAN/2024/1672,Fiyaz Saran
KAR/TUM/2024/1673,Anamika Sibal
KAR/HUB/2024/1674,Saumya Saha
KAR/BEN/2024/1675,Tristan Bhargava
KAR/HAS/2024/1676,Lakshit Saini
KAR/BEN/2024/1677,Kashvi Bumb
KAR/KAL/2024/1678,Faras Sen
KAR/TUM/2024/1679,Oeshi Sarma
KAR/BEN/2024/1680,Akshay Virk
KAR/BEN/2024/1681,Girish Choudhry
KAR/RAI/2024/1682,Rachita Bumb
KAR/RAI/2024/1683,Balhaar Krishnamurthy
KAR/BEN/2024/1684,Daksha Som
KAR/BEL/2024/1685,Garima Rana
KAR/RAI/2024/1686,Gavin Varughese
KAR/BEN/2024/1687,Chakrika Raju
KAR/BEN/2024/1688,Tejas Chanda
KAR/KOL/2024/1689,Isaiah Dugal
KAR/VIJ/2024/1690,Lakshit Misra
KAR/MAN/2024/1691,Vasudha Raj
KAR/BID/2024/1692,Ethan Seshadri
KAR/VIJ/2024/1693,Omya Patla
KAR/VIJ/2024/1694,David Bansal
KAR/MAN/2024/1695,Samar Nori
KAR/UDU/2024/1696,Nilima Jayaraman
KAR/BEN/2024/1697,Zaitra Kunda
KAR/BEN/2024/1698,Amruta Goyal
KAR/HAS/2024/1699,Lavanya Chand
KAR/TUM/2024/1700,Advay Yogi
KAR/BID/2024/1701,Tanay Bora
KAR/BEN/2024/1702,Deepa Varughese
KAR/BEL/2024/1703,Dhruv Prashad
KAR/BEN/2024/1704,Maanav Prabhakar
KAR/BEN/2024/1705,Vritti Thakur
KAR/BEN/2024/1706,Devika Merchant
KAR/BEN/2024/1707,Advika Malhotra
KAR/DAV/2024/1708,Forum Ahuja
KAR/KOL/2024/1709,Wakeeta Dyal
KAR/RAI/2024/1710,Mahika Dasgupta
KAR/BEN/2024/1711,Girindra Dhawan
KAR/BEN/2024/1712,Chaman Patil
KAR/DAV/2024/1713,Bhavani Ganesh
KAR/RAI/2024/1714,Rachita Chanda
KAR/BEN/2024/1715,Chanchal Samra
KAR/BEN/2024/1716,Madhav Mutti
KAR/BEN/2024/1717,Sachi Sachdeva
KAR/KOP/2024/1718,Pratyush Gandhi
KAR/MAN/2024/1719,Yahvi Kata
KAR/BEN/2024/1720,Owen Sachar
KAR/KOL/2024/1721,Wishi Khatri
KAR/BEL/2024/1722,Charles Chand
KAR/BEL/2024/1723,Rayaan Andra
KAR/BEN/2024/1724,Quincy Barad
KAR/MAN/2024/1725,Matthew Acharya
KAR/BEN/2024/1726,Ryan Raman
KAR/SHI/2024/1727,Orinder Chanda
KAR/SHI/2024/1728,Fitan Mann
KAR/MYS/2024/1729,Onkar Dhingra
KAR/BID/2024/1730,Champak Mitra
KAR/DAV/2024/1731,Qabil Narain
KAR/TUM/2024/1732,Vedant Aurora
KAR/BEN/2024/1733,Rajata Shankar
KAR/BEN/2024/1734,Harini Dora
KAR/KOP/2024/1735,Peter Patla
KAR/CHI/2024/1736,Yagnesh Bahl
KAR/KOP/2024/1737,Ucchal Bhagat
KAR/BEN/2024/1738,Gautam Shukla
KAR/BEN/2024/1739,George Bumb
KAR/BID/2024/1740,Aditya Lalla
KAR/HAS/2024/1741,Warjas Hora
KAR/KAL/2024/1742,Yuvraj Dey
KAR/CHI/2024/1743,Chavvi Borah
KAR/BEN/2024/1744,Rachit Nori
KAR/BEN/2024/1745,Janani Ganguly
KAR/HAS/2024/1746,Anthony Gulati
KAR/BEN/2024/1747,Pavani Dey
KAR/BID/2024/1748,Hitesh Karnik
KAR/KOP/2024/1749,Vivaan Dash
KAR/KOP/2024/1750,Fariq Chanda
KAR/MAN/2024/1751,Abhimanyu Chand
KAR/BEN/2024/1752,Zaid Master
KAR/MAN/2024/1753,Baghyawati Dhingra
KAR/BEN/2024/1754,Amara Madan
KAR/KOP/2024/1755,Amol Menon
KAR/HAS/2024/1756,Devika Edwin
KAR/MAN/2024/1757,Utkarsh Sarin
KAR/BEN/2024/1758,Harish Manne
KAR/RAI/2024/1759,Arin Sengupta
KAR/MAN/2024/1760,Yashica Golla
KAR/HUB/2024/1761,Nachiket Dhaliwal
KAR/MYS/2024/1762,Sathvik Rege
KAR/MYS/2024/1763,Eiravati Kurian
KAR/SHI/2024/1764,Rayaan Chatterjee
KAR/BID/2024/1765,Omya Lalla
KAR/UDU/2024/1766,Pratyush Kumar
KAR/RAI/2024/1767,Rachana Nagar
KAR/BEN/2024/1768,Ethan Nagar
KAR/BEN/2024/1769,Gopal Andra
KAR/BAL/2024/1770,Triveni Batta
KAR/MYS/2024/1771,Zinal Handa
KAR/RAI/2024/1772,Baljiwan Bains
KAR/BAL/2024/1773,Shivani Singhal
KAR/BEN/2024/1774,Yasti Walia
KAR/KOP/2024/1775,Nitara Kapur
KAR/TUM/2024/1776,Dhruv Aggarwal
KAR/KOP/2024/1777,Madhavi Bhagat
KAR/UDU/2024/1778,Jai Sachdeva
KAR/BEN/2024/1779,Rayaan Misra
KAR/BEN/2024/1780,Nidhi Mishra
KAR/RAI/2024/1781,Jairaj Contractor
KAR/BEN/2024/1782,Pahal Narain
KAR/MAN/2024/1783,Jackson Hora
KAR/BID/2024/1784,Karan Edwin
KAR/BEN/2024/1785,Jairaj Bhardwaj
KAR/BEN/2024/1786,Robert Prabhakar
KAR/SHI/2024/1787,Hemani Barad
KAR/MAN/2024/1788,Ishaan Kale
KAR/BEN/2024/1789,Jonathan Nair
KAR/HAS/2024/1790,Vincent Singhal
KAR/BEN/2024/1791,Ekalinga Vig
KAR/MAN/2024/1792,Jacob Kamdar
KAR/KOL/2024/1793,Sai Kala
KAR/MAN/2024/1794,Daksh Uppal
KAR/BEN/2024/1795,Charan Vala
KAR/BEN/2024/1796,Girindra Suri
KAR/MAN/2024/1797,Gaurika Saran
KAR/BEN/2024/1798,Yahvi Bhavsar
KAR/HAS/2024/1799,Rachita Dada
KAR/UDU/2024/1800,Neel Oza
KAR/DAV/2024/1801,Laksh Madan
KAR/BEN/2024/1802,Manbir Mohan
KAR/KOP/2024/1803,Meera Mallick
KAR/SHI/2024/1804,Vyanjana Mandal
KAR/TUM/2024/1805,Nitara Patil
KAR/UDU/2024/1806,Laksh Menon
KAR/BEN/2024/1807,Ishanvi Tank
KAR/UDU/2024/1808,Vanya Oommen
KAR/BEL/2024/1809,Adweta D’Alia
KAR/BEN/2024/1810,Max Bandi
KAR/BEN/2024/1811,Lakshmi Srivastava
KAR/BEN/2024/1812,Unni Bir
KAR/MYS/2024/1813,Neelima Barman
KAR/MAN/2024/1814,Avi Krishna
KAR/BEN/2024/1815,Damini Hora
KAR/BID/2024/1816,Warda Dugal
KAR/BEN/2024/1817,Gaurang Dhingra
KAR/BEN/2024/1818,Hiral Mall
KAR/BEL/2024/1819,Luke Rajagopalan
KAR/KOP/2024/1820,Nihal Sengupta
KAR/MAN/2024/1821,Chatresh Dayal
KAR/BEN/2024/1822,Jonathan Tank
KAR/TUM/2024/1823,Avi Bhatt
KAR/HAS/2024/1824,Parth Divan
KAR/BEN/2024/1825,Laksh Chaudhary
KAR/BEN/2024/1826,Maanav Srivastava
KAR/BID/2024/1827,Darpan Sheth
KAR/BEN/2024/1828,Urvi Sarkar
KAR/DAV/2024/1829,Tejas Sawhney
KAR/CHI/2024/1830,Pranit Virk
KAR/RAI/2024/1831,Gavin Setty
KAR/BAL/2024/1832,Prisha Gara
KAR/RAI/2024/1833,William Varghese
KAR/BEN/2024/1834,Neelima Barad
KAR/KAL/2024/1835,David Agrawal
KAR/BEN/2024/1836,Bhanumati Doctor
KAR/BEL/2024/1837,Nitara Krishnamurthy
KAR/BEL/2024/1838,Teerth Patla
KAR/MAN/2024/1839,Baljiwan Hayer
KAR/BEN/2024/1840,Qushi Dhingra
KAR/BEN/2024/1841,Henry Rajan
KAR/BEN/2024/1842,Vihaan Narayanan
KAR/MAN/2024/1843,Avi Bal
KAR/DAV/2024/1844,Ekanta Kibe
KAR/KOP/2024/1845,Aryan Dave
KAR/BEN/2024/1846,Bhavya Bakshi
KAR/DAV/2024/1847,Rajeshri Bali
KAR/MYS/2024/1848,Wakeeta Nagar
KAR/DAV/2024/1849,Chaitaly Naidu
KAR/BEN/2024/1850,Falak Devan
KAR/UDU/2024/1851,Arjun Mistry
KAR/HAS/2024/1852,Udyati Lalla
KAR/BEN/2024/1853,Udyati Malhotra
KAR/MAN/2024/1854,Jai Balay
KAR/BEN/2024/1855,Amol Dey
KAR/CHI/2024/1856,Thomas Mukhopadhyay
KAR/HUB/2024/1857,Bishakha Vaidya
KAR/RAI/2024/1858,Charita Sha
KAR/CHI/2024/1859,Advaith Dewan
KAR/BAL/2024/1860,Ishanvi Shroff
KAR/SHI/2024/1861,Anika Bhavsar
KAR/BEN/2024/1862,Champak Srivastava
KAR/BEN/2024/1863,Shivani Baral
KAR/BEN/2024/1864,Dakshesh Vala
KAR/MAN/2024/1865,Arjun Wadhwa
KAR/BEN/2024/1866,Zinal Lall
KAR/UDU/2024/1867,Jalsa Goswami
KAR/KOL/2024/1868,Tarak Ramanathan
KAR/BAL/2024/1869,Logan Swaminathan
KAR/BEN/2024/1870,Liam Brar
KAR/BEN/2024/1871,Chakradhar Kata
KAR/BEN/2024/1872,Ekavir Memon
KAR/BEN/2024/1873,Aarna Varma
KAR/SHI/2024/1874,Baljiwan Narasimhan
KAR/BEN/2024/1875,Aarini Rajagopal
KAR/BAL/2024/1876,Naveen Bava
KAR/DAV/2024/1877,Vedika Mane
KAR/HUB/2024/1878,Aayush Bassi
KAR/CHI/2024/1879,Jack Chandra
KAR/MAN/2024/1880,Varsha Mannan
KAR/BEN/2024/1881,Charles Venkataraman
KAR/MAN/2024/1882,Girindra Deshmukh
KAR/BEN/2024/1883,Fariq Agarwal
KAR/BEN/2024/1884,Sneha Rao
KAR/MAN/2024/1885,Mason Mody
KAR/VIJ/2024/1886,Elijah Pall
KAR/SHI/2024/1887,Bachittar Sarkar
KAR/UDU/2024/1888,Kamya Munshi
KAR/BEN/2024/1889,Bishakha Varghese
KAR/BEN/2024/1890,Pushti Chaudhuri
KAR/UDU/2024/1891,Rudra Brahmbhatt
KAR/BEN/2024/1892,Nandini Srinivas
KAR/BEN/2024/1893,Vasudha Wagle
KAR/BEN/2024/1894,Sanaya Barman
KAR/CHI/2024/1895,Shivani Sule
KAR/HAS/2024/1896,Edhitha Dugar
KAR/BEN/2024/1897,Ubika Desai
KAR/BEN/2024/1898,Jalsa Baral
KAR/KOP/2024/1899,Avi Agarwal
KAR/BEN/2024/1900,Abha Rai
KAR/BEN/2024/1901,Vincent Bail
KAR/BEN/2024/1902,Bishakha Shanker
KAR/MAN/2024/1903,Jyoti Raman
KAR/UDU/2024/1904,Ansh Nair
KAR/BEN/2024/1905,Onkar Saraf
KAR/RAI/2024/1906,Arya Dayal
KAR/BEN/2024/1907,Maanav Suri
KAR/HUB/2024/1908,Ekbal Gour
KAR/BEN/2024/1909,Saumya Nagi
KAR/BEN/2024/1910,Joshua Malhotra
KAR/CHI/2024/1911,Balhaar Sankaran
KAR/KOP/2024/1912,Chaitaly Raghavan
KAR/BEL/2024/1913,Ranveer Mand
KAR/BAL/2024/1914,Ekapad Yohannan
KAR/MAN/2024/1915,Kiaan Borra
KAR/BEN/2024/1916,Advay Sankaran
KAR/BAL/2024/1917,Leela Doctor
KAR/MAN/2024/1918,William D’Alia
KAR/RAI/2024/1919,Ishanvi Jaggi
KAR/KAL/2024/1920,Ekaraj Sant
KAR/KOP/2024/1921,Hredhaan Ganesan
KAR/KOL/2024/1922,Abdul Doctor
KAR/KOP/2024/1923,Chandresh Date
KAR/HAS/2024/1924,Harinakshi Om
KAR/BAL/2024/1925,Sarthak Munshi
KAR/BAL/2024/1926,Ria Mohan
KAR/BEN/2024/1927,Hemal Anand
KAR/MAN/2024/1928,Ojas Krishnan
KAR/RAI/2024/1929,Anvi Nori
KAR/HAS/2024/1930,Simon Bala
KAR/MAN/2024/1931,Agastya Goda
KAR/MAN/2024/1932,Arunima Sethi
KAR/KOP/2024/1933,Onveer Pau
KAR/BEL/2024/1934,Champak Vora
KAR/BEN/2024/1935,Rachita Balasubramanian
KAR/BID/2024/1936,Jyoti Deo
KAR/TUM/2024/1937,Geetika Vig
KAR/RAI/2024/1938,Vansha Mand
KAR/MYS/2024/1939,Amol Yogi
KAR/KOL/2024/1940,Ikshita Barman
KAR/BEN/2024/1941,Balhaar Narula
KAR/SHI/2024/1942,Ikshita Sastry
KAR/BEN/2024/1943,Arya Bali
KAR/VIJ/2024/1944,Neel Palan
KAR/BEN/2024/1945,Ekapad Taneja
KAR/BAL/2024/1946,Anthony Konda
KAR/KOL/2024/1947,Nilima Warrior
KAR/RAI/2024/1948,Anita Batta
KAR/MAN/2024/1949,Nisha Bandi
KAR/BID/2024/1950,Pranit Golla
KAR/DAV/2024/1951,Bhavika Upadhyay
KAR/BEN/2024/1952,Xiti Mangal
KAR/BEN/2024/1953,Anvi Samra
KAR/BEN/2024/1954,Gaurav Deol
KAR/BEN/2024/1955,Devansh Jha
KAR/HUB/2024/1956,Ridhi Bhatt
KAR/BEN/2024/1957,Priya Raman
KAR/SHI/2024/1958,Urvi Desai
KAR/RAI/2024/1959,Maanas Tank
KAR/DAV/2024/1960,Pratyush Chahal
KAR/BEN/2024/1961,Ekta Saxena
KAR/KAL/2024/1962,Triveni Kade
KAR/BEN/2024/1963,Jai Mander
KAR/KOL/2024/1964,Harinakshi Kibe
KAR/BEN/2024/1965,Rachana Kunda
KAR/VIJ/2024/1966,Baghyawati Halder
KAR/BEN/2024/1967,Zaid Aurora
KAR/CHI/2024/1968,Pratyush Chanda
KAR/DAV/2024/1969,Ronith Dyal
KAR/MAN/2024/1970,Tanmayi Sibal
KAR/SHI/2024/1971,Balendra Choudhury
KAR/BID/2024/1972,Chandresh Pillai
KAR/BEL/2024/1973,Fariq Swaminathan
KAR/TUM/2024/1974,Brijesh Tripathi
KAR/BEL/2024/1975,Tejas Sheth
KAR/BEN/2024/1976,Nathaniel Natt
KAR/BEN/2024/1977,Aachal Chawla
KAR/BEN/2024/1978,Kamya Rastogi
KAR/TUM/2024/1979,Mohammed Dutt
KAR/MAN/2024/1980,Omya Venkataraman
KAR/HUB/2024/1981,Sarthak Luthra
KAR/BEN/2024/1982,Gaurangi Bakshi
KAR/BEN/2024/1983,Aashi Shankar
KAR/KAL/2024/1984,Chandani Chakraborty
KAR/RAI/2024/1985,Balveer Dar
KAR/MAN/2024/1986,Imaran Luthra
KAR/KAL/2024/1987,Dev Parmar
KAR/TUM/2024/1988,Yutika Kohli
KAR/MAN/2024/1989,Vasana Oza
KAR/BAL/2024/1990,Xavier Sawhney
KAR/BAL/2024/1991,Nisha Varughese
KAR/BEN/2024/1992,Vasatika Balay
KAR/VIJ/2024/1993,Xavier Lanka
KAR/BEN/2024/1994,Triya Raja
KAR/UDU/2024/1995,Barkha Merchant
KAR/UDU/2024/1996,Isaac Gour
KAR/RAI/2024/1997,Wridesh Sastry
KAR/BEN/2024/1998,Udarsh Joshi
KAR/BEN/2024/1999,Anmol Kohli
KAR/KOP/2024/2000,Geetika Walla
KAR/BEN/2024/2001,Bakhshi Subramanian
KAR/BAL/2024/2002,Rehaan Pau
KAR/BEN/2024/2003,Mason D’Alia
KAR/SHI/2024/2004,Jagat Mani
KAR/MAN/2024/2005,Neelima Rau
KAR/BEN/2024/2006,Nandini Oak
KAR/MYS/2024/2007,Shivani Edwin
KAR/BEN/2024/2008,Chanakya Dugar
KAR/TUM/2024/2009,Laksh Nath
KAR/BAL/2024/2010,Charan Chaudhry
KAR/BEN/2024/2011,Adweta Hayre
KAR/BID/2024/2012,Advay Sur
KAR/MAN/2024/2013,Jasmit Mistry
KAR/KOP/2024/2014,Shivani Nayar
KAR/CHI/2024/2015,Kritika Munshi
KAR/VIJ/2024/2016,Timothy Shan
KAR/KAL/2024/2017,Ekantika Taneja
KAR/BEN/2024/2018,Advay Khatri
KAR/BID/2024/2019,Ikbal Raman
KAR/MAN/2024/2020,Yug Hora
KAR/BEL/2024/2021,Nathaniel Chaudhari
KAR/CHI/2024/2022,Mekhala Anne
KAR/KOL/2024/2023,Samaksh Dash
KAR/SHI/2024/2024,Vidhi Gola
KAR/SHI/2024/2025,Veer Mannan
KAR/TUM/2024/2026,Wakeeta Oak
KAR/BEN/2024/2027,Advik Prabhakar
KAR/BEN/2024/2028,Jack Bhatt
KAR/BEL/2024/2029,Bakhshi Chaudry
KAR/BEL/2024/2030,Gavin Sharaf
KAR/KOL/2024/2031,Kabir Walia
KAR/BEL/2024/2032,Zilmil Issac
KAR/MAN/2024/2033,Yuvraj Mann
KAR/RAI/2024/2034,Tanish Chawla
KAR/BEN/2024/2035,Ekalinga Choudhary
KAR/BEN/2024/2036,Isaac Sani
KAR/RAI/2024/2037,Rayaan Kata
KAR/HUB/2024/2038,Ubika Sridhar
KAR/UDU/2024/2039,Logan Luthra
KAR/BEN/2024/2040,Umang Nagi
KAR/BEN/2024/2041,Kalpit Bhasin
KAR/CHI/2024/2042,Ranbir Das
KAR/HAS/2024/2043,Yachana Shere
KAR/BEN/2024/2044,Oviya Bera
KAR/KOP/2024/2045,Raghav Zacharia
KAR/BEN/2024/2046,Vihaan Shankar
KAR/BEN/2024/2047,Sara Raval
KAR/KAL/2024/2048,Simon Dara
KAR/MYS/2024/2049,Chaman Mital
KAR/BEN/2024/2050,Ishaan Guha
KAR/BEN/2024/2051,Hritik Bajwa
KAR/BEN/2024/2052,Farhan Banik
KAR/MAN/2024/2053,Agastya Goswami
KAR/BEN/2024/2054,Chanakya Deol
KAR/BEN/2024/2055,Nandini Gola
KAR/BEN/2024/2056,Ati Behl
KAR/UDU/2024/2057,Tristan Nagarajan
KAR/KOP/2024/2058,Jack Batta
KAR/KOL/2024/2059,Keya Choudhury
KAR/KOL/2024/2060,Chanchal Borde
KAR/CHI/2024/2061,Gautam Nagarajan
KAR/BEN/2024/2062,Ikshita Dara
KAR/BEN/2024/2063,Jagdish Wason
KAR/BEN/2024/2064,Dominic Yohannan
KAR/BEN/2024/2065,Saksham Kaul
KAR/SHI/2024/2066,David Krishnamurthy
KAR/CHI/2024/2067,Alka Nayak
KAR/BEN/2024/2068,Vinaya Anand
KAR/BEL/2024/2069,Quincy Magar
KAR/BID/2024/2070,Tanay Master
KAR/BEN/2024/2071,Kashvi Ranganathan
KAR/HUB/2024/2072,Kalpit Sawhney
KAR/MAN/2024/2073,Omisha Kohli
KAR/KAL/2024/2074,Luke Menon
KAR/BEN/2024/2075,Rudra Suresh
KAR/MYS/2024/2076,Damyanti Rana
KAR/MAN/2024/2077,Indira Dhillon
KAR/TUM/2024/2078,Alka Dugar
KAR/BAL/2024/2079,Ekavir Shan
KAR/MYS/2024/2080,Lila Devan
KAR/MYS/2024/2081,Omya Barad
KAR/DAV/2024/2082,Ekta Tella
KAR/BEN/2024/2083,Vidhi Gokhale
KAR/BEN/2024/2084,Zayyan Toor
KAR/MYS/2024/2085,Yashawini Gera
KAR/HAS/2024/2086,Noah Grewal
KAR/BEN/2024/2087,Mason Samra
KAR/TUM/2024/2088,Oviya Badal
KAR/BEN/2024/2089,Brijesh Virk
KAR/TUM/2024/2090,Sarthak Dayal
KAR/KAL/2024/2091,Lila Parmer
KAR/BEN/2024/2092,Wakeeta Kalla
KAR/BEL/2024/2093,Rajeshri Halder
KAR/BID/2024/2094,Lekha Cherian
KAR/RAI/2024/2095,Samarth Deol
KAR/HAS/2024/2096,Oni Garg
KAR/KOL/2024/2097,Nisha Salvi
KAR/RAI/2024/2098,Rachita Bora
KAR/HUB/2024/2099,Jackson Soman
KAR/KOP/2024/2100,Gaurangi Kibe
KAR/DAV/2024/2101,Tanish Thaker
KAR/BID/2024/2102,Tamanna Bala
KAR/RAI/2024/2103,Yatan Naik
KAR/KAL/2024/2104,Ikshita Varkey
KAR/SHI/2024/2105,Guneet Borah
KAR/BAL/2024/2106,Qushi Acharya
KAR/CHI/2024/2107,Isaac Keer
KAR/KAL/2024/2108,Aadi Gaba
KAR/KOL/2024/2109,Arya Sunder
KAR/KOL/2024/2110,Fitan Aurora
KAR/DAV/2024/2111,Charles Narain
KAR/BEN/2024/2112,Abhiram Karan
KAR/BEN/2024/2113,Devansh Dalal
KAR/BEN/2024/2114,Darpan Sachar
KAR/KAL/2024/2115,Advik Aggarwal
KAR/MAN/2024/2116,Qarin Sanghvi
KAR/BEN/2024/2117,Elijah Ahluwalia
KAR/DAV/2024/2118,Matthew Tella
KAR/RAI/2024/2119,Radhika Chad
KAR/KOP/2024/2120,Girish Gaba
KAR/BEN/2024/2121,Vivaan Agrawal
KAR/RAI/2024/2122,Balveer Zachariah
KAR/BEL/2024/2123,Jack Swaminathan
KAR/SHI/2024/2124,Azaan Sarna
KAR/VIJ/2024/2125,Nihal Madan
KAR/BID/2024/2126,Alka Dutt
KAR/MAN/2024/2127,Ethan Virk
KAR/BEL/2024/2128,Vrinda Nagy
KAR/MYS/2024/2129,Amaira Vohra
KAR/BAL/2024/2130,Upkaar Bhakta
KAR/VIJ/2024/2131,Vanya Swaminathan
KAR/RAI/2024/2132,Harinakshi Chauhan
KAR/BEN/2024/2133,Harshil Kaul
KAR/BEN/2024/2134,Akshay Sur
KAR/BEN/2024/2135,Raksha Borde
KAR/KOL/2024/2136,Ijaya Som
KAR/CHI/2024/2137,Indrajit Mane
KAR/KOP/2024/2138,Dayita Vala
KAR/BEN/2024/2139,Tanay Dhar
KAR/BEN/2024/2140,Finn Chandran
KAR/BEN/2024/2141,Tanvi Varghese
KAR/HUB/2024/2142,Balvan Dani
KAR/BEN/2024/2143,Gopal Sengupta
KAR/BEN/2024/2144,Urvi Ghose
KAR/BID/2024/2145,Eiravati Mani
KAR/VIJ/2024/2146,Ranbir Pillai
KAR/BEN/2024/2147,Amara Kaul
KAR/BEL/2024/2148,Champak Rama
KAR/MAN/2024/2149,Liam Borde
KAR/BEL/2024/2150,Max Prasad
KAR/BID/2024/2151,Tarak Saini
KAR/BEN/2024/2152,Kavya Dewan
KAR/KAL/2024/2153,Diya Kade
KAR/SHI/2024/2154,Krisha Mutti
KAR/BEN/2024/2155,Qasim Hayre
KAR/HAS/2024/2156,Jagdish Narayanan
KAR/HUB/2024/2157,Xiti Lad
KAR/TUM/2024/2158,Victor Bir
KAR/HAS/2024/2159,Owen Savant
KAR/CHI/2024/2160,Oscar Ray
KAR/SHI/2024/2161,Devika Doctor
KAR/KOP/2024/2162,Azad Bahri
KAR/BEN/2024/2163,Tanay Bath
KAR/BEN/2024/2164,Hema Bhakta
KAR/TUM/2024/2165,Megha Mander
KAR/KAL/2024/2166,Jagrati Dutt
KAR/BEN/2024/2167,Hemangini Deo
KAR/BEN/2024/2168,Frado Agarwal
KAR/BEN/2024/2169,Aadhya Prasad
KAR/MAN/2024/2170,Warjas Lad
KAR/BEN/2024/2171,Yashasvi Amble
KAR/HUB/2024/2172,Urmi Gupta
KAR/BEN/2024/2173,Gautami Choudhary
KAR/HUB/2024/2174,Advay Desai
KAR/SHI/2024/2175,Pavani Varma
KAR/BEN/2024/2176,Amara Gara
KAR/TUM/2024/2177,Rajeshri Warrior
KAR/BEN/2024/2178,Pooja Dora
KAR/SHI/2024/2179,Rushil Raghavan
KAR/UDU/2024/2180,Samaksh Sen
KAR/RAI/2024/2181,Warda Saini
KAR/UDU/2024/2182,Yachana Kapur
KAR/BEN/2024/2183,Orinder Chadha
KAR/BEN/2024/2184,Ekansh Pal
KAR/MAN/2024/2185,Kamala Pai
KAR/BAL/2024/2186,Ekapad Bhatnagar
KAR/DAV/2024/2187,Akshay Jani
KAR/HUB/2024/2188,Tanay Dewan
KAR/KOL/2024/2189,Jeremiah Madan
KAR/BEL/2024/2190,Shivani Arya
KAR/BEN/2024/2191,Jhalak Bhagat
KAR/RAI/2024/2192,Janani Ravel
KAR/SHI/2024/2193,Aashi Prasad
KAR/SHI/2024/2194,Luke Chad
KAR/KAL/2024/2195,Advaith Om
KAR/UDU/2024/2196,Zilmil Khosla
KAR/BEN/2024/2197,Chanchal Varghese
KAR/BEN/2024/2198,Bhanumati Palan
KAR/VIJ/2024/2199,Chameli Behl
KAR/BEN/2024/2200,Damini Babu
KAR/CHI/2024/2201,Jagat Badami
KAR/BEN/2024/2202,Urvashi Ahluwalia
KAR/BEL/2024/2203,Kamya Thaker
KAR/HUB/2024/2204,Pratyush Manne
KAR/RAI/2024/2205,Wazir Narang
KAR/VIJ/2024/2206,Bhanumati Samra
KAR/BEL/2024/2207,Ishaan Dixit
KAR/CHI/2024/2208,Yadavi Chauhan
KAR/BEN/2024/2209,Aayush Dua
KAR/TUM/2024/2210,Bhavna Bajaj
KAR/DAV/2024/2211,Azaan Saran
KAR/MYS/2024/2212,Urvashi Warrior
KAR/MYS/2024/2213,Atharv Gade
KAR/HUB/2024/2214,Manan Guha
KAR/TUM/2024/2215,Baljiwan Dugar
KAR/BEN/2024/2216,Kai Madan
KAR/BEN/2024/2217,Ekta Hans
KAR/BEN/2024/2218,Zehaan Chopra
KAR/BEN/2024/2219,Pooja Sunder
KAR/BEL/2024/2220,Ekapad Dani
KAR/KAL/2024/2221,Adweta Rajan
KAR/BEN/2024/2222,Kiaan Sidhu
KAR/CHI/2024/2223,Balhaar Chaudhuri
KAR/KAL/2024/2224,Warinder Kara
KAR/BEN/2024/2225,Janani Sidhu
KAR/KOP/2024/2226,Chavvi Kumer
KAR/DAV/2024/2227,Prisha Talwar
KAR/BEN/2024/2228,Aayush Lad
KAR/TUM/2024/2229,Udant Sawhney
KAR/HUB/2024/2230,Urvashi Mani
KAR/VIJ/2024/2231,Nitesh Butala
KAR/MYS/2024/2232,Nathan Sachdeva
KAR/DAV/2024/2233,Harita Vig
KAR/CHI/2024/2234,Gauri Sama
KAR/VIJ/2024/2235,Farhan Ganesh
KAR/DAV/2024/2236,Harish Shenoy
KAR/BID/2024/2237,Madhav Chanda
KAR/MAN/2024/2238,Kai Srivastava
KAR/KOL/2024/2239,Siddharth Batra
KAR/BEN/2024/2240,Amara Sethi
KAR/KOP/2024/2241,Lajita Narula
KAR/HAS/2024/2242,Jeremiah Saran
KAR/BEN/2024/2243,Yatin Walia
KAR/BEL/2024/2244,Kevin Venkataraman
KAR/BID/2024/2245,Dalbir Maharaj
KAR/KOL/2024/2246,Luke Sur
KAR/UDU/2024/2247,Ryan Krish
KAR/BEN/2024/2248,Kashish Gopal
KAR/KAL/2024/2249,Ryan Lad
KAR/BEN/2024/2250,Fitan Lall
KAR/BEN/2024/2251,Charan Solanki
KAR/HAS/2024/2252,Naksh Minhas
KAR/MYS/2024/2253,Pratyush Narain
KAR/BEN/2024/2254,Mohammed Wagle
KAR/TUM/2024/2255,Daksha Lalla
KAR/DAV/2024/2256,Kashish Kumer
KAR/BEN/2024/2257,Madhavi Lad
KAR/BEN/2024/2258,Zashil Kothari
KAR/VIJ/2024/2259,Tanish Mitter
KAR/BEN/2024/2260,Vrinda Dixit
KAR/BEN/2024/2261,Upma Kamdar
KAR/RAI/2024/2262,Dominic Gokhale
KAR/TUM/2024/2263,Falguni Shankar
KAR/HAS/2024/2264,Vivaan Amble
KAR/BEN/2024/2265,Jackson Balay
KAR/KOP/2024/2266,Luke Mahal
KAR/BAL/2024/2267,Shaurya Nayar
KAR/BEN/2024/2268,Dominic Banerjee
KAR/DAV/2024/2269,Banjeet Sundaram
KAR/BEN/2024/2270,Chandani Balan
KAR/BEN/2024/2271,Priya Vig
KAR/VIJ/2024/2272,Panini Singhal
KAR/TUM/2024/2273,Frederick Lad
KAR/HAS/2024/2274,Jagat Goswami
KAR/RAI/2024/2275,Gabriel Pau
KAR/KOL/2024/2276,Vedika Lad
KAR/MYS/2024/2277,Jacob Dass
KAR/BID/2024/2278,Dhriti Johal
KAR/BEN/2024/2279,Thomas Muni
KAR/BAL/2024/2280,Chandresh Borde
KAR/UDU/2024/2281,Arya Bose
KAR/DAV/2024/2282,Nikita Kothari
KAR/BEN/2024/2283,Nathan Pandit
KAR/BEN/2024/2284,Yachana Buch
KAR/HAS/2024/2285,Krishna Dhar
KAR/BEN/2024/2286,Ekanta Balasubramanian
KAR/HUB/2024/2287,Vasudha Baral
KAR/DAV/2024/2288,Imaran Mishra
KAR/SHI/2024/2289,Reyansh Magar
KAR/HUB/2024/2290,Jacob Modi
KAR/KOP/2024/2291,Yug Nadkarni
KAR/BEN/2024/2292,Karan Kanda
KAR/BEN/2024/2293,Shaurya Gole
KAR/KOL/2024/2294,Ladli Natt
KAR/BEN/2024/2295,Anya Varty
KAR/BEN/2024/2296,Balveer Nayar
KAR/BEN/2024/2297,Jai Barman
KAR/BEN/2024/2298,Shivani Garg
KAR/MYS/2024/2299,Kabir Choudhary
KAR/KOP/2024/2300,Dipta Bala
KAR/KOL/2024/2301,Anirudh Pau
KAR/TUM/2024/2302,Veer Mangat
KAR/BEN/2024/2303,Owen More
KAR/KOP/2024/2304,Jyoti Jhaveri
KAR/BEN/2024/2305,Chandani Upadhyay
KAR/BEN/2024/2306,Lopa Gill
KAR/HUB/2024/2307,Baljiwan Mistry
KAR/VIJ/2024/2308,Hardik Karan
KAR/DAV/2024/2309,Ekanta Dugar
KAR/HUB/2024/2310,Gautam Solanki
KAR/BEN/2024/2311,Dhriti Mukhopadhyay
KAR/KOP/2024/2312,Imaran Deshpande
KAR/MAN/2024/2313,Urishilla Maharaj
KAR/BEN/2024/2314,Pranav Chand
KAR/VIJ/2024/2315,Aryan Bhat
KAR/MYS/2024/2316,Fitan Borra
KAR/DAV/2024/2317,Samar Chaudhari
KAR/KAL/2024/2318,Onkar Pradhan
KAR/BEN/2024/2319,Faras Kari
KAR/KOP/2024/2320,Bhavani Handa
KAR/MYS/2024/2321,Ganga Shroff
KAR/BAL/2024/2322,Ria Karnik
KAR/MYS/2024/2323,Zashil Sibal
KAR/BEN/2024/2324,Siddharth D’Alia
KAR/CHI/2024/2325,Kai Mohanty
KAR/TUM/2024/2326,Ikbal Gaba
KAR/BEL/2024/2327,Ekaja Trivedi
KAR/RAI/2024/2328,Jeremiah Chowdhury
KAR/RAI/2024/2329,Nandini Amble
KAR/BEN/2024/2330,Ikshita Raman
KAR/MAN/2024/2331,Dev Mutti
KAR/TUM/2024/2332,Garima Swamy
KAR/BEN/2024/2333,Yatin Swaminathan
KAR/BAL/2024/2334,Azad Tank
KAR/MYS/2024/2335,Krish Gara
KAR/BEN/2024/2336,Meera Zachariah
KAR/BEN/2024/2337,Dev Ram
KAR/BEL/2024/2338,Neha Naik
KAR/SHI/2024/2339,Sarthak Choudhry
KAR/BEN/2024/2340,Ishwar Nayak
KAR/BEN/2024/2341,Neha Vig
KAR/BEN/2024/2342,Kalpit Sahni
KAR/BEN/2024/2343,Patrick Khalsa
KAR/BEN/2024/2344,Omisha Malhotra
KAR/HAS/2024/2345,Ronith Amble
KAR/BID/2024/2346,Ati Munshi
KAR/BEN/2024/2347,Saumya Dave
KAR/BEN/2024/2348,Gaurav Varughese
KAR/BEN/2024/2349,Vihaan Panchal
KAR/DAV/2024/2350,Jai Narain
KAR/BEN/2024/2351,Omya Wagle
KAR/KAL/2024/2352,Mekhala Shenoy
KAR/BEN/2024/2353,Ranbir Kuruvilla
KAR/DAV/2024/2354,Laksh Pandya
KAR/VIJ/2024/2355,Radha Banerjee
KAR/HAS/2024/2356,Dakshesh Tella
KAR/HAS/2024/2357,Darpan Bose
KAR/BEN/2024/2358,Eesha Srivastava
KAR/UDU/2024/2359,Megha Biswas
KAR/CHI/2024/2360,Jhalak Parekh
KAR/MYS/2024/2361,Lipika Sengupta
KAR/BAL/2024/2362,Niharika Mangal
KAR/BEN/2024/2363,Udyati Sekhon
KAR/HAS/2024/2364,Hitesh Grewal
KAR/BAL/2024/2365,Maanav Salvi
KAR/UDU/2024/2366,Kabir Bala
KAR/RAI/2024/2367,Jason Rai
KAR/DAV/2024/2368,Dakshesh Chacko
KAR/VIJ/2024/2369,Ekansh Shere
KAR/BEN/2024/2370,Jai Sani
KAR/BEN/2024/2371,Osha Sridhar
KAR/KOL/2024/2372,Kevin Thaker
KAR/SHI/2024/2373,Daniel Sawhney
KAR/BAL/2024/2374,Yochana Agate
KAR/BEN/2024/2375,Aradhana Contractor
KAR/BEN/2024/2376,Rehaan Solanki
KAR/VIJ/2024/2377,Yahvi Deo
KAR/VIJ/2024/2378,Watika Natarajan
KAR/BEN/2024/2379,Chandran Wagle
KAR/KAL/2024/2380,Praneel Date
KAR/BEN/2024/2381,Udarsh Hans
KAR/KOP/2024/2382,Balveer Venkataraman
KAR/MYS/2024/2383,Manbir Trivedi
KAR/HUB/2024/2384,Aarush Uppal
KAR/BEN/2024/2385,Laban Pingle
KAR/BAL/2024/2386,Anika Chakrabarti
KAR/UDU/2024/2387,Aarnav Bakshi
KAR/CHI/2024/2388,Osha Nath
KAR/BEN/2024/2389,Dalbir Tailor
KAR/BEN/2024/2390,Dipta Sama
KAR/BID/2024/2391,Charvi Mannan
KAR/SHI/2024/2392,Elijah Barad
KAR/BEN/2024/2393,Qasim Shankar
KAR/BEN/2024/2394,Madhavi Guha
KAR/MAN/2024/2395,Pahal Balasubramanian
KAR/KOL/2024/2396,Krishna Kota
KAR/BEN/2024/2397,Udant Ganesan
KAR/RAI/2024/2398,Brinda Suri
KAR/KAL/2024/2399,Anya Sharma
KAR/BEN/2024/2400,Vaishnavi Devan
KAR/BEN/2024/2401,Kevin Bassi
KAR/BEN/2024/2402,Yatin Keer
KAR/BAL/2024/2403,Xalak Borah
KAR/RAI/2024/2404,Edhitha Puri
KAR/BEN/2024/2405,Ojas Sunder
KAR/BEL/2024/2406,Tanay Mane
KAR/BEN/2024/2407,Advik Raj
KAR/RAI/2024/2408,Harinakshi Gupta
KAR/BEN/2024/2409,Aayush Contractor
KAR/VIJ/2024/2410,Ikshita Pingle
KAR/BEN/2024/2411,Sanaya Mutti
KAR/TUM/2024/2412,Kashish Kapadia
KAR/BEN/2024/2413,Vincent Sahni
KAR/KOL/2024/2414,Anthony Chana
KAR/BEN/2024/2415,Advik Borra
KAR/UDU/2024/2416,Deepa D’Alia
KAR/TUM/2024/2417,Advay Yadav
KAR/KOL/2024/2418,Umang Khosla
KAR/VIJ/2024/2419,Vasana Sagar
KAR/BEN/2024/2420,Amruta Srinivasan
KAR/BEN/2024/2421,Matthew Saran
KAR/BEN/2024/2422,Radha Wason
KAR/MAN/2024/2423,Vrishti Palla
KAR/BEN/2024/2424,Pranit Pandey
KAR/BID/2024/2425,Lakshmi Raj
KAR/KOL/2024/2426,Tanmayi Dutta
KAR/BAL/2024/2427,Yuvraj Saran
KAR/MAN/2024/2428,Guneet Sridhar
KAR/BEN/2024/2429,Falguni Virk
KAR/BEN/2024/2430,Aryan Grewal
KAR/BEN/2024/2431,Jagvi Rai
KAR/HAS/2024/2432,Aarini Chakraborty
KAR/BEN/2024/2433,Vyanjana Grewal
KAR/BAL/2024/2434,Arin Mangal
KAR/BEN/2024/2435,Bina Tella
KAR/MYS/2024/2436,Lila Shenoy
KAR/BEN/2024/2437,Madhav Arya
KAR/SHI/2024/2438,Harrison Dyal
KAR/RAI/2024/2439,Vedant Sabharwal
KAR/DAV/2024/2440,Sarthak Raval
KAR/TUM/2024/2441,Maanav Lall
KAR/BEN/2024/2442,Dalaja Varma
KAR/BEN/2024/2443,Chandran Mander
KAR/BEN/2024/2444,Keya Barman
KAR/BEN/2024/2445,Warda Kapur
KAR/SHI/2024/2446,Prisha Cheema
KAR/MYS/2024/2447,Lakshit Nori
KAR/BEN/2024/2448,Omya Madan
KAR/BEN/2024/2449,Arjun Sengupta
KAR/HAS/2024/2450,Aarnav Kant
KAR/DAV/2024/2451,Hemangini Bhandari
KAR/BEN/2024/2452,Lakshmi Bala
KAR/BID/2024/2453,Nathan Jha
KAR/UDU/2024/2454,Manya Deep
KAR/HUB/2024/2455,Anjali Mukhopadhyay
KAR/SHI/2024/2456,Aarna Krishna
KAR/VIJ/2024/2457,Xavier Bal
KAR/HAS/2024/2458,Elijah Saini
KAR/BAL/2024/2459,Shivansh Deshpande
KAR/MAN/2024/2460,Amaira Loke
KAR/VIJ/2024/2461,Ekanta Jain
KAR/BEN/2024/2462,Karan Nazareth
KAR/KAL/2024/2463,Aarush Issac
KAR/KOP/2024/2464,Manya Edwin
KAR/DAV/2024/2465,Tejas Chaudhry
KAR/BEN/2024/2466,Girindra Dave
KAR/TUM/2024/2467,Zehaan Nigam
KAR/TUM/2024/2468,Ijaya Chandran
KAR/RAI/2024/2469,Rachana Viswanathan
KAR/MAN/2024/2470,Ikbal Kaur
KAR/BEL/2024/2471,David Dubey
KAR/BEN/2024/2472,Caleb Babu
KAR/BEN/2024/2473,Parth Sharma
KAR/BEN/2024/2474,Hitesh Bala
KAR/MAN/2024/2475,Lakshit Dubey
KAR/MYS/2024/2476,Liam Korpal
KAR/BEN/2024/2477,Teerth Arya
KAR/BEN/2024/2478,Abhiram Varughese
KAR/BEN/2024/2479,Netra Arya
KAR/BEN/2024/2480,Jagrati Rao
KAR/BEN/2024/2481,Michael Suri
KAR/BEN/2024/2482,Gunbir Chawla
KAR/HAS/2024/2483,Gayathri Bava
KAR/SHI/2024/2484,Luke Dugar
KAR/BAL/2024/2485,Ishwar Nazareth
KAR/BEN/2024/2486,Yashoda Varma
KAR/KOL/2024/2487,Faraj Bose
KAR/HUB/2024/2488,Saksham Chand
KAR/BEN/2024/2489,Bhavna Ghose
KAR/UDU/2024/2490,Leela Rastogi
KAR/MAN/2024/2491,Yashodhara Prasad
KAR/KOL/2024/2492,Praneel Dass
KAR/RAI/2024/2493,Bhavika Nagar
KAR/RAI/2024/2494,Kala Som
KAR/VIJ/2024/2495,Ishwar Rama
KAR/VIJ/2024/2496,Chanakya Kunda
KAR/BEL/2024/2497,Ojasvi Magar
KAR/UDU/2024/2498,Geetika Wason
KAR/BEN/2024/2499,Pallavi Khalsa
KAR/BEN/2024/2500,Liam Ghose
