AccusedMasterID,CaseMasterID,AccusedName,AgeYear,GenderID,PersonID
1,1,Unknown Suspect,37,1,A1
3,2,Unknown Suspect,47,1,A1
5,3,Unknown Suspect,43,1,A1
7,4,Unknown Suspect,24,1,A1
9,5,Unknown Suspect,25,1,A1
11,6,Unknown Suspect,26,1,A1
13,7,Unknown Suspect,25,1,A1
15,8,Unknown Suspect,42,1,A1
17,9,Unknown Suspect,26,1,A1
19,10,Unknown Suspect,22,1,A1
21,11,Unknown Suspect,24,1,A1
23,12,Unknown Suspect,34,1,A1
25,13,Unknown Suspect,33,1,A1
27,14,Unknown Suspect,35,1,A1
29,15,Unknown Suspect,37,1,A1
31,16,Unknown Suspect,30,1,A1
33,17,Unknown Suspect,25,1,A1
35,18,Unknown Suspect,46,1,A1
37,19,Unknown Suspect,32,1,A1
39,20,Unknown Suspect,29,1,A1
41,21,Unknown Suspect,42,1,A1
43,22,Unknown Suspect,30,1,A1
45,23,Unknown Suspect,29,1,A1
47,24,Unknown Suspect,42,1,A1
49,25,Unknown Suspect,32,1,A1
51,26,Unknown Suspect,28,1,A1
53,27,Unknown Suspect,48,1,A1
55,28,Unknown Suspect,45,1,A1
57,29,Unknown Suspect,40,1,A1
59,30,Unknown Suspect,48,1,A1
61,31,Unknown Suspect,27,1,A1
63,32,Unknown Suspect,48,1,A1
65,33,Unknown Suspect,26,1,A1
67,34,Unknown Suspect,32,1,A1
69,35,Unknown Suspect,30,1,A1
71,36,Unknown Suspect,44,1,A1
73,37,Unknown Suspect,40,1,A1
75,38,Unknown Suspect,45,1,A1
77,39,Unknown Suspect,23,1,A1
79,40,Unknown Suspect,23,1,A1
81,41,Unknown Suspect,39,1,A1
83,42,Unknown Suspect,34,1,A1
85,43,Unknown Suspect,42,1,A1
87,44,Unknown Suspect,42,1,A1
89,45,Unknown Suspect,29,1,A1
91,46,Unknown Suspect,26,1,A1
93,47,Unknown Suspect,28,1,A1
95,48,Unknown Suspect,32,1,A1
97,49,Unknown Suspect,22,1,A1
99,50,Unknown Suspect,48,1,A1
101,51,Unknown Suspect,22,1,A1
103,52,Unknown Suspect,43,1,A1
105,53,Unknown Suspect,24,1,A1
107,54,Unknown Suspect,22,1,A1
109,55,Unknown Suspect,40,1,A1
111,56,Unknown Suspect,24,1,A1
113,57,Unknown Suspect,40,1,A1
115,58,Unknown Suspect,36,1,A1
117,59,Unknown Suspect,30,1,A1
119,60,Unknown Suspect,41,1,A1
121,61,Unknown Suspect,33,1,A1
123,62,Unknown Suspect,36,1,A1
125,63,Unknown Suspect,38,1,A1
127,64,Unknown Suspect,47,1,A1
129,65,Unknown Suspect,22,1,A1
131,66,Unknown Suspect,35,1,A1
133,67,Unknown Suspect,23,1,A1
135,68,Unknown Suspect,31,1,A1
137,69,Unknown Suspect,29,1,A1
139,70,Unknown Suspect,47,1,A1
141,71,Unknown Suspect,23,1,A1
143,72,Unknown Suspect,43,1,A1
145,73,Unknown Suspect,35,1,A1
147,74,Unknown Suspect,40,1,A1
149,75,Unknown Suspect,38,1,A1
151,76,Unknown Suspect,41,1,A1
153,77,Unknown Suspect,25,1,A1
155,78,Unknown Suspect,41,1,A1
157,79,Unknown Suspect,34,1,A1
159,80,Unknown Suspect,26,1,A1
161,81,Unknown Suspect,24,1,A1
163,82,Unknown Suspect,40,1,A1
165,83,Unknown Suspect,30,1,A1
167,84,Unknown Suspect,38,1,A1
169,85,Unknown Suspect,39,1,A1
171,86,Unknown Suspect,33,1,A1
173,87,Unknown Suspect,23,1,A1
175,88,Unknown Suspect,48,1,A1
177,89,Unknown Suspect,23,1,A1
179,90,Unknown Suspect,36,1,A1
181,91,Unknown Suspect,32,1,A1
183,92,Unknown Suspect,44,1,A1
185,93,Unknown Suspect,48,1,A1
187,94,Unknown Suspect,43,1,A1
189,95,Unknown Suspect,29,1,A1
191,96,Unknown Suspect,25,1,A1
193,97,Unknown Suspect,41,1,A1
195,98,Unknown Suspect,26,1,A1
197,99,Unknown Suspect,46,1,A1
199,100,Unknown Suspect,35,1,A1
201,101,Unknown Suspect,35,1,A1
203,102,Unknown Suspect,31,1,A1
205,103,Unknown Suspect,34,1,A1
207,104,Unknown Suspect,23,1,A1
209,105,Unknown Suspect,28,1,A1
211,106,Unknown Suspect,23,1,A1
213,107,Unknown Suspect,25,1,A1
215,108,Unknown Suspect,23,1,A1
217,109,Unknown Suspect,45,1,A1
219,110,Unknown Suspect,34,1,A1
221,111,Unknown Suspect,28,1,A1
223,112,Unknown Suspect,44,1,A1
225,113,Unknown Suspect,28,1,A1
227,114,Unknown Suspect,33,1,A1
229,115,Unknown Suspect,37,1,A1
231,116,Unknown Suspect,29,1,A1
233,117,Unknown Suspect,23,1,A1
235,118,Unknown Suspect,25,1,A1
237,119,Unknown Suspect,33,1,A1
239,120,Unknown Suspect,36,1,A1
241,121,Unknown Suspect,27,1,A1
243,122,Unknown Suspect,22,1,A1
245,123,Unknown Suspect,45,1,A1
247,124,Unknown Suspect,36,1,A1
249,125,Unknown Suspect,32,1,A1
251,126,Unknown Suspect,30,1,A1
253,127,Unknown Suspect,41,1,A1
255,128,Unknown Suspect,40,1,A1
257,129,Unknown Suspect,33,1,A1
259,130,Unknown Suspect,33,1,A1
261,131,Unknown Suspect,37,1,A1
263,132,Unknown Suspect,32,1,A1
265,133,Unknown Suspect,45,1,A1
267,134,Unknown Suspect,34,1,A1
269,135,Unknown Suspect,27,1,A1
271,136,Unknown Suspect,33,1,A1
273,137,Unknown Suspect,40,1,A1
275,138,Unknown Suspect,36,1,A1
277,139,Unknown Suspect,30,1,A1
279,140,Unknown Suspect,39,1,A1
281,141,Unknown Suspect,27,1,A1
283,142,Unknown Suspect,34,1,A1
285,143,Unknown Suspect,22,1,A1
287,144,Unknown Suspect,23,1,A1
289,145,Unknown Suspect,25,1,A1
291,146,Unknown Suspect,46,1,A1
293,147,Unknown Suspect,39,1,A1
295,148,Unknown Suspect,30,1,A1
297,149,Unknown Suspect,34,1,A1
299,150,Unknown Suspect,30,1,A1
301,151,Unknown Suspect,24,1,A1
303,152,Unknown Suspect,23,1,A1
305,153,Unknown Suspect,30,1,A1
307,154,Unknown Suspect,34,1,A1
309,155,Unknown Suspect,24,1,A1
311,156,Unknown Suspect,41,1,A1
313,157,Unknown Suspect,36,1,A1
315,158,Unknown Suspect,24,1,A1
317,159,Unknown Suspect,40,1,A1
319,160,Unknown Suspect,29,1,A1
321,161,Unknown Suspect,42,1,A1
323,162,Unknown Suspect,36,1,A1
325,163,Unknown Suspect,35,1,A1
327,164,Unknown Suspect,38,1,A1
329,165,Unknown Suspect,44,1,A1
331,166,Unknown Suspect,48,1,A1
333,167,Unknown Suspect,24,1,A1
335,168,Unknown Suspect,36,1,A1
337,169,Unknown Suspect,38,1,A1
339,170,Unknown Suspect,35,1,A1
341,171,Unknown Suspect,43,1,A1
343,172,Unknown Suspect,40,1,A1
345,173,Unknown Suspect,43,1,A1
347,174,Unknown Suspect,23,1,A1
349,175,Unknown Suspect,29,1,A1
351,176,Unknown Suspect,43,1,A1
353,177,Unknown Suspect,25,1,A1
355,178,Unknown Suspect,47,1,A1
357,179,Unknown Suspect,44,1,A1
359,180,Unknown Suspect,32,1,A1
361,181,Unknown Suspect,38,1,A1
363,182,Unknown Suspect,39,1,A1
365,183,Unknown Suspect,45,1,A1
367,184,Unknown Suspect,36,1,A1
369,185,Unknown Suspect,22,1,A1
371,186,Unknown Suspect,29,1,A1
373,187,Unknown Suspect,46,1,A1
375,188,Unknown Suspect,27,1,A1
377,189,Unknown Suspect,35,1,A1
379,190,Unknown Suspect,22,1,A1
381,191,Unknown Suspect,30,1,A1
383,192,Unknown Suspect,28,1,A1
385,193,Unknown Suspect,30,1,A1
387,194,Unknown Suspect,45,1,A1
389,195,Unknown Suspect,35,1,A1
391,196,Unknown Suspect,32,1,A1
393,197,Unknown Suspect,35,1,A1
395,198,Unknown Suspect,24,1,A1
397,199,Unknown Suspect,41,1,A1
399,200,Unknown Suspect,35,1,A1
401,201,Unknown Suspect,41,1,A1
403,202,Unknown Suspect,24,1,A1
405,203,Unknown Suspect,36,1,A1
407,204,Unknown Suspect,42,1,A1
409,205,Unknown Suspect,25,1,A1
411,206,Unknown Suspect,46,1,A1
413,207,Unknown Suspect,23,1,A1
415,208,Unknown Suspect,35,1,A1
417,209,Unknown Suspect,22,1,A1
419,210,Unknown Suspect,22,1,A1
421,211,Unknown Suspect,23,1,A1
423,212,Unknown Suspect,31,1,A1
425,213,Unknown Suspect,40,1,A1
427,214,Unknown Suspect,44,1,A1
429,215,Unknown Suspect,24,1,A1
431,216,Unknown Suspect,26,1,A1
433,217,Unknown Suspect,22,1,A1
435,218,Unknown Suspect,40,1,A1
437,219,Unknown Suspect,38,1,A1
439,220,Unknown Suspect,45,1,A1
441,221,Unknown Suspect,40,1,A1
443,222,Unknown Suspect,43,1,A1
445,223,Unknown Suspect,35,1,A1
447,224,Unknown Suspect,30,1,A1
449,225,Unknown Suspect,26,1,A1
451,226,Unknown Suspect,22,1,A1
453,227,Unknown Suspect,40,1,A1
455,228,Unknown Suspect,47,1,A1
457,229,Unknown Suspect,41,1,A1
459,230,Unknown Suspect,47,1,A1
461,231,Unknown Suspect,41,1,A1
463,232,Unknown Suspect,31,1,A1
465,233,Unknown Suspect,25,1,A1
467,234,Unknown Suspect,45,1,A1
469,235,Unknown Suspect,44,1,A1
471,236,Unknown Suspect,39,1,A1
473,237,Unknown Suspect,41,1,A1
475,238,Unknown Suspect,27,1,A1
477,239,Unknown Suspect,40,1,A1
479,240,Unknown Suspect,38,1,A1
481,241,Unknown Suspect,24,1,A1
483,242,Unknown Suspect,44,1,A1
485,243,Unknown Suspect,46,1,A1
487,244,Unknown Suspect,30,1,A1
489,245,Unknown Suspect,27,1,A1
491,246,Unknown Suspect,36,1,A1
493,247,Unknown Suspect,39,1,A1
495,248,Unknown Suspect,25,1,A1
497,249,Unknown Suspect,30,1,A1
499,250,Unknown Suspect,23,1,A1
501,251,Unknown Suspect,33,1,A1
503,252,Unknown Suspect,29,1,A1
505,253,Unknown Suspect,31,1,A1
507,254,Unknown Suspect,33,1,A1
509,255,Unknown Suspect,42,1,A1
511,256,Unknown Suspect,33,1,A1
513,257,Unknown Suspect,27,1,A1
515,258,Unknown Suspect,36,1,A1
517,259,Unknown Suspect,22,1,A1
519,260,Unknown Suspect,46,1,A1
521,261,Unknown Suspect,37,1,A1
523,262,Unknown Suspect,43,1,A1
525,263,Unknown Suspect,33,1,A1
527,264,Unknown Suspect,28,1,A1
529,265,Unknown Suspect,22,1,A1
531,266,Unknown Suspect,40,1,A1
533,267,Unknown Suspect,41,1,A1
535,268,Unknown Suspect,45,1,A1
537,269,Unknown Suspect,31,1,A1
539,270,Unknown Suspect,30,1,A1
541,271,Unknown Suspect,27,1,A1
543,272,Unknown Suspect,24,1,A1
545,273,Unknown Suspect,34,1,A1
547,274,Unknown Suspect,44,1,A1
549,275,Unknown Suspect,48,1,A1
551,276,Unknown Suspect,46,1,A1
553,277,Unknown Suspect,30,1,A1
555,278,Unknown Suspect,43,1,A1
557,279,Unknown Suspect,46,1,A1
559,280,Unknown Suspect,46,1,A1
561,281,Unknown Suspect,32,1,A1
563,282,Unknown Suspect,22,1,A1
565,283,Unknown Suspect,40,1,A1
567,284,Unknown Suspect,42,1,A1
569,285,Unknown Suspect,25,1,A1
571,286,Unknown Suspect,43,1,A1
573,287,Unknown Suspect,37,1,A1
575,288,Unknown Suspect,35,1,A1
577,289,Unknown Suspect,26,1,A1
579,290,Unknown Suspect,32,1,A1
581,291,Unknown Suspect,33,1,A1
583,292,Unknown Suspect,41,1,A1
585,293,Unknown Suspect,42,1,A1
587,294,Unknown Suspect,39,1,A1
589,295,Unknown Suspect,23,1,A1
591,296,Unknown Suspect,29,1,A1
593,297,Unknown Suspect,48,1,A1
595,298,Unknown Suspect,32,1,A1
597,299,Unknown Suspect,39,1,A1
599,300,Unknown Suspect,30,1,A1
601,301,Unknown Suspect,45,1,A1
603,302,Unknown Suspect,30,1,A1
605,303,Unknown Suspect,32,1,A1
607,304,Unknown Suspect,36,1,A1
609,305,Unknown Suspect,26,1,A1
611,306,Unknown Suspect,43,1,A1
613,307,Unknown Suspect,31,1,A1
615,308,Unknown Suspect,48,1,A1
617,309,Unknown Suspect,28,1,A1
619,310,Unknown Suspect,29,1,A1
621,311,Unknown Suspect,28,1,A1
623,312,Unknown Suspect,34,1,A1
625,313,Unknown Suspect,35,1,A1
627,314,Unknown Suspect,29,1,A1
629,315,Unknown Suspect,41,1,A1
631,316,Unknown Suspect,46,1,A1
633,317,Unknown Suspect,43,1,A1
635,318,Unknown Suspect,43,1,A1
637,319,Unknown Suspect,36,1,A1
639,320,Unknown Suspect,24,1,A1
641,321,Unknown Suspect,46,1,A1
643,322,Unknown Suspect,25,1,A1
645,323,Unknown Suspect,37,1,A1
647,324,Unknown Suspect,27,1,A1
649,325,Unknown Suspect,26,1,A1
651,326,Unknown Suspect,33,1,A1
653,327,Unknown Suspect,42,1,A1
655,328,Unknown Suspect,33,1,A1
657,329,Unknown Suspect,40,1,A1
659,330,Unknown Suspect,40,1,A1
661,331,Unknown Suspect,37,1,A1
663,332,Unknown Suspect,28,1,A1
665,333,Unknown Suspect,24,1,A1
667,334,Unknown Suspect,37,1,A1
669,335,Unknown Suspect,29,1,A1
671,336,Unknown Suspect,27,1,A1
673,337,Unknown Suspect,31,1,A1
675,338,Unknown Suspect,23,1,A1
677,339,Unknown Suspect,30,1,A1
679,340,Unknown Suspect,30,1,A1
681,341,Unknown Suspect,42,1,A1
683,342,Unknown Suspect,26,1,A1
685,343,Unknown Suspect,29,1,A1
687,344,Unknown Suspect,34,1,A1
689,345,Unknown Suspect,39,1,A1
691,346,Unknown Suspect,35,1,A1
693,347,Unknown Suspect,46,1,A1
695,348,Unknown Suspect,45,1,A1
697,349,Unknown Suspect,39,1,A1
699,350,Unknown Suspect,33,1,A1
701,351,Unknown Suspect,34,1,A1
703,352,Unknown Suspect,29,1,A1
705,353,Unknown Suspect,26,1,A1
707,354,Unknown Suspect,39,1,A1
709,355,Unknown Suspect,26,1,A1
711,356,Unknown Suspect,34,1,A1
713,357,Unknown Suspect,31,1,A1
715,358,Unknown Suspect,39,1,A1
717,359,Unknown Suspect,45,1,A1
719,360,Unknown Suspect,40,1,A1
721,361,Unknown Suspect,36,1,A1
723,362,Unknown Suspect,22,1,A1
725,363,Unknown Suspect,31,1,A1
727,364,Unknown Suspect,26,1,A1
729,365,Unknown Suspect,48,1,A1
731,366,Unknown Suspect,39,1,A1
733,367,Unknown Suspect,22,1,A1
735,368,Unknown Suspect,33,1,A1
737,369,Unknown Suspect,43,1,A1
739,370,Unknown Suspect,40,1,A1
741,371,Unknown Suspect,22,1,A1
743,372,Unknown Suspect,47,1,A1
745,373,Unknown Suspect,24,1,A1
747,374,Unknown Suspect,29,1,A1
749,375,Unknown Suspect,37,1,A1
751,376,Unknown Suspect,41,1,A1
753,377,Unknown Suspect,33,1,A1
755,378,Unknown Suspect,26,1,A1
757,379,Unknown Suspect,44,1,A1
759,380,Unknown Suspect,22,1,A1
761,381,Unknown Suspect,39,1,A1
763,382,Unknown Suspect,35,1,A1
765,383,Unknown Suspect,31,1,A1
767,384,Unknown Suspect,35,1,A1
769,385,Unknown Suspect,29,1,A1
771,386,Unknown Suspect,22,1,A1
773,387,Unknown Suspect,37,1,A1
775,388,Unknown Suspect,47,1,A1
777,389,Unknown Suspect,47,1,A1
779,390,Unknown Suspect,33,1,A1
781,391,Unknown Suspect,37,1,A1
783,392,Unknown Suspect,34,1,A1
785,393,Unknown Suspect,34,1,A1
787,394,Unknown Suspect,30,1,A1
789,395,Unknown Suspect,41,1,A1
791,396,Unknown Suspect,40,1,A1
793,397,Unknown Suspect,40,1,A1
795,398,Unknown Suspect,31,1,A1
797,399,Unknown Suspect,44,1,A1
799,400,Unknown Suspect,36,1,A1
801,401,Unknown Suspect,25,1,A1
803,402,Unknown Suspect,39,1,A1
805,403,Unknown Suspect,47,1,A1
807,404,Unknown Suspect,29,1,A1
809,405,Unknown Suspect,43,1,A1
811,406,Unknown Suspect,46,1,A1
813,407,Unknown Suspect,22,1,A1
815,408,Unknown Suspect,36,1,A1
817,409,Unknown Suspect,22,1,A1
819,410,Unknown Suspect,22,1,A1
821,411,Unknown Suspect,48,1,A1
823,412,Unknown Suspect,37,1,A1
825,413,Unknown Suspect,45,1,A1
827,414,Unknown Suspect,31,1,A1
829,415,Unknown Suspect,26,1,A1
831,416,Unknown Suspect,39,1,A1
833,417,Unknown Suspect,41,1,A1
835,418,Unknown Suspect,40,1,A1
837,419,Unknown Suspect,32,1,A1
839,420,Unknown Suspect,29,1,A1
841,421,Unknown Suspect,26,1,A1
843,422,Unknown Suspect,23,1,A1
845,423,Unknown Suspect,44,1,A1
847,424,Unknown Suspect,39,1,A1
849,425,Unknown Suspect,24,1,A1
851,426,Unknown Suspect,32,1,A1
853,427,Unknown Suspect,39,1,A1
855,428,Unknown Suspect,28,1,A1
857,429,Unknown Suspect,25,1,A1
859,430,Unknown Suspect,32,1,A1
861,431,Unknown Suspect,41,1,A1
863,432,Unknown Suspect,47,1,A1
865,433,Unknown Suspect,45,1,A1
867,434,Unknown Suspect,41,1,A1
869,435,Unknown Suspect,43,1,A1
871,436,Unknown Suspect,37,1,A1
873,437,Unknown Suspect,45,1,A1
875,438,Unknown Suspect,38,1,A1
877,439,Unknown Suspect,45,1,A1
879,440,Unknown Suspect,35,1,A1
881,441,Unknown Suspect,27,1,A1
883,442,Unknown Suspect,31,1,A1
885,443,Unknown Suspect,29,1,A1
887,444,Unknown Suspect,28,1,A1
889,445,Unknown Suspect,29,1,A1
891,446,Unknown Suspect,42,1,A1
893,447,Unknown Suspect,38,1,A1
895,448,Unknown Suspect,30,1,A1
897,449,Unknown Suspect,24,1,A1
899,450,Unknown Suspect,27,1,A1
901,451,Unknown Suspect,47,1,A1
903,452,Unknown Suspect,27,1,A1
905,453,Unknown Suspect,40,1,A1
907,454,Unknown Suspect,33,1,A1
909,455,Unknown Suspect,44,1,A1
911,456,Unknown Suspect,31,1,A1
913,457,Unknown Suspect,27,1,A1
915,458,Unknown Suspect,42,1,A1
917,459,Unknown Suspect,32,1,A1
919,460,Unknown Suspect,42,1,A1
921,461,Unknown Suspect,22,1,A1
923,462,Unknown Suspect,44,1,A1
925,463,Unknown Suspect,22,1,A1
927,464,Unknown Suspect,24,1,A1
929,465,Unknown Suspect,25,1,A1
931,466,Unknown Suspect,31,1,A1
933,467,Unknown Suspect,38,1,A1
935,468,Unknown Suspect,29,1,A1
937,469,Unknown Suspect,22,1,A1
939,470,Unknown Suspect,42,1,A1
941,471,Unknown Suspect,23,1,A1
943,472,Unknown Suspect,25,1,A1
945,473,Unknown Suspect,34,1,A1
947,474,Unknown Suspect,43,1,A1
949,475,Unknown Suspect,23,1,A1
951,476,Unknown Suspect,42,1,A1
953,477,Unknown Suspect,38,1,A1
955,478,Unknown Suspect,47,1,A1
957,479,Unknown Suspect,30,1,A1
959,480,Unknown Suspect,43,1,A1
961,481,Unknown Suspect,48,1,A1
963,482,Unknown Suspect,32,1,A1
965,483,Unknown Suspect,29,1,A1
967,484,Unknown Suspect,30,1,A1
969,485,Unknown Suspect,31,1,A1
971,486,Unknown Suspect,22,1,A1
973,487,Unknown Suspect,27,1,A1
975,488,Unknown Suspect,22,1,A1
977,489,Unknown Suspect,30,1,A1
979,490,Unknown Suspect,27,1,A1
981,491,Unknown Suspect,25,1,A1
983,492,Unknown Suspect,41,1,A1
985,493,Unknown Suspect,36,1,A1
987,494,Unknown Suspect,22,1,A1
989,495,Unknown Suspect,40,1,A1
991,496,Unknown Suspect,29,1,A1
993,497,Unknown Suspect,42,1,A1
995,498,Unknown Suspect,31,1,A1
997,499,Unknown Suspect,46,1,A1
999,500,Unknown Suspect,38,1,A1
1001,501,Unknown Suspect,42,1,A1
1003,502,Unknown Suspect,44,1,A1
1005,503,Unknown Suspect,29,1,A1
1007,504,Unknown Suspect,35,1,A1
1009,505,Unknown Suspect,38,1,A1
1011,506,Unknown Suspect,47,1,A1
1013,507,Unknown Suspect,40,1,A1
1015,508,Unknown Suspect,29,1,A1
1017,509,Unknown Suspect,23,1,A1
1019,510,Unknown Suspect,33,1,A1
1021,511,Unknown Suspect,22,1,A1
1023,512,Unknown Suspect,34,1,A1
1025,513,Unknown Suspect,33,1,A1
1027,514,Unknown Suspect,35,1,A1
1029,515,Unknown Suspect,45,1,A1
1031,516,Unknown Suspect,36,1,A1
1033,517,Unknown Suspect,40,1,A1
1035,518,Unknown Suspect,42,1,A1
1037,519,Unknown Suspect,46,1,A1
1039,520,Unknown Suspect,42,1,A1
1041,521,Unknown Suspect,33,1,A1
1043,522,Unknown Suspect,28,1,A1
1045,523,Unknown Suspect,24,1,A1
1047,524,Unknown Suspect,27,1,A1
1049,525,Unknown Suspect,25,1,A1
1051,526,Unknown Suspect,35,1,A1
1053,527,Unknown Suspect,36,1,A1
1055,528,Unknown Suspect,30,1,A1
1057,529,Unknown Suspect,39,1,A1
1059,530,Unknown Suspect,44,1,A1
1061,531,Unknown Suspect,25,1,A1
1063,532,Unknown Suspect,46,1,A1
1065,533,Unknown Suspect,39,1,A1
1067,534,Unknown Suspect,47,1,A1
1069,535,Unknown Suspect,22,1,A1
1071,536,Unknown Suspect,32,1,A1
1073,537,Unknown Suspect,32,1,A1
1075,538,Unknown Suspect,27,1,A1
1077,539,Unknown Suspect,23,1,A1
1079,540,Unknown Suspect,44,1,A1
1081,541,Unknown Suspect,44,1,A1
1083,542,Unknown Suspect,26,1,A1
1085,543,Unknown Suspect,40,1,A1
1087,544,Unknown Suspect,22,1,A1
1089,545,Unknown Suspect,24,1,A1
1091,546,Unknown Suspect,47,1,A1
1093,547,Unknown Suspect,35,1,A1
1095,548,Unknown Suspect,32,1,A1
1097,549,Unknown Suspect,34,1,A1
1099,550,Unknown Suspect,28,1,A1
1101,551,Unknown Suspect,36,1,A1
1103,552,Unknown Suspect,30,1,A1
1105,553,Unknown Suspect,25,1,A1
1107,554,Unknown Suspect,42,1,A1
1109,555,Unknown Suspect,39,1,A1
1111,556,Unknown Suspect,30,1,A1
1113,557,Unknown Suspect,41,1,A1
1115,558,Unknown Suspect,35,1,A1
1117,559,Unknown Suspect,41,1,A1
1119,560,Unknown Suspect,28,1,A1
1121,561,Unknown Suspect,31,1,A1
1123,562,Unknown Suspect,42,1,A1
1125,563,Unknown Suspect,47,1,A1
1127,564,Unknown Suspect,48,1,A1
1129,565,Unknown Suspect,23,1,A1
1131,566,Unknown Suspect,31,1,A1
1133,567,Unknown Suspect,34,1,A1
1135,568,Unknown Suspect,34,1,A1
1137,569,Unknown Suspect,47,1,A1
1139,570,Unknown Suspect,42,1,A1
1141,571,Unknown Suspect,24,1,A1
1143,572,Unknown Suspect,38,1,A1
1145,573,Unknown Suspect,34,1,A1
1147,574,Unknown Suspect,48,1,A1
1149,575,Unknown Suspect,37,1,A1
1151,576,Unknown Suspect,45,1,A1
1153,577,Unknown Suspect,39,1,A1
1155,578,Unknown Suspect,42,1,A1
1157,579,Unknown Suspect,45,1,A1
1159,580,Unknown Suspect,27,1,A1
1161,581,Unknown Suspect,42,1,A1
1163,582,Unknown Suspect,26,1,A1
1165,583,Unknown Suspect,45,1,A1
1167,584,Unknown Suspect,23,1,A1
1169,585,Unknown Suspect,40,1,A1
1171,586,Unknown Suspect,30,1,A1
1173,587,Unknown Suspect,22,1,A1
1175,588,Unknown Suspect,36,1,A1
1177,589,Unknown Suspect,35,1,A1
1179,590,Unknown Suspect,30,1,A1
1181,591,Unknown Suspect,30,1,A1
1183,592,Unknown Suspect,39,1,A1
1185,593,Unknown Suspect,24,1,A1
1187,594,Unknown Suspect,22,1,A1
1189,595,Unknown Suspect,24,1,A1
1191,596,Unknown Suspect,40,1,A1
1193,597,Unknown Suspect,28,1,A1
1195,598,Unknown Suspect,43,1,A1
1197,599,Unknown Suspect,41,1,A1
1199,600,Unknown Suspect,31,1,A1
1201,601,Unknown Suspect,31,1,A1
1203,602,Unknown Suspect,26,1,A1
1205,603,Unknown Suspect,35,1,A1
1207,604,Unknown Suspect,24,1,A1
1209,605,Unknown Suspect,26,1,A1
1211,606,Unknown Suspect,37,1,A1
1213,607,Unknown Suspect,22,1,A1
1215,608,Unknown Suspect,30,1,A1
1217,609,Unknown Suspect,25,1,A1
1219,610,Unknown Suspect,44,1,A1
1221,611,Unknown Suspect,33,1,A1
1223,612,Unknown Suspect,40,1,A1
1225,613,Unknown Suspect,42,1,A1
1227,614,Unknown Suspect,24,1,A1
1229,615,Unknown Suspect,37,1,A1
1231,616,Unknown Suspect,45,1,A1
1233,617,Unknown Suspect,23,1,A1
1235,618,Unknown Suspect,34,1,A1
1237,619,Unknown Suspect,38,1,A1
1239,620,Unknown Suspect,23,1,A1
1241,621,Unknown Suspect,27,1,A1
1243,622,Unknown Suspect,40,1,A1
1245,623,Unknown Suspect,32,1,A1
1247,624,Unknown Suspect,24,1,A1
1249,625,Unknown Suspect,30,1,A1
1251,626,Unknown Suspect,26,1,A1
1253,627,Unknown Suspect,30,1,A1
1255,628,Unknown Suspect,34,1,A1
1257,629,Unknown Suspect,44,1,A1
1259,630,Unknown Suspect,43,1,A1
1261,631,Unknown Suspect,45,1,A1
1263,632,Unknown Suspect,48,1,A1
1265,633,Unknown Suspect,29,1,A1
1267,634,Unknown Suspect,40,1,A1
1269,635,Unknown Suspect,28,1,A1
1271,636,Unknown Suspect,34,1,A1
1273,637,Unknown Suspect,24,1,A1
1275,638,Unknown Suspect,39,1,A1
1277,639,Unknown Suspect,32,1,A1
1279,640,Unknown Suspect,32,1,A1
1281,641,Unknown Suspect,33,1,A1
1283,642,Unknown Suspect,36,1,A1
1285,643,Unknown Suspect,48,1,A1
1287,644,Unknown Suspect,24,1,A1
1289,645,Unknown Suspect,33,1,A1
1291,646,Unknown Suspect,41,1,A1
1293,647,Unknown Suspect,41,1,A1
1295,648,Unknown Suspect,31,1,A1
1297,649,Unknown Suspect,31,1,A1
1299,650,Unknown Suspect,23,1,A1
1301,651,Unknown Suspect,43,1,A1
1303,652,Unknown Suspect,41,1,A1
1305,653,Unknown Suspect,45,1,A1
1307,654,Unknown Suspect,25,1,A1
1309,655,Unknown Suspect,32,1,A1
1311,656,Unknown Suspect,39,1,A1
1313,657,Unknown Suspect,28,1,A1
1315,658,Unknown Suspect,46,1,A1
1317,659,Unknown Suspect,22,1,A1
1319,660,Unknown Suspect,36,1,A1
1321,661,Unknown Suspect,48,1,A1
1323,662,Unknown Suspect,36,1,A1
1325,663,Unknown Suspect,41,1,A1
1327,664,Unknown Suspect,41,1,A1
1329,665,Unknown Suspect,22,1,A1
1331,666,Unknown Suspect,46,1,A1
1333,667,Unknown Suspect,22,1,A1
1335,668,Unknown Suspect,37,1,A1
1337,669,Unknown Suspect,35,1,A1
1339,670,Unknown Suspect,42,1,A1
1341,671,Unknown Suspect,43,1,A1
1343,672,Unknown Suspect,45,1,A1
1345,673,Unknown Suspect,23,1,A1
1347,674,Unknown Suspect,38,1,A1
1349,675,Unknown Suspect,39,1,A1
1351,676,Unknown Suspect,47,1,A1
1353,677,Unknown Suspect,25,1,A1
1355,678,Unknown Suspect,33,1,A1
1357,679,Unknown Suspect,36,1,A1
1359,680,Unknown Suspect,39,1,A1
1361,681,Unknown Suspect,42,1,A1
1363,682,Unknown Suspect,22,1,A1
1365,683,Unknown Suspect,28,1,A1
1367,684,Unknown Suspect,42,1,A1
1369,685,Unknown Suspect,32,1,A1
1371,686,Unknown Suspect,43,1,A1
1373,687,Unknown Suspect,22,1,A1
1375,688,Unknown Suspect,25,1,A1
1377,689,Unknown Suspect,35,1,A1
1379,690,Unknown Suspect,36,1,A1
1381,691,Unknown Suspect,40,1,A1
1383,692,Unknown Suspect,22,1,A1
1385,693,Unknown Suspect,31,1,A1
1387,694,Unknown Suspect,39,1,A1
1389,695,Unknown Suspect,46,1,A1
1391,696,Unknown Suspect,38,1,A1
1393,697,Unknown Suspect,38,1,A1
1395,698,Unknown Suspect,31,1,A1
1397,699,Unknown Suspect,23,1,A1
1399,700,Unknown Suspect,34,1,A1
1401,701,Unknown Suspect,23,1,A1
1403,702,Unknown Suspect,23,1,A1
1405,703,Unknown Suspect,39,1,A1
1407,704,Unknown Suspect,45,1,A1
1409,705,Unknown Suspect,27,1,A1
1411,706,Unknown Suspect,44,1,A1
1413,707,Unknown Suspect,24,1,A1
1415,708,Unknown Suspect,33,1,A1
1417,709,Unknown Suspect,45,1,A1
1419,710,Unknown Suspect,39,1,A1
1421,711,Unknown Suspect,24,1,A1
1423,712,Unknown Suspect,43,1,A1
1425,713,Unknown Suspect,29,1,A1
1427,714,Unknown Suspect,44,1,A1
1429,715,Unknown Suspect,33,1,A1
1431,716,Unknown Suspect,46,1,A1
1433,717,Unknown Suspect,29,1,A1
1435,718,Unknown Suspect,35,1,A1
1437,719,Unknown Suspect,29,1,A1
1439,720,Unknown Suspect,31,1,A1
1441,721,Unknown Suspect,38,1,A1
1443,722,Unknown Suspect,32,1,A1
1445,723,Unknown Suspect,29,1,A1
1447,724,Unknown Suspect,28,1,A1
1449,725,Unknown Suspect,25,1,A1
1451,726,Unknown Suspect,24,1,A1
1453,727,Unknown Suspect,45,1,A1
1455,728,Unknown Suspect,48,1,A1
1457,729,Unknown Suspect,43,1,A1
1459,730,Unknown Suspect,48,1,A1
1461,731,Unknown Suspect,42,1,A1
1463,732,Unknown Suspect,43,1,A1
1465,733,Unknown Suspect,27,1,A1
1467,734,Unknown Suspect,28,1,A1
1469,735,Unknown Suspect,36,1,A1
1471,736,Unknown Suspect,42,1,A1
1473,737,Unknown Suspect,31,1,A1
1475,738,Unknown Suspect,37,1,A1
1477,739,Unknown Suspect,48,1,A1
1479,740,Unknown Suspect,27,1,A1
1481,741,Unknown Suspect,46,1,A1
1483,742,Unknown Suspect,34,1,A1
1485,743,Unknown Suspect,27,1,A1
1487,744,Unknown Suspect,27,1,A1
1489,745,Unknown Suspect,32,1,A1
1491,746,Unknown Suspect,47,1,A1
1493,747,Unknown Suspect,23,1,A1
1495,748,Unknown Suspect,23,1,A1
1497,749,Unknown Suspect,38,1,A1
1499,750,Unknown Suspect,39,1,A1
1501,751,Unknown Suspect,28,1,A1
1503,752,Unknown Suspect,46,1,A1
1505,753,Unknown Suspect,36,1,A1
1507,754,Unknown Suspect,24,1,A1
1509,755,Unknown Suspect,47,1,A1
1511,756,Unknown Suspect,30,1,A1
1513,757,Unknown Suspect,35,1,A1
1515,758,Unknown Suspect,34,1,A1
1517,759,Unknown Suspect,41,1,A1
1519,760,Unknown Suspect,35,1,A1
1521,761,Unknown Suspect,48,1,A1
1523,762,Unknown Suspect,32,1,A1
1525,763,Unknown Suspect,46,1,A1
1527,764,Unknown Suspect,38,1,A1
1529,765,Unknown Suspect,27,1,A1
1531,766,Unknown Suspect,47,1,A1
1533,767,Unknown Suspect,34,1,A1
1535,768,Unknown Suspect,41,1,A1
1537,769,Unknown Suspect,42,1,A1
1539,770,Unknown Suspect,25,1,A1
1541,771,Unknown Suspect,40,1,A1
1543,772,Unknown Suspect,44,1,A1
1545,773,Unknown Suspect,40,1,A1
1547,774,Unknown Suspect,48,1,A1
1549,775,Unknown Suspect,29,1,A1
1551,776,Unknown Suspect,27,1,A1
1553,777,Unknown Suspect,27,1,A1
1555,778,Unknown Suspect,28,1,A1
1557,779,Unknown Suspect,22,1,A1
1559,780,Unknown Suspect,45,1,A1
1561,781,Unknown Suspect,39,1,A1
1563,782,Unknown Suspect,36,1,A1
1565,783,Unknown Suspect,45,1,A1
1567,784,Unknown Suspect,47,1,A1
1569,785,Unknown Suspect,29,1,A1
1571,786,Unknown Suspect,34,1,A1
1573,787,Unknown Suspect,47,1,A1
1575,788,Unknown Suspect,36,1,A1
1577,789,Unknown Suspect,28,1,A1
1579,790,Unknown Suspect,28,1,A1
1581,791,Unknown Suspect,31,1,A1
1583,792,Unknown Suspect,35,1,A1
1585,793,Unknown Suspect,47,1,A1
1587,794,Unknown Suspect,34,1,A1
1589,795,Unknown Suspect,32,1,A1
1591,796,Unknown Suspect,29,1,A1
1593,797,Unknown Suspect,39,1,A1
1595,798,Unknown Suspect,26,1,A1
1597,799,Unknown Suspect,30,1,A1
1599,800,Unknown Suspect,35,1,A1
1601,801,Unknown Suspect,40,1,A1
1603,802,Unknown Suspect,36,1,A1
1605,803,Unknown Suspect,42,1,A1
1607,804,Unknown Suspect,40,1,A1
1609,805,Unknown Suspect,23,1,A1
1611,806,Unknown Suspect,23,1,A1
1613,807,Unknown Suspect,48,1,A1
1615,808,Unknown Suspect,24,1,A1
1617,809,Unknown Suspect,39,1,A1
1619,810,Unknown Suspect,22,1,A1
1621,811,Unknown Suspect,39,1,A1
1623,812,Unknown Suspect,41,1,A1
1625,813,Unknown Suspect,32,1,A1
1627,814,Unknown Suspect,35,1,A1
1629,815,Unknown Suspect,31,1,A1
1631,816,Unknown Suspect,45,1,A1
1633,817,Unknown Suspect,38,1,A1
1635,818,Unknown Suspect,25,1,A1
1637,819,Unknown Suspect,40,1,A1
1639,820,Unknown Suspect,23,1,A1
1641,821,Unknown Suspect,41,1,A1
1643,822,Unknown Suspect,40,1,A1
1645,823,Unknown Suspect,32,1,A1
1647,824,Unknown Suspect,25,1,A1
1649,825,Unknown Suspect,36,1,A1
1651,826,Unknown Suspect,38,1,A1
1653,827,Unknown Suspect,27,1,A1
1655,828,Unknown Suspect,47,1,A1
1657,829,Unknown Suspect,26,1,A1
1659,830,Unknown Suspect,27,1,A1
1661,831,Unknown Suspect,25,1,A1
1663,832,Unknown Suspect,22,1,A1
1665,833,Unknown Suspect,46,1,A1
1667,834,Unknown Suspect,32,1,A1
1669,835,Unknown Suspect,48,1,A1
1671,836,Unknown Suspect,25,1,A1
1673,837,Unknown Suspect,35,1,A1
1675,838,Unknown Suspect,31,1,A1
1677,839,Unknown Suspect,30,1,A1
1679,840,Unknown Suspect,22,1,A1
1681,841,Unknown Suspect,27,1,A1
1683,842,Unknown Suspect,47,1,A1
1685,843,Unknown Suspect,37,1,A1
1687,844,Unknown Suspect,42,1,A1
1689,845,Unknown Suspect,47,1,A1
1691,846,Unknown Suspect,48,1,A1
1693,847,Unknown Suspect,32,1,A1
1695,848,Unknown Suspect,29,1,A1
1697,849,Unknown Suspect,26,1,A1
1699,850,Unknown Suspect,36,1,A1
1701,851,Unknown Suspect,48,1,A1
1703,852,Unknown Suspect,41,1,A1
1705,853,Unknown Suspect,37,1,A1
1707,854,Unknown Suspect,37,1,A1
1709,855,Unknown Suspect,36,1,A1
1711,856,Unknown Suspect,29,1,A1
1713,857,Unknown Suspect,44,1,A1
1715,858,Unknown Suspect,33,1,A1
1717,859,Unknown Suspect,35,1,A1
1719,860,Unknown Suspect,34,1,A1
1721,861,Unknown Suspect,44,1,A1
1723,862,Unknown Suspect,39,1,A1
1725,863,Unknown Suspect,46,1,A1
1727,864,Unknown Suspect,39,1,A1
1729,865,Unknown Suspect,27,1,A1
1731,866,Unknown Suspect,32,1,A1
1733,867,Unknown Suspect,29,1,A1
1735,868,Unknown Suspect,22,1,A1
1737,869,Unknown Suspect,25,1,A1
1739,870,Unknown Suspect,45,1,A1
1741,871,Unknown Suspect,47,1,A1
1743,872,Unknown Suspect,27,1,A1
1745,873,Unknown Suspect,35,1,A1
1747,874,Unknown Suspect,38,1,A1
1749,875,Unknown Suspect,26,1,A1
1751,876,Unknown Suspect,32,1,A1
1753,877,Unknown Suspect,44,1,A1
1755,878,Unknown Suspect,24,1,A1
1757,879,Unknown Suspect,22,1,A1
1759,880,Unknown Suspect,34,1,A1
1761,881,Unknown Suspect,39,1,A1
1763,882,Unknown Suspect,25,1,A1
1765,883,Unknown Suspect,47,1,A1
1767,884,Unknown Suspect,28,1,A1
1769,885,Unknown Suspect,38,1,A1
1771,886,Unknown Suspect,30,1,A1
1773,887,Unknown Suspect,34,1,A1
1775,888,Unknown Suspect,48,1,A1
1777,889,Unknown Suspect,28,1,A1
1779,890,Unknown Suspect,33,1,A1
1781,891,Unknown Suspect,28,1,A1
1783,892,Unknown Suspect,22,1,A1
1785,893,Unknown Suspect,42,1,A1
1787,894,Unknown Suspect,47,1,A1
1789,895,Unknown Suspect,36,1,A1
1791,896,Unknown Suspect,37,1,A1
1793,897,Unknown Suspect,32,1,A1
1795,898,Unknown Suspect,25,1,A1
1797,899,Unknown Suspect,43,1,A1
1799,900,Unknown Suspect,22,1,A1
1801,901,Unknown Suspect,38,1,A1
1803,902,Unknown Suspect,29,1,A1
1805,903,Unknown Suspect,39,1,A1
1807,904,Unknown Suspect,33,1,A1
1809,905,Unknown Suspect,41,1,A1
1811,906,Unknown Suspect,48,1,A1
1813,907,Unknown Suspect,40,1,A1
1815,908,Unknown Suspect,38,1,A1
1817,909,Unknown Suspect,27,1,A1
1819,910,Unknown Suspect,25,1,A1
1821,911,Unknown Suspect,28,1,A1
1823,912,Unknown Suspect,23,1,A1
1825,913,Unknown Suspect,24,1,A1
1827,914,Unknown Suspect,23,1,A1
1829,915,Unknown Suspect,39,1,A1
1831,916,Unknown Suspect,23,1,A1
1833,917,Unknown Suspect,29,1,A1
1835,918,Unknown Suspect,38,1,A1
1837,919,Unknown Suspect,27,1,A1
1839,920,Unknown Suspect,24,1,A1
1841,921,Unknown Suspect,24,1,A1
1843,922,Unknown Suspect,35,1,A1
1845,923,Unknown Suspect,44,1,A1
1847,924,Unknown Suspect,34,1,A1
1849,925,Unknown Suspect,37,1,A1
1851,926,Unknown Suspect,39,1,A1
1853,927,Unknown Suspect,43,1,A1
1855,928,Unknown Suspect,38,1,A1
1857,929,Unknown Suspect,22,1,A1
1859,930,Unknown Suspect,29,1,A1
1861,931,Unknown Suspect,45,1,A1
1863,932,Unknown Suspect,29,1,A1
1865,933,Unknown Suspect,46,1,A1
1867,934,Unknown Suspect,40,1,A1
1869,935,Unknown Suspect,35,1,A1
1871,936,Unknown Suspect,48,1,A1
1873,937,Unknown Suspect,33,1,A1
1875,938,Unknown Suspect,33,1,A1
1877,939,Unknown Suspect,40,1,A1
1879,940,Unknown Suspect,29,1,A1
1881,941,Unknown Suspect,33,1,A1
1883,942,Unknown Suspect,46,1,A1
1885,943,Unknown Suspect,31,1,A1
1887,944,Unknown Suspect,31,1,A1
1889,945,Unknown Suspect,48,1,A1
1891,946,Unknown Suspect,27,1,A1
1893,947,Unknown Suspect,28,1,A1
1895,948,Unknown Suspect,46,1,A1
1897,949,Unknown Suspect,43,1,A1
1899,950,Unknown Suspect,31,1,A1
1901,951,Unknown Suspect,24,1,A1
1903,952,Unknown Suspect,41,1,A1
1905,953,Unknown Suspect,43,1,A1
1907,954,Unknown Suspect,44,1,A1
1909,955,Unknown Suspect,42,1,A1
1911,956,Unknown Suspect,27,1,A1
1913,957,Unknown Suspect,35,1,A1
1915,958,Unknown Suspect,47,1,A1
1917,959,Unknown Suspect,22,1,A1
1919,960,Unknown Suspect,40,1,A1
1921,961,Unknown Suspect,30,1,A1
1923,962,Unknown Suspect,46,1,A1
1925,963,Unknown Suspect,27,1,A1
1927,964,Unknown Suspect,43,1,A1
1929,965,Unknown Suspect,39,1,A1
1931,966,Unknown Suspect,31,1,A1
1933,967,Unknown Suspect,43,1,A1
1935,968,Unknown Suspect,39,1,A1
1937,969,Unknown Suspect,47,1,A1
1939,970,Unknown Suspect,23,1,A1
1941,971,Unknown Suspect,41,1,A1
1943,972,Unknown Suspect,45,1,A1
1945,973,Unknown Suspect,48,1,A1
1947,974,Unknown Suspect,41,1,A1
1949,975,Unknown Suspect,40,1,A1
1951,976,Unknown Suspect,41,1,A1
1953,977,Unknown Suspect,44,1,A1
1955,978,Unknown Suspect,27,1,A1
1957,979,Unknown Suspect,22,1,A1
1959,980,Unknown Suspect,36,1,A1
1961,981,Unknown Suspect,32,1,A1
1963,982,Unknown Suspect,43,1,A1
1965,983,Unknown Suspect,34,1,A1
1967,984,Unknown Suspect,35,1,A1
1969,985,Unknown Suspect,37,1,A1
1971,986,Unknown Suspect,38,1,A1
1973,987,Unknown Suspect,23,1,A1
1975,988,Unknown Suspect,37,1,A1
1977,989,Unknown Suspect,40,1,A1
1979,990,Unknown Suspect,36,1,A1
1981,991,Unknown Suspect,37,1,A1
1983,992,Unknown Suspect,38,1,A1
1985,993,Unknown Suspect,25,1,A1
1987,994,Unknown Suspect,28,1,A1
1989,995,Unknown Suspect,28,1,A1
1991,996,Unknown Suspect,26,1,A1
1993,997,Unknown Suspect,30,1,A1
1995,998,Unknown Suspect,29,1,A1
1997,999,Unknown Suspect,40,1,A1
1999,1000,Unknown Suspect,23,1,A1
2001,1001,Unknown Suspect,36,1,A1
2003,1002,Unknown Suspect,24,1,A1
2005,1003,Unknown Suspect,39,1,A1
2007,1004,Unknown Suspect,36,1,A1
2009,1005,Unknown Suspect,27,1,A1
2011,1006,Unknown Suspect,39,1,A1
2013,1007,Unknown Suspect,23,1,A1
2015,1008,Unknown Suspect,44,1,A1
2017,1009,Unknown Suspect,48,1,A1
2019,1010,Unknown Suspect,40,1,A1
2021,1011,Unknown Suspect,30,1,A1
2023,1012,Unknown Suspect,35,1,A1
2025,1013,Unknown Suspect,47,1,A1
2027,1014,Unknown Suspect,42,1,A1
2029,1015,Unknown Suspect,33,1,A1
2031,1016,Unknown Suspect,26,1,A1
2033,1017,Unknown Suspect,45,1,A1
2035,1018,Unknown Suspect,43,1,A1
2037,1019,Unknown Suspect,30,1,A1
2039,1020,Unknown Suspect,48,1,A1
2041,1021,Unknown Suspect,31,1,A1
2043,1022,Unknown Suspect,39,1,A1
2045,1023,Unknown Suspect,46,1,A1
2047,1024,Unknown Suspect,36,1,A1
2049,1025,Unknown Suspect,43,1,A1
2051,1026,Unknown Suspect,42,1,A1
2053,1027,Unknown Suspect,34,1,A1
2055,1028,Unknown Suspect,42,1,A1
2057,1029,Unknown Suspect,28,1,A1
2059,1030,Unknown Suspect,41,1,A1
2061,1031,Unknown Suspect,23,1,A1
2063,1032,Unknown Suspect,24,1,A1
2065,1033,Unknown Suspect,33,1,A1
2067,1034,Unknown Suspect,29,1,A1
2069,1035,Unknown Suspect,39,1,A1
2071,1036,Unknown Suspect,42,1,A1
2073,1037,Unknown Suspect,27,1,A1
2075,1038,Unknown Suspect,26,1,A1
2077,1039,Unknown Suspect,38,1,A1
2079,1040,Unknown Suspect,32,1,A1
2081,1041,Unknown Suspect,42,1,A1
2083,1042,Unknown Suspect,42,1,A1
2085,1043,Unknown Suspect,39,1,A1
2087,1044,Unknown Suspect,22,1,A1
2089,1045,Unknown Suspect,25,1,A1
2091,1046,Unknown Suspect,41,1,A1
2093,1047,Unknown Suspect,46,1,A1
2095,1048,Unknown Suspect,42,1,A1
2097,1049,Unknown Suspect,35,1,A1
2099,1050,Unknown Suspect,30,1,A1
2101,1051,Unknown Suspect,44,1,A1
2103,1052,Unknown Suspect,23,1,A1
2105,1053,Unknown Suspect,43,1,A1
2107,1054,Unknown Suspect,22,1,A1
2109,1055,Unknown Suspect,26,1,A1
2111,1056,Unknown Suspect,29,1,A1
2113,1057,Unknown Suspect,48,1,A1
2115,1058,Unknown Suspect,23,1,A1
2117,1059,Unknown Suspect,26,1,A1
2119,1060,Unknown Suspect,38,1,A1
2121,1061,Unknown Suspect,30,1,A1
2123,1062,Unknown Suspect,33,1,A1
2125,1063,Unknown Suspect,35,1,A1
2127,1064,Unknown Suspect,29,1,A1
2129,1065,Unknown Suspect,31,1,A1
2131,1066,Unknown Suspect,33,1,A1
2133,1067,Unknown Suspect,39,1,A1
2135,1068,Unknown Suspect,40,1,A1
2137,1069,Unknown Suspect,47,1,A1
2139,1070,Unknown Suspect,33,1,A1
2141,1071,Unknown Suspect,43,1,A1
2143,1072,Unknown Suspect,44,1,A1
2145,1073,Unknown Suspect,46,1,A1
2147,1074,Unknown Suspect,27,1,A1
2149,1075,Unknown Suspect,23,1,A1
2151,1076,Unknown Suspect,44,1,A1
2153,1077,Unknown Suspect,36,1,A1
2155,1078,Unknown Suspect,22,1,A1
2157,1079,Unknown Suspect,27,1,A1
2159,1080,Unknown Suspect,39,1,A1
2161,1081,Unknown Suspect,26,1,A1
2163,1082,Unknown Suspect,40,1,A1
2165,1083,Unknown Suspect,45,1,A1
2167,1084,Unknown Suspect,40,1,A1
2169,1085,Unknown Suspect,47,1,A1
2171,1086,Unknown Suspect,23,1,A1
2173,1087,Unknown Suspect,37,1,A1
2175,1088,Unknown Suspect,24,1,A1
2177,1089,Unknown Suspect,48,1,A1
2179,1090,Unknown Suspect,22,1,A1
2181,1091,Unknown Suspect,46,1,A1
2183,1092,Unknown Suspect,39,1,A1
2185,1093,Unknown Suspect,25,1,A1
2187,1094,Unknown Suspect,23,1,A1
2189,1095,Unknown Suspect,36,1,A1
2191,1096,Unknown Suspect,37,1,A1
2193,1097,Unknown Suspect,24,1,A1
2195,1098,Unknown Suspect,43,1,A1
2197,1099,Unknown Suspect,33,1,A1
2199,1100,Unknown Suspect,45,1,A1
2201,1101,Unknown Suspect,27,1,A1
2203,1102,Unknown Suspect,24,1,A1
2205,1103,Unknown Suspect,37,1,A1
2207,1104,Unknown Suspect,37,1,A1
2209,1105,Unknown Suspect,30,1,A1
2211,1106,Unknown Suspect,30,1,A1
2213,1107,Unknown Suspect,26,1,A1
2215,1108,Unknown Suspect,25,1,A1
2217,1109,Unknown Suspect,38,1,A1
2219,1110,Unknown Suspect,34,1,A1
2221,1111,Unknown Suspect,24,1,A1
2223,1112,Unknown Suspect,41,1,A1
2225,1113,Unknown Suspect,26,1,A1
2227,1114,Unknown Suspect,24,1,A1
2229,1115,Unknown Suspect,33,1,A1
2231,1116,Unknown Suspect,39,1,A1
2233,1117,Unknown Suspect,31,1,A1
2235,1118,Unknown Suspect,39,1,A1
2237,1119,Unknown Suspect,44,1,A1
2239,1120,Unknown Suspect,25,1,A1
2241,1121,Unknown Suspect,36,1,A1
2243,1122,Unknown Suspect,39,1,A1
2245,1123,Unknown Suspect,25,1,A1
2247,1124,Unknown Suspect,41,1,A1
2249,1125,Unknown Suspect,40,1,A1
2251,1126,Unknown Suspect,43,1,A1
2253,1127,Unknown Suspect,45,1,A1
2255,1128,Unknown Suspect,40,1,A1
2257,1129,Unknown Suspect,31,1,A1
2259,1130,Unknown Suspect,27,1,A1
2261,1131,Unknown Suspect,32,1,A1
2263,1132,Unknown Suspect,48,1,A1
2265,1133,Unknown Suspect,39,1,A1
2267,1134,Unknown Suspect,38,1,A1
2269,1135,Unknown Suspect,44,1,A1
2271,1136,Unknown Suspect,26,1,A1
2273,1137,Unknown Suspect,39,1,A1
2275,1138,Unknown Suspect,26,1,A1
2277,1139,Unknown Suspect,25,1,A1
2279,1140,Unknown Suspect,41,1,A1
2281,1141,Unknown Suspect,33,1,A1
2283,1142,Unknown Suspect,40,1,A1
2285,1143,Unknown Suspect,40,1,A1
2287,1144,Unknown Suspect,26,1,A1
2289,1145,Unknown Suspect,41,1,A1
2291,1146,Unknown Suspect,36,1,A1
2293,1147,Unknown Suspect,29,1,A1
2295,1148,Unknown Suspect,39,1,A1
2297,1149,Unknown Suspect,46,1,A1
2299,1150,Unknown Suspect,43,1,A1
2301,1151,Unknown Suspect,33,1,A1
2303,1152,Unknown Suspect,32,1,A1
2305,1153,Unknown Suspect,29,1,A1
2307,1154,Unknown Suspect,30,1,A1
2309,1155,Unknown Suspect,25,1,A1
2311,1156,Unknown Suspect,37,1,A1
2313,1157,Unknown Suspect,29,1,A1
2315,1158,Unknown Suspect,38,1,A1
2317,1159,Unknown Suspect,31,1,A1
2319,1160,Unknown Suspect,27,1,A1
2321,1161,Unknown Suspect,26,1,A1
2323,1162,Unknown Suspect,39,1,A1
2325,1163,Unknown Suspect,41,1,A1
2327,1164,Unknown Suspect,37,1,A1
2329,1165,Unknown Suspect,28,1,A1
2331,1166,Unknown Suspect,27,1,A1
2333,1167,Unknown Suspect,34,1,A1
2335,1168,Unknown Suspect,30,1,A1
2337,1169,Unknown Suspect,24,1,A1
2339,1170,Unknown Suspect,22,1,A1
2341,1171,Unknown Suspect,45,1,A1
2343,1172,Unknown Suspect,48,1,A1
2345,1173,Unknown Suspect,22,1,A1
2347,1174,Unknown Suspect,31,1,A1
2349,1175,Unknown Suspect,47,1,A1
2351,1176,Unknown Suspect,35,1,A1
2353,1177,Unknown Suspect,43,1,A1
2355,1178,Unknown Suspect,30,1,A1
2357,1179,Unknown Suspect,32,1,A1
2359,1180,Unknown Suspect,39,1,A1
2361,1181,Unknown Suspect,43,1,A1
2363,1182,Unknown Suspect,28,1,A1
2365,1183,Unknown Suspect,41,1,A1
2367,1184,Unknown Suspect,40,1,A1
2369,1185,Unknown Suspect,46,1,A1
2371,1186,Unknown Suspect,39,1,A1
2373,1187,Unknown Suspect,25,1,A1
2375,1188,Unknown Suspect,36,1,A1
2377,1189,Unknown Suspect,24,1,A1
2379,1190,Unknown Suspect,29,1,A1
2381,1191,Unknown Suspect,33,1,A1
2383,1192,Unknown Suspect,25,1,A1
2385,1193,Unknown Suspect,40,1,A1
2387,1194,Unknown Suspect,41,1,A1
2389,1195,Unknown Suspect,44,1,A1
2391,1196,Unknown Suspect,22,1,A1
2393,1197,Unknown Suspect,26,1,A1
2395,1198,Unknown Suspect,28,1,A1
2397,1199,Unknown Suspect,41,1,A1
2399,1200,Unknown Suspect,29,1,A1
2401,1201,Unknown Suspect,48,1,A1
2403,1202,Unknown Suspect,39,1,A1
2405,1203,Unknown Suspect,45,1,A1
2407,1204,Unknown Suspect,41,1,A1
2409,1205,Unknown Suspect,35,1,A1
2411,1206,Unknown Suspect,34,1,A1
2413,1207,Unknown Suspect,31,1,A1
2415,1208,Unknown Suspect,43,1,A1
2417,1209,Unknown Suspect,41,1,A1
2419,1210,Unknown Suspect,29,1,A1
2421,1211,Unknown Suspect,29,1,A1
2423,1212,Unknown Suspect,29,1,A1
2425,1213,Unknown Suspect,35,1,A1
2427,1214,Unknown Suspect,22,1,A1
2429,1215,Unknown Suspect,38,1,A1
2431,1216,Unknown Suspect,35,1,A1
2433,1217,Unknown Suspect,33,1,A1
2435,1218,Unknown Suspect,32,1,A1
2437,1219,Unknown Suspect,29,1,A1
2439,1220,Unknown Suspect,45,1,A1
2441,1221,Unknown Suspect,40,1,A1
2443,1222,Unknown Suspect,27,1,A1
2445,1223,Unknown Suspect,22,1,A1
2447,1224,Unknown Suspect,28,1,A1
2449,1225,Unknown Suspect,31,1,A1
2451,1226,Unknown Suspect,32,1,A1
2453,1227,Unknown Suspect,46,1,A1
2455,1228,Unknown Suspect,43,1,A1
2457,1229,Unknown Suspect,26,1,A1
2459,1230,Unknown Suspect,29,1,A1
2461,1231,Unknown Suspect,31,1,A1
2463,1232,Unknown Suspect,40,1,A1
2465,1233,Unknown Suspect,42,1,A1
2467,1234,Unknown Suspect,46,1,A1
2469,1235,Unknown Suspect,41,1,A1
2471,1236,Unknown Suspect,31,1,A1
2473,1237,Unknown Suspect,27,1,A1
2475,1238,Unknown Suspect,34,1,A1
2477,1239,Unknown Suspect,30,1,A1
2479,1240,Unknown Suspect,31,1,A1
2481,1241,Unknown Suspect,25,1,A1
2483,1242,Unknown Suspect,44,1,A1
2485,1243,Unknown Suspect,32,1,A1
2487,1244,Unknown Suspect,43,1,A1
2489,1245,Unknown Suspect,35,1,A1
2491,1246,Unknown Suspect,39,1,A1
2493,1247,Unknown Suspect,36,1,A1
2495,1248,Unknown Suspect,36,1,A1
2497,1249,Unknown Suspect,48,1,A1
2499,1250,Unknown Suspect,27,1,A1
2501,1251,Unknown Suspect,34,1,A1
2503,1252,Unknown Suspect,28,1,A1
2505,1253,Unknown Suspect,27,1,A1
2507,1254,Unknown Suspect,42,1,A1
2509,1255,Unknown Suspect,42,1,A1
2511,1256,Unknown Suspect,30,1,A1
2513,1257,Unknown Suspect,38,1,A1
2515,1258,Unknown Suspect,30,1,A1
2517,1259,Unknown Suspect,30,1,A1
2519,1260,Unknown Suspect,28,1,A1
2521,1261,Unknown Suspect,28,1,A1
2523,1262,Unknown Suspect,35,1,A1
2525,1263,Unknown Suspect,27,1,A1
2527,1264,Unknown Suspect,36,1,A1
2529,1265,Unknown Suspect,42,1,A1
2531,1266,Unknown Suspect,27,1,A1
2533,1267,Unknown Suspect,40,1,A1
2535,1268,Unknown Suspect,47,1,A1
2537,1269,Unknown Suspect,38,1,A1
2539,1270,Unknown Suspect,24,1,A1
2541,1271,Unknown Suspect,34,1,A1
2543,1272,Unknown Suspect,27,1,A1
2545,1273,Unknown Suspect,37,1,A1
2547,1274,Unknown Suspect,22,1,A1
2549,1275,Unknown Suspect,26,1,A1
2551,1276,Unknown Suspect,45,1,A1
2553,1277,Unknown Suspect,45,1,A1
2555,1278,Unknown Suspect,35,1,A1
2557,1279,Unknown Suspect,34,1,A1
2559,1280,Unknown Suspect,36,1,A1
2561,1281,Unknown Suspect,45,1,A1
2563,1282,Unknown Suspect,44,1,A1
2565,1283,Unknown Suspect,42,1,A1
2567,1284,Unknown Suspect,26,1,A1
2569,1285,Unknown Suspect,27,1,A1
2571,1286,Unknown Suspect,46,1,A1
2573,1287,Unknown Suspect,35,1,A1
2575,1288,Unknown Suspect,41,1,A1
2577,1289,Unknown Suspect,46,1,A1
2579,1290,Unknown Suspect,39,1,A1
2581,1291,Unknown Suspect,36,1,A1
2583,1292,Unknown Suspect,46,1,A1
2585,1293,Unknown Suspect,33,1,A1
2587,1294,Unknown Suspect,34,1,A1
2589,1295,Unknown Suspect,38,1,A1
2591,1296,Unknown Suspect,28,1,A1
2593,1297,Unknown Suspect,43,1,A1
2595,1298,Unknown Suspect,48,1,A1
2597,1299,Unknown Suspect,41,1,A1
2599,1300,Unknown Suspect,29,1,A1
2601,1301,Unknown Suspect,34,1,A1
2603,1302,Unknown Suspect,33,1,A1
2605,1303,Unknown Suspect,39,1,A1
2607,1304,Unknown Suspect,40,1,A1
2609,1305,Unknown Suspect,43,1,A1
2611,1306,Unknown Suspect,31,1,A1
2613,1307,Unknown Suspect,46,1,A1
2615,1308,Unknown Suspect,41,1,A1
2617,1309,Unknown Suspect,48,1,A1
2619,1310,Unknown Suspect,43,1,A1
2621,1311,Unknown Suspect,37,1,A1
2623,1312,Unknown Suspect,35,1,A1
2625,1313,Unknown Suspect,36,1,A1
2627,1314,Unknown Suspect,24,1,A1
2629,1315,Unknown Suspect,23,1,A1
2631,1316,Unknown Suspect,32,1,A1
2633,1317,Unknown Suspect,37,1,A1
2635,1318,Unknown Suspect,40,1,A1
2637,1319,Unknown Suspect,34,1,A1
2639,1320,Unknown Suspect,28,1,A1
2641,1321,Unknown Suspect,22,1,A1
2643,1322,Unknown Suspect,29,1,A1
2645,1323,Unknown Suspect,26,1,A1
2647,1324,Unknown Suspect,24,1,A1
2649,1325,Unknown Suspect,30,1,A1
2651,1326,Unknown Suspect,48,1,A1
2653,1327,Unknown Suspect,45,1,A1
2655,1328,Unknown Suspect,48,1,A1
2657,1329,Unknown Suspect,41,1,A1
2659,1330,Unknown Suspect,47,1,A1
2661,1331,Unknown Suspect,24,1,A1
2663,1332,Unknown Suspect,26,1,A1
2665,1333,Unknown Suspect,33,1,A1
2667,1334,Unknown Suspect,44,1,A1
2669,1335,Unknown Suspect,47,1,A1
2671,1336,Unknown Suspect,29,1,A1
2673,1337,Unknown Suspect,34,1,A1
2675,1338,Unknown Suspect,38,1,A1
2677,1339,Unknown Suspect,23,1,A1
2679,1340,Unknown Suspect,43,1,A1
2681,1341,Unknown Suspect,39,1,A1
2683,1342,Unknown Suspect,25,1,A1
2685,1343,Unknown Suspect,31,1,A1
2687,1344,Unknown Suspect,42,1,A1
2689,1345,Unknown Suspect,41,1,A1
2691,1346,Unknown Suspect,37,1,A1
2693,1347,Unknown Suspect,45,1,A1
2695,1348,Unknown Suspect,46,1,A1
2697,1349,Unknown Suspect,35,1,A1
2699,1350,Unknown Suspect,35,1,A1
2701,1351,Unknown Suspect,31,1,A1
2703,1352,Unknown Suspect,45,1,A1
2705,1353,Unknown Suspect,33,1,A1
2707,1354,Unknown Suspect,44,1,A1
2709,1355,Unknown Suspect,22,1,A1
2711,1356,Unknown Suspect,27,1,A1
2713,1357,Unknown Suspect,30,1,A1
2715,1358,Unknown Suspect,42,1,A1
2717,1359,Unknown Suspect,26,1,A1
2719,1360,Unknown Suspect,36,1,A1
2721,1361,Unknown Suspect,47,1,A1
2723,1362,Unknown Suspect,45,1,A1
2725,1363,Unknown Suspect,22,1,A1
2727,1364,Unknown Suspect,46,1,A1
2729,1365,Unknown Suspect,38,1,A1
2731,1366,Unknown Suspect,27,1,A1
2733,1367,Unknown Suspect,42,1,A1
2735,1368,Unknown Suspect,41,1,A1
2737,1369,Unknown Suspect,31,1,A1
2739,1370,Unknown Suspect,39,1,A1
2741,1371,Unknown Suspect,32,1,A1
2743,1372,Unknown Suspect,22,1,A1
2745,1373,Unknown Suspect,33,1,A1
2747,1374,Unknown Suspect,46,1,A1
2749,1375,Unknown Suspect,29,1,A1
2751,1376,Unknown Suspect,25,1,A1
2753,1377,Unknown Suspect,30,1,A1
2755,1378,Unknown Suspect,25,1,A1
2757,1379,Unknown Suspect,45,1,A1
2759,1380,Unknown Suspect,39,1,A1
2761,1381,Unknown Suspect,30,1,A1
2763,1382,Unknown Suspect,22,1,A1
2765,1383,Unknown Suspect,42,1,A1
2767,1384,Unknown Suspect,32,1,A1
2769,1385,Unknown Suspect,39,1,A1
2771,1386,Unknown Suspect,24,1,A1
2773,1387,Unknown Suspect,38,1,A1
2775,1388,Unknown Suspect,40,1,A1
2777,1389,Unknown Suspect,43,1,A1
2779,1390,Unknown Suspect,29,1,A1
2781,1391,Unknown Suspect,26,1,A1
2783,1392,Unknown Suspect,24,1,A1
2785,1393,Unknown Suspect,45,1,A1
2787,1394,Unknown Suspect,36,1,A1
2789,1395,Unknown Suspect,46,1,A1
2791,1396,Unknown Suspect,32,1,A1
2793,1397,Unknown Suspect,34,1,A1
2795,1398,Unknown Suspect,35,1,A1
2797,1399,Unknown Suspect,31,1,A1
2799,1400,Unknown Suspect,28,1,A1
2801,1401,Unknown Suspect,27,1,A1
2803,1402,Unknown Suspect,27,1,A1
2805,1403,Unknown Suspect,39,1,A1
2807,1404,Unknown Suspect,23,1,A1
2809,1405,Unknown Suspect,46,1,A1
2811,1406,Unknown Suspect,36,1,A1
2813,1407,Unknown Suspect,44,1,A1
2815,1408,Unknown Suspect,24,1,A1
2817,1409,Unknown Suspect,31,1,A1
2819,1410,Unknown Suspect,31,1,A1
2821,1411,Unknown Suspect,32,1,A1
2823,1412,Unknown Suspect,32,1,A1
2825,1413,Unknown Suspect,39,1,A1
2827,1414,Unknown Suspect,43,1,A1
2829,1415,Unknown Suspect,41,1,A1
2831,1416,Unknown Suspect,48,1,A1
2833,1417,Unknown Suspect,29,1,A1
2835,1418,Unknown Suspect,33,1,A1
2837,1419,Unknown Suspect,35,1,A1
2839,1420,Unknown Suspect,34,1,A1
2841,1421,Unknown Suspect,30,1,A1
2843,1422,Unknown Suspect,25,1,A1
2845,1423,Unknown Suspect,40,1,A1
2847,1424,Unknown Suspect,42,1,A1
2849,1425,Unknown Suspect,44,1,A1
2851,1426,Unknown Suspect,42,1,A1
2853,1427,Unknown Suspect,36,1,A1
2855,1428,Unknown Suspect,30,1,A1
2857,1429,Unknown Suspect,39,1,A1
2859,1430,Unknown Suspect,23,1,A1
2861,1431,Unknown Suspect,29,1,A1
2863,1432,Unknown Suspect,27,1,A1
2865,1433,Unknown Suspect,36,1,A1
2867,1434,Unknown Suspect,41,1,A1
2869,1435,Unknown Suspect,35,1,A1
2871,1436,Unknown Suspect,42,1,A1
2873,1437,Unknown Suspect,41,1,A1
2875,1438,Unknown Suspect,27,1,A1
2877,1439,Unknown Suspect,30,1,A1
2879,1440,Unknown Suspect,26,1,A1
2881,1441,Unknown Suspect,28,1,A1
2883,1442,Unknown Suspect,48,1,A1
2885,1443,Unknown Suspect,34,1,A1
2887,1444,Unknown Suspect,33,1,A1
2889,1445,Unknown Suspect,22,1,A1
2891,1446,Unknown Suspect,40,1,A1
2893,1447,Unknown Suspect,26,1,A1
2895,1448,Unknown Suspect,42,1,A1
2897,1449,Unknown Suspect,33,1,A1
2899,1450,Unknown Suspect,35,1,A1
2901,1451,Unknown Suspect,28,1,A1
2903,1452,Unknown Suspect,36,1,A1
2905,1453,Unknown Suspect,28,1,A1
2907,1454,Unknown Suspect,36,1,A1
2909,1455,Unknown Suspect,43,1,A1
2911,1456,Unknown Suspect,41,1,A1
2913,1457,Unknown Suspect,42,1,A1
2915,1458,Unknown Suspect,32,1,A1
2917,1459,Unknown Suspect,22,1,A1
2919,1460,Unknown Suspect,34,1,A1
2921,1461,Unknown Suspect,24,1,A1
2923,1462,Unknown Suspect,37,1,A1
2925,1463,Unknown Suspect,33,1,A1
2927,1464,Unknown Suspect,37,1,A1
2929,1465,Unknown Suspect,42,1,A1
2931,1466,Unknown Suspect,41,1,A1
2933,1467,Unknown Suspect,37,1,A1
2935,1468,Unknown Suspect,26,1,A1
2937,1469,Unknown Suspect,30,1,A1
2939,1470,Unknown Suspect,31,1,A1
2941,1471,Unknown Suspect,48,1,A1
2943,1472,Unknown Suspect,30,1,A1
2945,1473,Unknown Suspect,47,1,A1
2947,1474,Unknown Suspect,26,1,A1
2949,1475,Unknown Suspect,36,1,A1
2951,1476,Unknown Suspect,36,1,A1
2953,1477,Unknown Suspect,40,1,A1
2955,1478,Unknown Suspect,47,1,A1
2957,1479,Unknown Suspect,31,1,A1
2959,1480,Unknown Suspect,47,1,A1
2961,1481,Unknown Suspect,29,1,A1
2963,1482,Unknown Suspect,35,1,A1
2965,1483,Unknown Suspect,35,1,A1
2967,1484,Unknown Suspect,34,1,A1
2969,1485,Unknown Suspect,42,1,A1
2971,1486,Unknown Suspect,24,1,A1
2973,1487,Unknown Suspect,22,1,A1
2975,1488,Unknown Suspect,37,1,A1
2977,1489,Unknown Suspect,22,1,A1
2979,1490,Unknown Suspect,37,1,A1
2981,1491,Unknown Suspect,40,1,A1
2983,1492,Unknown Suspect,37,1,A1
2985,1493,Unknown Suspect,30,1,A1
2987,1494,Unknown Suspect,26,1,A1
2989,1495,Unknown Suspect,23,1,A1
2991,1496,Unknown Suspect,43,1,A1
2993,1497,Unknown Suspect,36,1,A1
2995,1498,Unknown Suspect,38,1,A1
2997,1499,Unknown Suspect,48,1,A1
2999,1500,Unknown Suspect,41,1,A1
3001,1501,Unknown Suspect,23,1,A1
3003,1502,Unknown Suspect,35,1,A1
3005,1503,Unknown Suspect,44,1,A1
3007,1504,Unknown Suspect,29,1,A1
3009,1505,Unknown Suspect,27,1,A1
3011,1506,Unknown Suspect,22,1,A1
3013,1507,Unknown Suspect,30,1,A1
3015,1508,Unknown Suspect,27,1,A1
3017,1509,Unknown Suspect,40,1,A1
3019,1510,Unknown Suspect,41,1,A1
3021,1511,Unknown Suspect,38,1,A1
3023,1512,Unknown Suspect,46,1,A1
3025,1513,Unknown Suspect,35,1,A1
3027,1514,Unknown Suspect,25,1,A1
3029,1515,Unknown Suspect,37,1,A1
3031,1516,Unknown Suspect,38,1,A1
3033,1517,Unknown Suspect,29,1,A1
3035,1518,Unknown Suspect,35,1,A1
3037,1519,Unknown Suspect,23,1,A1
3039,1520,Unknown Suspect,28,1,A1
3041,1521,Unknown Suspect,41,1,A1
3043,1522,Unknown Suspect,43,1,A1
3045,1523,Unknown Suspect,32,1,A1
3047,1524,Unknown Suspect,41,1,A1
3049,1525,Unknown Suspect,34,1,A1
3051,1526,Unknown Suspect,22,1,A1
3053,1527,Unknown Suspect,33,1,A1
3055,1528,Unknown Suspect,22,1,A1
3057,1529,Unknown Suspect,37,1,A1
3059,1530,Unknown Suspect,41,1,A1
3061,1531,Unknown Suspect,36,1,A1
3063,1532,Unknown Suspect,28,1,A1
3065,1533,Unknown Suspect,35,1,A1
3067,1534,Unknown Suspect,26,1,A1
3069,1535,Unknown Suspect,33,1,A1
3071,1536,Unknown Suspect,36,1,A1
3073,1537,Unknown Suspect,22,1,A1
3075,1538,Unknown Suspect,48,1,A1
3077,1539,Unknown Suspect,37,1,A1
3079,1540,Unknown Suspect,35,1,A1
3081,1541,Unknown Suspect,46,1,A1
3083,1542,Unknown Suspect,26,1,A1
3085,1543,Unknown Suspect,37,1,A1
3087,1544,Unknown Suspect,26,1,A1
3089,1545,Unknown Suspect,47,1,A1
3091,1546,Unknown Suspect,29,1,A1
3093,1547,Unknown Suspect,30,1,A1
3095,1548,Unknown Suspect,44,1,A1
3097,1549,Unknown Suspect,41,1,A1
3099,1550,Unknown Suspect,34,1,A1
3101,1551,Unknown Suspect,32,1,A1
3103,1552,Unknown Suspect,46,1,A1
3105,1553,Unknown Suspect,30,1,A1
3107,1554,Unknown Suspect,39,1,A1
3109,1555,Unknown Suspect,25,1,A1
3111,1556,Unknown Suspect,22,1,A1
3113,1557,Unknown Suspect,38,1,A1
3115,1558,Unknown Suspect,38,1,A1
3117,1559,Unknown Suspect,40,1,A1
3119,1560,Unknown Suspect,35,1,A1
3121,1561,Unknown Suspect,28,1,A1
3123,1562,Unknown Suspect,43,1,A1
3125,1563,Unknown Suspect,47,1,A1
3127,1564,Unknown Suspect,44,1,A1
3129,1565,Unknown Suspect,46,1,A1
3131,1566,Unknown Suspect,42,1,A1
3133,1567,Unknown Suspect,41,1,A1
3135,1568,Unknown Suspect,24,1,A1
3137,1569,Unknown Suspect,31,1,A1
3139,1570,Unknown Suspect,25,1,A1
3141,1571,Unknown Suspect,40,1,A1
3143,1572,Unknown Suspect,24,1,A1
3145,1573,Unknown Suspect,43,1,A1
3147,1574,Unknown Suspect,24,1,A1
3149,1575,Unknown Suspect,42,1,A1
3151,1576,Unknown Suspect,46,1,A1
3153,1577,Unknown Suspect,35,1,A1
3155,1578,Unknown Suspect,39,1,A1
3157,1579,Unknown Suspect,25,1,A1
3159,1580,Unknown Suspect,45,1,A1
3161,1581,Unknown Suspect,38,1,A1
3163,1582,Unknown Suspect,34,1,A1
3165,1583,Unknown Suspect,22,1,A1
3167,1584,Unknown Suspect,35,1,A1
3169,1585,Unknown Suspect,33,1,A1
3171,1586,Unknown Suspect,47,1,A1
3173,1587,Unknown Suspect,35,1,A1
3175,1588,Unknown Suspect,25,1,A1
3177,1589,Unknown Suspect,40,1,A1
3179,1590,Unknown Suspect,30,1,A1
3181,1591,Unknown Suspect,47,1,A1
3183,1592,Unknown Suspect,46,1,A1
3185,1593,Unknown Suspect,37,1,A1
3187,1594,Unknown Suspect,37,1,A1
3189,1595,Unknown Suspect,34,1,A1
3191,1596,Unknown Suspect,30,1,A1
3193,1597,Unknown Suspect,22,1,A1
3195,1598,Unknown Suspect,39,1,A1
3197,1599,Unknown Suspect,23,1,A1
3199,1600,Unknown Suspect,35,1,A1
3201,1601,Unknown Suspect,36,1,A1
3203,1602,Unknown Suspect,30,1,A1
3205,1603,Unknown Suspect,33,1,A1
3207,1604,Unknown Suspect,37,1,A1
3209,1605,Unknown Suspect,39,1,A1
3211,1606,Unknown Suspect,26,1,A1
3213,1607,Unknown Suspect,25,1,A1
3215,1608,Unknown Suspect,41,1,A1
3217,1609,Unknown Suspect,22,1,A1
3219,1610,Unknown Suspect,37,1,A1
3221,1611,Unknown Suspect,25,1,A1
3223,1612,Unknown Suspect,27,1,A1
3225,1613,Unknown Suspect,39,1,A1
3227,1614,Unknown Suspect,30,1,A1
3229,1615,Unknown Suspect,33,1,A1
3231,1616,Unknown Suspect,31,1,A1
3233,1617,Unknown Suspect,25,1,A1
3235,1618,Unknown Suspect,25,1,A1
3237,1619,Unknown Suspect,27,1,A1
3239,1620,Unknown Suspect,37,1,A1
3241,1621,Unknown Suspect,39,1,A1
3243,1622,Unknown Suspect,43,1,A1
3245,1623,Unknown Suspect,28,1,A1
3247,1624,Unknown Suspect,39,1,A1
3249,1625,Unknown Suspect,46,1,A1
3251,1626,Unknown Suspect,45,1,A1
3253,1627,Unknown Suspect,37,1,A1
3255,1628,Unknown Suspect,29,1,A1
3257,1629,Unknown Suspect,38,1,A1
3259,1630,Unknown Suspect,27,1,A1
3261,1631,Unknown Suspect,26,1,A1
3263,1632,Unknown Suspect,34,1,A1
3265,1633,Unknown Suspect,22,1,A1
3267,1634,Unknown Suspect,48,1,A1
3269,1635,Unknown Suspect,26,1,A1
3271,1636,Unknown Suspect,41,1,A1
3273,1637,Unknown Suspect,29,1,A1
3275,1638,Unknown Suspect,46,1,A1
3277,1639,Unknown Suspect,46,1,A1
3279,1640,Unknown Suspect,24,1,A1
3281,1641,Unknown Suspect,46,1,A1
3283,1642,Unknown Suspect,44,1,A1
3285,1643,Unknown Suspect,32,1,A1
3287,1644,Unknown Suspect,37,1,A1
3289,1645,Unknown Suspect,36,1,A1
3291,1646,Unknown Suspect,42,1,A1
3293,1647,Unknown Suspect,45,1,A1
3295,1648,Unknown Suspect,33,1,A1
3297,1649,Unknown Suspect,45,1,A1
3299,1650,Unknown Suspect,28,1,A1
3301,1651,Unknown Suspect,22,1,A1
3303,1652,Unknown Suspect,48,1,A1
3305,1653,Unknown Suspect,32,1,A1
3307,1654,Unknown Suspect,26,1,A1
3309,1655,Unknown Suspect,26,1,A1
3311,1656,Unknown Suspect,28,1,A1
3313,1657,Unknown Suspect,27,1,A1
3315,1658,Unknown Suspect,40,1,A1
3317,1659,Unknown Suspect,30,1,A1
3319,1660,Unknown Suspect,44,1,A1
3321,1661,Unknown Suspect,27,1,A1
3323,1662,Unknown Suspect,33,1,A1
3325,1663,Unknown Suspect,38,1,A1
3327,1664,Unknown Suspect,34,1,A1
3329,1665,Unknown Suspect,48,1,A1
3331,1666,Unknown Suspect,35,1,A1
3333,1667,Unknown Suspect,45,1,A1
3335,1668,Unknown Suspect,29,1,A1
3337,1669,Unknown Suspect,26,1,A1
3339,1670,Unknown Suspect,44,1,A1
3341,1671,Unknown Suspect,41,1,A1
3343,1672,Unknown Suspect,42,1,A1
3345,1673,Unknown Suspect,25,1,A1
3347,1674,Unknown Suspect,33,1,A1
3349,1675,Unknown Suspect,25,1,A1
3351,1676,Unknown Suspect,28,1,A1
3353,1677,Unknown Suspect,31,1,A1
3355,1678,Unknown Suspect,27,1,A1
3357,1679,Unknown Suspect,33,1,A1
3359,1680,Unknown Suspect,31,1,A1
3361,1681,Unknown Suspect,39,1,A1
3363,1682,Unknown Suspect,47,1,A1
3365,1683,Unknown Suspect,41,1,A1
3367,1684,Unknown Suspect,44,1,A1
3369,1685,Unknown Suspect,27,1,A1
3371,1686,Unknown Suspect,24,1,A1
3373,1687,Unknown Suspect,31,1,A1
3375,1688,Unknown Suspect,39,1,A1
3377,1689,Unknown Suspect,36,1,A1
3379,1690,Unknown Suspect,28,1,A1
3381,1691,Unknown Suspect,23,1,A1
3383,1692,Unknown Suspect,33,1,A1
3385,1693,Unknown Suspect,36,1,A1
3387,1694,Unknown Suspect,39,1,A1
3389,1695,Unknown Suspect,23,1,A1
3391,1696,Unknown Suspect,32,1,A1
3393,1697,Unknown Suspect,28,1,A1
3395,1698,Unknown Suspect,24,1,A1
3397,1699,Unknown Suspect,39,1,A1
3399,1700,Unknown Suspect,28,1,A1
3401,1701,Unknown Suspect,43,1,A1
3403,1702,Unknown Suspect,48,1,A1
3405,1703,Unknown Suspect,26,1,A1
3407,1704,Unknown Suspect,48,1,A1
3409,1705,Unknown Suspect,38,1,A1
3411,1706,Unknown Suspect,46,1,A1
3413,1707,Unknown Suspect,32,1,A1
3415,1708,Unknown Suspect,40,1,A1
3417,1709,Unknown Suspect,22,1,A1
3419,1710,Unknown Suspect,41,1,A1
3421,1711,Unknown Suspect,30,1,A1
3423,1712,Unknown Suspect,38,1,A1
3425,1713,Unknown Suspect,36,1,A1
3427,1714,Unknown Suspect,36,1,A1
3429,1715,Unknown Suspect,39,1,A1
3431,1716,Unknown Suspect,29,1,A1
3433,1717,Unknown Suspect,42,1,A1
3435,1718,Unknown Suspect,32,1,A1
3437,1719,Unknown Suspect,34,1,A1
3439,1720,Unknown Suspect,37,1,A1
3441,1721,Unknown Suspect,33,1,A1
3443,1722,Unknown Suspect,44,1,A1
3445,1723,Unknown Suspect,46,1,A1
3447,1724,Unknown Suspect,33,1,A1
3449,1725,Unknown Suspect,32,1,A1
3451,1726,Unknown Suspect,36,1,A1
3453,1727,Unknown Suspect,38,1,A1
3455,1728,Unknown Suspect,37,1,A1
3457,1729,Unknown Suspect,48,1,A1
3459,1730,Unknown Suspect,44,1,A1
3461,1731,Unknown Suspect,40,1,A1
3463,1732,Unknown Suspect,47,1,A1
3465,1733,Unknown Suspect,43,1,A1
3467,1734,Unknown Suspect,46,1,A1
3469,1735,Unknown Suspect,29,1,A1
3471,1736,Unknown Suspect,48,1,A1
3473,1737,Unknown Suspect,42,1,A1
3475,1738,Unknown Suspect,39,1,A1
3477,1739,Unknown Suspect,24,1,A1
3479,1740,Unknown Suspect,32,1,A1
3481,1741,Unknown Suspect,26,1,A1
3483,1742,Unknown Suspect,23,1,A1
3485,1743,Unknown Suspect,24,1,A1
3487,1744,Unknown Suspect,38,1,A1
3489,1745,Unknown Suspect,30,1,A1
3491,1746,Unknown Suspect,31,1,A1
3493,1747,Unknown Suspect,28,1,A1
3495,1748,Unknown Suspect,44,1,A1
3497,1749,Unknown Suspect,45,1,A1
3499,1750,Unknown Suspect,45,1,A1
3501,1751,Unknown Suspect,34,1,A1
3503,1752,Unknown Suspect,27,1,A1
3505,1753,Unknown Suspect,31,1,A1
3507,1754,Unknown Suspect,33,1,A1
3509,1755,Unknown Suspect,37,1,A1
3511,1756,Unknown Suspect,45,1,A1
3513,1757,Unknown Suspect,30,1,A1
3515,1758,Unknown Suspect,31,1,A1
3517,1759,Unknown Suspect,30,1,A1
3519,1760,Unknown Suspect,37,1,A1
3521,1761,Unknown Suspect,47,1,A1
3523,1762,Unknown Suspect,47,1,A1
3525,1763,Unknown Suspect,48,1,A1
3527,1764,Unknown Suspect,34,1,A1
3529,1765,Unknown Suspect,29,1,A1
3531,1766,Unknown Suspect,31,1,A1
3533,1767,Unknown Suspect,26,1,A1
3535,1768,Unknown Suspect,26,1,A1
3537,1769,Unknown Suspect,46,1,A1
3539,1770,Unknown Suspect,23,1,A1
3541,1771,Unknown Suspect,47,1,A1
3543,1772,Unknown Suspect,48,1,A1
3545,1773,Unknown Suspect,37,1,A1
3547,1774,Unknown Suspect,40,1,A1
3549,1775,Unknown Suspect,40,1,A1
3551,1776,Unknown Suspect,23,1,A1
3553,1777,Unknown Suspect,38,1,A1
3555,1778,Unknown Suspect,22,1,A1
3557,1779,Unknown Suspect,40,1,A1
3559,1780,Unknown Suspect,47,1,A1
3561,1781,Unknown Suspect,29,1,A1
3563,1782,Unknown Suspect,38,1,A1
3565,1783,Unknown Suspect,41,1,A1
3567,1784,Unknown Suspect,38,1,A1
3569,1785,Unknown Suspect,30,1,A1
3571,1786,Unknown Suspect,42,1,A1
3573,1787,Unknown Suspect,39,1,A1
3575,1788,Unknown Suspect,45,1,A1
3577,1789,Unknown Suspect,22,1,A1
3579,1790,Unknown Suspect,35,1,A1
3581,1791,Unknown Suspect,26,1,A1
3583,1792,Unknown Suspect,46,1,A1
3585,1793,Unknown Suspect,41,1,A1
3587,1794,Unknown Suspect,40,1,A1
3589,1795,Unknown Suspect,43,1,A1
3591,1796,Unknown Suspect,47,1,A1
3593,1797,Unknown Suspect,26,1,A1
3595,1798,Unknown Suspect,31,1,A1
3597,1799,Unknown Suspect,23,1,A1
3599,1800,Unknown Suspect,31,1,A1
3601,1801,Unknown Suspect,38,1,A1
3603,1802,Unknown Suspect,34,1,A1
3605,1803,Unknown Suspect,34,1,A1
3607,1804,Unknown Suspect,45,1,A1
3609,1805,Unknown Suspect,35,1,A1
3611,1806,Unknown Suspect,40,1,A1
3613,1807,Unknown Suspect,26,1,A1
3615,1808,Unknown Suspect,25,1,A1
3617,1809,Unknown Suspect,25,1,A1
3619,1810,Unknown Suspect,41,1,A1
3621,1811,Unknown Suspect,25,1,A1
3623,1812,Unknown Suspect,39,1,A1
3625,1813,Unknown Suspect,39,1,A1
3627,1814,Unknown Suspect,27,1,A1
3629,1815,Unknown Suspect,44,1,A1
3631,1816,Unknown Suspect,46,1,A1
3633,1817,Unknown Suspect,36,1,A1
3635,1818,Unknown Suspect,23,1,A1
3637,1819,Unknown Suspect,39,1,A1
3639,1820,Unknown Suspect,38,1,A1
3641,1821,Unknown Suspect,45,1,A1
3643,1822,Unknown Suspect,36,1,A1
3645,1823,Unknown Suspect,48,1,A1
3647,1824,Unknown Suspect,45,1,A1
3649,1825,Unknown Suspect,28,1,A1
3651,1826,Unknown Suspect,25,1,A1
3653,1827,Unknown Suspect,37,1,A1
3655,1828,Unknown Suspect,47,1,A1
3657,1829,Unknown Suspect,45,1,A1
3659,1830,Unknown Suspect,44,1,A1
3661,1831,Unknown Suspect,37,1,A1
3663,1832,Unknown Suspect,33,1,A1
3665,1833,Unknown Suspect,48,1,A1
3667,1834,Unknown Suspect,30,1,A1
3669,1835,Unknown Suspect,48,1,A1
3671,1836,Unknown Suspect,44,1,A1
3673,1837,Unknown Suspect,23,1,A1
3675,1838,Unknown Suspect,34,1,A1
3677,1839,Unknown Suspect,28,1,A1
3679,1840,Unknown Suspect,48,1,A1
3681,1841,Unknown Suspect,39,1,A1
3683,1842,Unknown Suspect,45,1,A1
3685,1843,Unknown Suspect,39,1,A1
3687,1844,Unknown Suspect,29,1,A1
3689,1845,Unknown Suspect,23,1,A1
3691,1846,Unknown Suspect,30,1,A1
3693,1847,Unknown Suspect,42,1,A1
3695,1848,Unknown Suspect,32,1,A1
3697,1849,Unknown Suspect,22,1,A1
3699,1850,Unknown Suspect,48,1,A1
3701,1851,Unknown Suspect,33,1,A1
3703,1852,Unknown Suspect,39,1,A1
3705,1853,Unknown Suspect,39,1,A1
3707,1854,Unknown Suspect,32,1,A1
3709,1855,Unknown Suspect,38,1,A1
3711,1856,Unknown Suspect,33,1,A1
3713,1857,Unknown Suspect,44,1,A1
3715,1858,Unknown Suspect,26,1,A1
3717,1859,Unknown Suspect,29,1,A1
3719,1860,Unknown Suspect,38,1,A1
3721,1861,Unknown Suspect,41,1,A1
3723,1862,Unknown Suspect,31,1,A1
3725,1863,Unknown Suspect,37,1,A1
3727,1864,Unknown Suspect,46,1,A1
3729,1865,Unknown Suspect,29,1,A1
3731,1866,Unknown Suspect,31,1,A1
3733,1867,Unknown Suspect,26,1,A1
3735,1868,Unknown Suspect,28,1,A1
3737,1869,Unknown Suspect,24,1,A1
3739,1870,Unknown Suspect,28,1,A1
3741,1871,Unknown Suspect,44,1,A1
3743,1872,Unknown Suspect,41,1,A1
3745,1873,Unknown Suspect,43,1,A1
3747,1874,Unknown Suspect,29,1,A1
3749,1875,Unknown Suspect,47,1,A1
3751,1876,Unknown Suspect,30,1,A1
3753,1877,Unknown Suspect,23,1,A1
3755,1878,Unknown Suspect,22,1,A1
3757,1879,Unknown Suspect,28,1,A1
3759,1880,Unknown Suspect,35,1,A1
3761,1881,Unknown Suspect,41,1,A1
3763,1882,Unknown Suspect,35,1,A1
3765,1883,Unknown Suspect,28,1,A1
3767,1884,Unknown Suspect,36,1,A1
3769,1885,Unknown Suspect,43,1,A1
3771,1886,Unknown Suspect,38,1,A1
3773,1887,Unknown Suspect,46,1,A1
3775,1888,Unknown Suspect,26,1,A1
3777,1889,Unknown Suspect,23,1,A1
3779,1890,Unknown Suspect,24,1,A1
3781,1891,Unknown Suspect,48,1,A1
3783,1892,Unknown Suspect,33,1,A1
3785,1893,Unknown Suspect,41,1,A1
3787,1894,Unknown Suspect,46,1,A1
3789,1895,Unknown Suspect,48,1,A1
3791,1896,Unknown Suspect,34,1,A1
3793,1897,Unknown Suspect,31,1,A1
3795,1898,Unknown Suspect,25,1,A1
3797,1899,Unknown Suspect,27,1,A1
3799,1900,Unknown Suspect,41,1,A1
3801,1901,Unknown Suspect,45,1,A1
3803,1902,Unknown Suspect,45,1,A1
3805,1903,Unknown Suspect,26,1,A1
3807,1904,Unknown Suspect,22,1,A1
3809,1905,Unknown Suspect,39,1,A1
3811,1906,Unknown Suspect,39,1,A1
3813,1907,Unknown Suspect,27,1,A1
3815,1908,Unknown Suspect,22,1,A1
3817,1909,Unknown Suspect,22,1,A1
3819,1910,Unknown Suspect,24,1,A1
3821,1911,Unknown Suspect,44,1,A1
3823,1912,Unknown Suspect,47,1,A1
3825,1913,Unknown Suspect,33,1,A1
3827,1914,Unknown Suspect,35,1,A1
3829,1915,Unknown Suspect,22,1,A1
3831,1916,Unknown Suspect,44,1,A1
3833,1917,Unknown Suspect,34,1,A1
3835,1918,Unknown Suspect,41,1,A1
3837,1919,Unknown Suspect,46,1,A1
3839,1920,Unknown Suspect,40,1,A1
3841,1921,Unknown Suspect,39,1,A1
3843,1922,Unknown Suspect,45,1,A1
3845,1923,Unknown Suspect,34,1,A1
3847,1924,Unknown Suspect,27,1,A1
3849,1925,Unknown Suspect,45,1,A1
3851,1926,Unknown Suspect,42,1,A1
3853,1927,Unknown Suspect,43,1,A1
3855,1928,Unknown Suspect,26,1,A1
3857,1929,Unknown Suspect,40,1,A1
3859,1930,Unknown Suspect,31,1,A1
3861,1931,Unknown Suspect,39,1,A1
3863,1932,Unknown Suspect,41,1,A1
3865,1933,Unknown Suspect,36,1,A1
3867,1934,Unknown Suspect,37,1,A1
3869,1935,Unknown Suspect,25,1,A1
3871,1936,Unknown Suspect,34,1,A1
3873,1937,Unknown Suspect,31,1,A1
3875,1938,Unknown Suspect,38,1,A1
3877,1939,Unknown Suspect,45,1,A1
3879,1940,Unknown Suspect,43,1,A1
3881,1941,Unknown Suspect,27,1,A1
3883,1942,Unknown Suspect,44,1,A1
3885,1943,Unknown Suspect,22,1,A1
3887,1944,Unknown Suspect,25,1,A1
3889,1945,Unknown Suspect,44,1,A1
3891,1946,Unknown Suspect,23,1,A1
3893,1947,Unknown Suspect,42,1,A1
3895,1948,Unknown Suspect,43,1,A1
3897,1949,Unknown Suspect,48,1,A1
3899,1950,Unknown Suspect,34,1,A1
3901,1951,Unknown Suspect,27,1,A1
3903,1952,Unknown Suspect,41,1,A1
3905,1953,Unknown Suspect,36,1,A1
3907,1954,Unknown Suspect,30,1,A1
3909,1955,Unknown Suspect,36,1,A1
3911,1956,Unknown Suspect,25,1,A1
3913,1957,Unknown Suspect,32,1,A1
3915,1958,Unknown Suspect,26,1,A1
3917,1959,Unknown Suspect,43,1,A1
3919,1960,Unknown Suspect,27,1,A1
3921,1961,Unknown Suspect,44,1,A1
3923,1962,Unknown Suspect,25,1,A1
3925,1963,Unknown Suspect,39,1,A1
3927,1964,Unknown Suspect,30,1,A1
3929,1965,Unknown Suspect,29,1,A1
3931,1966,Unknown Suspect,48,1,A1
3933,1967,Unknown Suspect,40,1,A1
3935,1968,Unknown Suspect,48,1,A1
3937,1969,Unknown Suspect,33,1,A1
3939,1970,Unknown Suspect,48,1,A1
3941,1971,Unknown Suspect,26,1,A1
3943,1972,Unknown Suspect,40,1,A1
3945,1973,Unknown Suspect,46,1,A1
3947,1974,Unknown Suspect,35,1,A1
3949,1975,Unknown Suspect,42,1,A1
3951,1976,Unknown Suspect,35,1,A1
3953,1977,Unknown Suspect,24,1,A1
3955,1978,Unknown Suspect,48,1,A1
3957,1979,Unknown Suspect,24,1,A1
3959,1980,Unknown Suspect,47,1,A1
3961,1981,Unknown Suspect,34,1,A1
3963,1982,Unknown Suspect,45,1,A1
3965,1983,Unknown Suspect,47,1,A1
3967,1984,Unknown Suspect,23,1,A1
3969,1985,Unknown Suspect,41,1,A1
3971,1986,Unknown Suspect,32,1,A1
3973,1987,Unknown Suspect,40,1,A1
3975,1988,Unknown Suspect,31,1,A1
3977,1989,Unknown Suspect,38,1,A1
3979,1990,Unknown Suspect,31,1,A1
3981,1991,Unknown Suspect,43,1,A1
3983,1992,Unknown Suspect,42,1,A1
3985,1993,Unknown Suspect,33,1,A1
3987,1994,Unknown Suspect,25,1,A1
3989,1995,Unknown Suspect,26,1,A1
3991,1996,Unknown Suspect,47,1,A1
3993,1997,Unknown Suspect,35,1,A1
3995,1998,Unknown Suspect,47,1,A1
3997,1999,Unknown Suspect,48,1,A1
3999,2000,Unknown Suspect,29,1,A1
4001,2001,Unknown Suspect,36,1,A1
4003,2002,Unknown Suspect,38,1,A1
4005,2003,Unknown Suspect,40,1,A1
4007,2004,Unknown Suspect,37,1,A1
4009,2005,Unknown Suspect,44,1,A1
4011,2006,Unknown Suspect,24,1,A1
4013,2007,Unknown Suspect,33,1,A1
4015,2008,Unknown Suspect,28,1,A1
4017,2009,Unknown Suspect,40,1,A1
4019,2010,Unknown Suspect,43,1,A1
4021,2011,Unknown Suspect,28,1,A1
4023,2012,Unknown Suspect,22,1,A1
4025,2013,Unknown Suspect,27,1,A1
4027,2014,Unknown Suspect,29,1,A1
4029,2015,Unknown Suspect,45,1,A1
4031,2016,Unknown Suspect,29,1,A1
4033,2017,Unknown Suspect,24,1,A1
4035,2018,Unknown Suspect,34,1,A1
4037,2019,Unknown Suspect,44,1,A1
4039,2020,Unknown Suspect,26,1,A1
4041,2021,Unknown Suspect,26,1,A1
4043,2022,Unknown Suspect,45,1,A1
4045,2023,Unknown Suspect,37,1,A1
4047,2024,Unknown Suspect,37,1,A1
4049,2025,Unknown Suspect,36,1,A1
4051,2026,Unknown Suspect,43,1,A1
4053,2027,Unknown Suspect,25,1,A1
4055,2028,Unknown Suspect,28,1,A1
4057,2029,Unknown Suspect,44,1,A1
4059,2030,Unknown Suspect,28,1,A1
4061,2031,Unknown Suspect,45,1,A1
4063,2032,Unknown Suspect,42,1,A1
4065,2033,Unknown Suspect,24,1,A1
4067,2034,Unknown Suspect,23,1,A1
4069,2035,Unknown Suspect,32,1,A1
4071,2036,Unknown Suspect,44,1,A1
4073,2037,Unknown Suspect,31,1,A1
4075,2038,Unknown Suspect,33,1,A1
4077,2039,Unknown Suspect,22,1,A1
4079,2040,Unknown Suspect,31,1,A1
4081,2041,Unknown Suspect,26,1,A1
4083,2042,Unknown Suspect,43,1,A1
4085,2043,Unknown Suspect,35,1,A1
4087,2044,Unknown Suspect,24,1,A1
4089,2045,Unknown Suspect,32,1,A1
4091,2046,Unknown Suspect,35,1,A1
4093,2047,Unknown Suspect,44,1,A1
4095,2048,Unknown Suspect,47,1,A1
4097,2049,Unknown Suspect,48,1,A1
4099,2050,Unknown Suspect,31,1,A1
4101,2051,Unknown Suspect,31,1,A1
4103,2052,Unknown Suspect,43,1,A1
4105,2053,Unknown Suspect,25,1,A1
4107,2054,Unknown Suspect,48,1,A1
4109,2055,Unknown Suspect,33,1,A1
4111,2056,Unknown Suspect,26,1,A1
4113,2057,Unknown Suspect,46,1,A1
4115,2058,Unknown Suspect,25,1,A1
4117,2059,Unknown Suspect,43,1,A1
4119,2060,Unknown Suspect,22,1,A1
4121,2061,Unknown Suspect,32,1,A1
4123,2062,Unknown Suspect,47,1,A1
4125,2063,Unknown Suspect,48,1,A1
4127,2064,Unknown Suspect,38,1,A1
4129,2065,Unknown Suspect,25,1,A1
4131,2066,Unknown Suspect,24,1,A1
4133,2067,Unknown Suspect,35,1,A1
4135,2068,Unknown Suspect,48,1,A1
4137,2069,Unknown Suspect,22,1,A1
4139,2070,Unknown Suspect,25,1,A1
4141,2071,Unknown Suspect,47,1,A1
4143,2072,Unknown Suspect,45,1,A1
4145,2073,Unknown Suspect,26,1,A1
4147,2074,Unknown Suspect,28,1,A1
4149,2075,Unknown Suspect,34,1,A1
4151,2076,Unknown Suspect,25,1,A1
4153,2077,Unknown Suspect,27,1,A1
4155,2078,Unknown Suspect,27,1,A1
4157,2079,Unknown Suspect,23,1,A1
4159,2080,Unknown Suspect,31,1,A1
4161,2081,Unknown Suspect,44,1,A1
4163,2082,Unknown Suspect,23,1,A1
4165,2083,Unknown Suspect,35,1,A1
4167,2084,Unknown Suspect,41,1,A1
4169,2085,Unknown Suspect,46,1,A1
4171,2086,Unknown Suspect,43,1,A1
4173,2087,Unknown Suspect,37,1,A1
4175,2088,Unknown Suspect,43,1,A1
4177,2089,Unknown Suspect,45,1,A1
4179,2090,Unknown Suspect,27,1,A1
4181,2091,Unknown Suspect,45,1,A1
4183,2092,Unknown Suspect,40,1,A1
4185,2093,Unknown Suspect,47,1,A1
4187,2094,Unknown Suspect,41,1,A1
4189,2095,Unknown Suspect,25,1,A1
4191,2096,Unknown Suspect,46,1,A1
4193,2097,Unknown Suspect,36,1,A1
4195,2098,Unknown Suspect,37,1,A1
4197,2099,Unknown Suspect,33,1,A1
4199,2100,Unknown Suspect,44,1,A1
4201,2101,Unknown Suspect,40,1,A1
4203,2102,Unknown Suspect,45,1,A1
4205,2103,Unknown Suspect,22,1,A1
4207,2104,Unknown Suspect,36,1,A1
4209,2105,Unknown Suspect,33,1,A1
4211,2106,Unknown Suspect,24,1,A1
4213,2107,Unknown Suspect,44,1,A1
4215,2108,Unknown Suspect,24,1,A1
4217,2109,Unknown Suspect,35,1,A1
4219,2110,Unknown Suspect,28,1,A1
4221,2111,Unknown Suspect,27,1,A1
4223,2112,Unknown Suspect,24,1,A1
4225,2113,Unknown Suspect,28,1,A1
4227,2114,Unknown Suspect,23,1,A1
4229,2115,Unknown Suspect,26,1,A1
4231,2116,Unknown Suspect,43,1,A1
4233,2117,Unknown Suspect,22,1,A1
4235,2118,Unknown Suspect,31,1,A1
4237,2119,Unknown Suspect,38,1,A1
4239,2120,Unknown Suspect,48,1,A1
4241,2121,Unknown Suspect,46,1,A1
4243,2122,Unknown Suspect,35,1,A1
4245,2123,Unknown Suspect,29,1,A1
4247,2124,Unknown Suspect,22,1,A1
4249,2125,Unknown Suspect,23,1,A1
4251,2126,Unknown Suspect,28,1,A1
4253,2127,Unknown Suspect,42,1,A1
4255,2128,Unknown Suspect,25,1,A1
4257,2129,Unknown Suspect,38,1,A1
4259,2130,Unknown Suspect,46,1,A1
4261,2131,Unknown Suspect,40,1,A1
4263,2132,Unknown Suspect,40,1,A1
4265,2133,Unknown Suspect,43,1,A1
4267,2134,Unknown Suspect,44,1,A1
4269,2135,Unknown Suspect,26,1,A1
4271,2136,Unknown Suspect,48,1,A1
4273,2137,Unknown Suspect,45,1,A1
4275,2138,Unknown Suspect,33,1,A1
4277,2139,Unknown Suspect,25,1,A1
4279,2140,Unknown Suspect,27,1,A1
4281,2141,Unknown Suspect,47,1,A1
4283,2142,Unknown Suspect,24,1,A1
4285,2143,Unknown Suspect,46,1,A1
4287,2144,Unknown Suspect,29,1,A1
4289,2145,Unknown Suspect,32,1,A1
4291,2146,Unknown Suspect,33,1,A1
4293,2147,Unknown Suspect,28,1,A1
4295,2148,Unknown Suspect,42,1,A1
4297,2149,Unknown Suspect,37,1,A1
4299,2150,Unknown Suspect,28,1,A1
4301,2151,Unknown Suspect,34,1,A1
4303,2152,Unknown Suspect,40,1,A1
4305,2153,Unknown Suspect,37,1,A1
4307,2154,Unknown Suspect,40,1,A1
4309,2155,Unknown Suspect,47,1,A1
4311,2156,Unknown Suspect,36,1,A1
4313,2157,Unknown Suspect,34,1,A1
4315,2158,Unknown Suspect,46,1,A1
4317,2159,Unknown Suspect,32,1,A1
4319,2160,Unknown Suspect,42,1,A1
4321,2161,Unknown Suspect,26,1,A1
4323,2162,Unknown Suspect,31,1,A1
4325,2163,Unknown Suspect,44,1,A1
4327,2164,Unknown Suspect,25,1,A1
4329,2165,Unknown Suspect,29,1,A1
4331,2166,Unknown Suspect,48,1,A1
4333,2167,Unknown Suspect,31,1,A1
4335,2168,Unknown Suspect,44,1,A1
4337,2169,Unknown Suspect,42,1,A1
4339,2170,Unknown Suspect,43,1,A1
4341,2171,Unknown Suspect,39,1,A1
4343,2172,Unknown Suspect,33,1,A1
4345,2173,Unknown Suspect,43,1,A1
4347,2174,Unknown Suspect,40,1,A1
4349,2175,Unknown Suspect,33,1,A1
4351,2176,Unknown Suspect,47,1,A1
4353,2177,Unknown Suspect,23,1,A1
4355,2178,Unknown Suspect,32,1,A1
4357,2179,Unknown Suspect,35,1,A1
4359,2180,Unknown Suspect,41,1,A1
4361,2181,Unknown Suspect,28,1,A1
4363,2182,Unknown Suspect,42,1,A1
4365,2183,Unknown Suspect,39,1,A1
4367,2184,Unknown Suspect,32,1,A1
4369,2185,Unknown Suspect,42,1,A1
4371,2186,Unknown Suspect,39,1,A1
4373,2187,Unknown Suspect,29,1,A1
4375,2188,Unknown Suspect,34,1,A1
4377,2189,Unknown Suspect,43,1,A1
4379,2190,Unknown Suspect,44,1,A1
4381,2191,Unknown Suspect,47,1,A1
4383,2192,Unknown Suspect,41,1,A1
4385,2193,Unknown Suspect,26,1,A1
4387,2194,Unknown Suspect,33,1,A1
4389,2195,Unknown Suspect,31,1,A1
4391,2196,Unknown Suspect,37,1,A1
4393,2197,Unknown Suspect,42,1,A1
4395,2198,Unknown Suspect,44,1,A1
4397,2199,Unknown Suspect,38,1,A1
4399,2200,Unknown Suspect,42,1,A1
4401,2201,Unknown Suspect,42,1,A1
4403,2202,Unknown Suspect,22,1,A1
4405,2203,Unknown Suspect,46,1,A1
4407,2204,Unknown Suspect,28,1,A1
4409,2205,Unknown Suspect,46,1,A1
4411,2206,Unknown Suspect,47,1,A1
4413,2207,Unknown Suspect,27,1,A1
4415,2208,Unknown Suspect,28,1,A1
4417,2209,Unknown Suspect,46,1,A1
4419,2210,Unknown Suspect,26,1,A1
4421,2211,Unknown Suspect,40,1,A1
4423,2212,Unknown Suspect,40,1,A1
4425,2213,Unknown Suspect,39,1,A1
4427,2214,Unknown Suspect,32,1,A1
4429,2215,Unknown Suspect,43,1,A1
4431,2216,Unknown Suspect,48,1,A1
4433,2217,Unknown Suspect,47,1,A1
4435,2218,Unknown Suspect,36,1,A1
4437,2219,Unknown Suspect,45,1,A1
4439,2220,Unknown Suspect,36,1,A1
4441,2221,Unknown Suspect,44,1,A1
4443,2222,Unknown Suspect,29,1,A1
4445,2223,Unknown Suspect,28,1,A1
4447,2224,Unknown Suspect,29,1,A1
4449,2225,Unknown Suspect,30,1,A1
4451,2226,Unknown Suspect,47,1,A1
4453,2227,Unknown Suspect,35,1,A1
4455,2228,Unknown Suspect,34,1,A1
4457,2229,Unknown Suspect,23,1,A1
4459,2230,Unknown Suspect,40,1,A1
4461,2231,Unknown Suspect,35,1,A1
4463,2232,Unknown Suspect,36,1,A1
4465,2233,Unknown Suspect,24,1,A1
4467,2234,Unknown Suspect,35,1,A1
4469,2235,Unknown Suspect,47,1,A1
4471,2236,Unknown Suspect,27,1,A1
4473,2237,Unknown Suspect,22,1,A1
4475,2238,Unknown Suspect,40,1,A1
4477,2239,Unknown Suspect,27,1,A1
4479,2240,Unknown Suspect,39,1,A1
4481,2241,Unknown Suspect,23,1,A1
4483,2242,Unknown Suspect,24,1,A1
4485,2243,Unknown Suspect,34,1,A1
4487,2244,Unknown Suspect,24,1,A1
4489,2245,Unknown Suspect,47,1,A1
4491,2246,Unknown Suspect,46,1,A1
4493,2247,Unknown Suspect,44,1,A1
4495,2248,Unknown Suspect,40,1,A1
4497,2249,Unknown Suspect,28,1,A1
4499,2250,Unknown Suspect,47,1,A1
4501,2251,Unknown Suspect,45,1,A1
4503,2252,Unknown Suspect,35,1,A1
4505,2253,Unknown Suspect,35,1,A1
4507,2254,Unknown Suspect,38,1,A1
4509,2255,Unknown Suspect,25,1,A1
4511,2256,Unknown Suspect,31,1,A1
4513,2257,Unknown Suspect,35,1,A1
4515,2258,Unknown Suspect,45,1,A1
4517,2259,Unknown Suspect,26,1,A1
4519,2260,Unknown Suspect,44,1,A1
4521,2261,Unknown Suspect,27,1,A1
4523,2262,Unknown Suspect,36,1,A1
4525,2263,Unknown Suspect,27,1,A1
4527,2264,Unknown Suspect,38,1,A1
4529,2265,Unknown Suspect,37,1,A1
4531,2266,Unknown Suspect,23,1,A1
4533,2267,Unknown Suspect,33,1,A1
4535,2268,Unknown Suspect,42,1,A1
4537,2269,Unknown Suspect,25,1,A1
4539,2270,Unknown Suspect,23,1,A1
4541,2271,Unknown Suspect,47,1,A1
4543,2272,Unknown Suspect,30,1,A1
4545,2273,Unknown Suspect,28,1,A1
4547,2274,Unknown Suspect,40,1,A1
4549,2275,Unknown Suspect,34,1,A1
4551,2276,Unknown Suspect,43,1,A1
4553,2277,Unknown Suspect,38,1,A1
4555,2278,Unknown Suspect,33,1,A1
4557,2279,Unknown Suspect,25,1,A1
4559,2280,Unknown Suspect,29,1,A1
4561,2281,Unknown Suspect,44,1,A1
4563,2282,Unknown Suspect,43,1,A1
4565,2283,Unknown Suspect,29,1,A1
4567,2284,Unknown Suspect,41,1,A1
4569,2285,Unknown Suspect,24,1,A1
4571,2286,Unknown Suspect,28,1,A1
4573,2287,Unknown Suspect,24,1,A1
4575,2288,Unknown Suspect,24,1,A1
4577,2289,Unknown Suspect,34,1,A1
4579,2290,Unknown Suspect,32,1,A1
4581,2291,Unknown Suspect,44,1,A1
4583,2292,Unknown Suspect,44,1,A1
4585,2293,Unknown Suspect,33,1,A1
4587,2294,Unknown Suspect,40,1,A1
4589,2295,Unknown Suspect,34,1,A1
4591,2296,Unknown Suspect,48,1,A1
4593,2297,Unknown Suspect,45,1,A1
4595,2298,Unknown Suspect,33,1,A1
4597,2299,Unknown Suspect,24,1,A1
4599,2300,Unknown Suspect,29,1,A1
4601,2301,Unknown Suspect,35,1,A1
4603,2302,Unknown Suspect,45,1,A1
4605,2303,Unknown Suspect,27,1,A1
4607,2304,Unknown Suspect,34,1,A1
4609,2305,Unknown Suspect,34,1,A1
4611,2306,Unknown Suspect,25,1,A1
4613,2307,Unknown Suspect,47,1,A1
4615,2308,Unknown Suspect,27,1,A1
4617,2309,Unknown Suspect,27,1,A1
4619,2310,Unknown Suspect,24,1,A1
4621,2311,Unknown Suspect,44,1,A1
4623,2312,Unknown Suspect,42,1,A1
4625,2313,Unknown Suspect,30,1,A1
4627,2314,Unknown Suspect,26,1,A1
4629,2315,Unknown Suspect,38,1,A1
4631,2316,Unknown Suspect,36,1,A1
4633,2317,Unknown Suspect,32,1,A1
4635,2318,Unknown Suspect,42,1,A1
4637,2319,Unknown Suspect,35,1,A1
4639,2320,Unknown Suspect,43,1,A1
4641,2321,Unknown Suspect,26,1,A1
4643,2322,Unknown Suspect,31,1,A1
4645,2323,Unknown Suspect,47,1,A1
4647,2324,Unknown Suspect,46,1,A1
4649,2325,Unknown Suspect,25,1,A1
4651,2326,Unknown Suspect,26,1,A1
4653,2327,Unknown Suspect,29,1,A1
4655,2328,Unknown Suspect,40,1,A1
4657,2329,Unknown Suspect,38,1,A1
4659,2330,Unknown Suspect,30,1,A1
4661,2331,Unknown Suspect,30,1,A1
4663,2332,Unknown Suspect,38,1,A1
4665,2333,Unknown Suspect,32,1,A1
4667,2334,Unknown Suspect,22,1,A1
4669,2335,Unknown Suspect,35,1,A1
4671,2336,Unknown Suspect,30,1,A1
4673,2337,Unknown Suspect,41,1,A1
4675,2338,Unknown Suspect,22,1,A1
4677,2339,Unknown Suspect,29,1,A1
4679,2340,Unknown Suspect,27,1,A1
4681,2341,Unknown Suspect,30,1,A1
4683,2342,Unknown Suspect,41,1,A1
4685,2343,Unknown Suspect,44,1,A1
4687,2344,Unknown Suspect,39,1,A1
4689,2345,Unknown Suspect,36,1,A1
4691,2346,Unknown Suspect,29,1,A1
4693,2347,Unknown Suspect,45,1,A1
4695,2348,Unknown Suspect,47,1,A1
4697,2349,Unknown Suspect,42,1,A1
4699,2350,Unknown Suspect,39,1,A1
4701,2351,Unknown Suspect,31,1,A1
4703,2352,Unknown Suspect,47,1,A1
4705,2353,Unknown Suspect,22,1,A1
4707,2354,Unknown Suspect,42,1,A1
4709,2355,Unknown Suspect,47,1,A1
4711,2356,Unknown Suspect,37,1,A1
4713,2357,Unknown Suspect,45,1,A1
4715,2358,Unknown Suspect,29,1,A1
4717,2359,Unknown Suspect,40,1,A1
4719,2360,Unknown Suspect,33,1,A1
4721,2361,Unknown Suspect,25,1,A1
4723,2362,Unknown Suspect,32,1,A1
4725,2363,Unknown Suspect,23,1,A1
4727,2364,Unknown Suspect,46,1,A1
4729,2365,Unknown Suspect,28,1,A1
4731,2366,Unknown Suspect,24,1,A1
4733,2367,Unknown Suspect,29,1,A1
4735,2368,Unknown Suspect,35,1,A1
4737,2369,Unknown Suspect,30,1,A1
4739,2370,Unknown Suspect,40,1,A1
4741,2371,Unknown Suspect,37,1,A1
4743,2372,Unknown Suspect,24,1,A1
4745,2373,Unknown Suspect,37,1,A1
4747,2374,Unknown Suspect,41,1,A1
4749,2375,Unknown Suspect,25,1,A1
4751,2376,Unknown Suspect,24,1,A1
4753,2377,Unknown Suspect,36,1,A1
4755,2378,Unknown Suspect,30,1,A1
4757,2379,Unknown Suspect,34,1,A1
4759,2380,Unknown Suspect,31,1,A1
4761,2381,Unknown Suspect,42,1,A1
4763,2382,Unknown Suspect,25,1,A1
4765,2383,Unknown Suspect,32,1,A1
4767,2384,Unknown Suspect,39,1,A1
4769,2385,Unknown Suspect,26,1,A1
4771,2386,Unknown Suspect,27,1,A1
4773,2387,Unknown Suspect,36,1,A1
4775,2388,Unknown Suspect,31,1,A1
4777,2389,Unknown Suspect,39,1,A1
4779,2390,Unknown Suspect,47,1,A1
4781,2391,Unknown Suspect,48,1,A1
4783,2392,Unknown Suspect,34,1,A1
4785,2393,Unknown Suspect,45,1,A1
4787,2394,Unknown Suspect,44,1,A1
4789,2395,Unknown Suspect,38,1,A1
4791,2396,Unknown Suspect,32,1,A1
4793,2397,Unknown Suspect,44,1,A1
4795,2398,Unknown Suspect,23,1,A1
4797,2399,Unknown Suspect,43,1,A1
4799,2400,Unknown Suspect,38,1,A1
4801,2401,Unknown Suspect,29,1,A1
4803,2402,Unknown Suspect,40,1,A1
4805,2403,Unknown Suspect,28,1,A1
4807,2404,Unknown Suspect,41,1,A1
4809,2405,Unknown Suspect,35,1,A1
4811,2406,Unknown Suspect,37,1,A1
4813,2407,Unknown Suspect,29,1,A1
4815,2408,Unknown Suspect,48,1,A1
4817,2409,Unknown Suspect,30,1,A1
4819,2410,Unknown Suspect,27,1,A1
4821,2411,Unknown Suspect,44,1,A1
4823,2412,Unknown Suspect,36,1,A1
4825,2413,Unknown Suspect,42,1,A1
4827,2414,Unknown Suspect,36,1,A1
4829,2415,Unknown Suspect,41,1,A1
4831,2416,Unknown Suspect,47,1,A1
4833,2417,Unknown Suspect,43,1,A1
4835,2418,Unknown Suspect,46,1,A1
4837,2419,Unknown Suspect,26,1,A1
4839,2420,Unknown Suspect,37,1,A1
4841,2421,Unknown Suspect,34,1,A1
4843,2422,Unknown Suspect,37,1,A1
4845,2423,Unknown Suspect,38,1,A1
4847,2424,Unknown Suspect,48,1,A1
4849,2425,Unknown Suspect,35,1,A1
4851,2426,Unknown Suspect,30,1,A1
4853,2427,Unknown Suspect,43,1,A1
4855,2428,Unknown Suspect,47,1,A1
4857,2429,Unknown Suspect,37,1,A1
4859,2430,Unknown Suspect,26,1,A1
4861,2431,Unknown Suspect,31,1,A1
4863,2432,Unknown Suspect,33,1,A1
4865,2433,Unknown Suspect,27,1,A1
4867,2434,Unknown Suspect,47,1,A1
4869,2435,Unknown Suspect,35,1,A1
4871,2436,Unknown Suspect,24,1,A1
4873,2437,Unknown Suspect,34,1,A1
4875,2438,Unknown Suspect,40,1,A1
4877,2439,Unknown Suspect,28,1,A1
4879,2440,Unknown Suspect,37,1,A1
4881,2441,Unknown Suspect,34,1,A1
4883,2442,Unknown Suspect,37,1,A1
4885,2443,Unknown Suspect,33,1,A1
4887,2444,Unknown Suspect,33,1,A1
4889,2445,Unknown Suspect,29,1,A1
4891,2446,Unknown Suspect,32,1,A1
4893,2447,Unknown Suspect,23,1,A1
4895,2448,Unknown Suspect,44,1,A1
4897,2449,Unknown Suspect,44,1,A1
4899,2450,Unknown Suspect,30,1,A1
4901,2451,Unknown Suspect,28,1,A1
4903,2452,Unknown Suspect,44,1,A1
4905,2453,Unknown Suspect,25,1,A1
4907,2454,Unknown Suspect,42,1,A1
4909,2455,Unknown Suspect,38,1,A1
4911,2456,Unknown Suspect,41,1,A1
4913,2457,Unknown Suspect,30,1,A1
4915,2458,Unknown Suspect,25,1,A1
4917,2459,Unknown Suspect,38,1,A1
4919,2460,Unknown Suspect,43,1,A1
4921,2461,Unknown Suspect,45,1,A1
4923,2462,Unknown Suspect,40,1,A1
4925,2463,Unknown Suspect,44,1,A1
4927,2464,Unknown Suspect,30,1,A1
4929,2465,Unknown Suspect,31,1,A1
4931,2466,Unknown Suspect,33,1,A1
4933,2467,Unknown Suspect,36,1,A1
4935,2468,Unknown Suspect,46,1,A1
4937,2469,Unknown Suspect,32,1,A1
4939,2470,Unknown Suspect,38,1,A1
4941,2471,Unknown Suspect,39,1,A1
4943,2472,Unknown Suspect,38,1,A1
4945,2473,Unknown Suspect,25,1,A1
4947,2474,Unknown Suspect,46,1,A1
4949,2475,Unknown Suspect,39,1,A1
4951,2476,Unknown Suspect,24,1,A1
4953,2477,Unknown Suspect,23,1,A1
4955,2478,Unknown Suspect,23,1,A1
4957,2479,Unknown Suspect,28,1,A1
4959,2480,Unknown Suspect,35,1,A1
4961,2481,Unknown Suspect,26,1,A1
4963,2482,Unknown Suspect,45,1,A1
4965,2483,Unknown Suspect,42,1,A1
4967,2484,Unknown Suspect,40,1,A1
4969,2485,Unknown Suspect,30,1,A1
4971,2486,Unknown Suspect,36,1,A1
4973,2487,Unknown Suspect,22,1,A1
4975,2488,Unknown Suspect,22,1,A1
4977,2489,Unknown Suspect,23,1,A1
4979,2490,Unknown Suspect,23,1,A1
4981,2491,Unknown Suspect,27,1,A1
4983,2492,Unknown Suspect,43,1,A1
4985,2493,Unknown Suspect,48,1,A1
4987,2494,Unknown Suspect,33,1,A1
4989,2495,Unknown Suspect,46,1,A1
4991,2496,Unknown Suspect,24,1,A1
4993,2497,Unknown Suspect,40,1,A1
4995,2498,Unknown Suspect,30,1,A1
4997,2499,Unknown Suspect,25,1,A1
4999,2500,Unknown Suspect,28,1,A1
