CaseMasterID,ActID,SectionID,ActOrderID,SectionOrderID
1,IPC,379,1,1
2,IPC,379,1,1
3,IPC,392,1,1
4,IPC,307,1,1
5,IPC,379,1,1
6,IPC,379,1,1
7,IPC,379,1,1
8,IPC,379,1,1
9,IPC,379,1,1
10,IPC,379,1,1
11,IPC,379,1,1
12,IPC,379,1,1
13,IPC,379,1,1
14,IPC,379,1,1
15,IPC,379,1,1
16,IPC,379,1,1
17,IPC,379,1,1
18,IPC,379,1,1
19,IPC,379,1,1
20,IPC,379,1,1
21,IPC,379,1,1
22,IPC,379,1,1
23,IPC,379,1,1
24,IPC,379,1,1
25,IPC,379,1,1
26,IPC,379,1,1
27,IPC,379,1,1
28,IPC,379,1,1
29,IPC,379,1,1
30,IPC,379,1,1
31,IPC,379,1,1
32,IPC,379,1,1
33,IPC,307,1,1
34,IPC,379,1,1
35,IPC,379,1,1
36,IPC,392,1,1
37,IPC,379,1,1
38,IPC,379,1,1
39,IPC,379,1,1
40,IPC,307,1,1
41,IPC,379,1,1
42,IPC,379,1,1
43,IPC,379,1,1
44,IPC,392,1,1
45,IPC,379,1,1
46,IPC,379,1,1
47,IPC,307,1,1
48,IPC,307,1,1
49,IPC,392,1,1
50,IPC,379,1,1
51,IPC,379,1,1
52,IPC,379,1,1
53,IPC,379,1,1
54,IPC,307,1,1
55,IPC,379,1,1
56,IPC,379,1,1
57,IPC,379,1,1
58,IPC,379,1,1
59,IPC,379,1,1
60,IPC,379,1,1
61,IPC,307,1,1
62,IPC,379,1,1
63,IPC,379,1,1
64,IPC,379,1,1
65,IPC,379,1,1
66,IPC,379,1,1
67,IPC,379,1,1
68,IPC,307,1,1
69,IPC,379,1,1
70,IPC,379,1,1
71,IPC,379,1,1
72,IPC,379,1,1
73,IPC,379,1,1
74,IPC,379,1,1
75,IPC,379,1,1
76,IPC,379,1,1
77,IPC,379,1,1
78,IPC,379,1,1
79,IPC,379,1,1
80,IPC,379,1,1
81,IPC,379,1,1
82,IPC,379,1,1
83,IPC,379,1,1
84,IPC,379,1,1
85,IPC,379,1,1
86,IPC,379,1,1
87,IPC,379,1,1
88,IPC,379,1,1
89,IPC,379,1,1
90,IPC,379,1,1
91,IPC,307,1,1
92,IPC,379,1,1
93,IPC,392,1,1
94,IPC,379,1,1
95,IPC,379,1,1
96,IPC,379,1,1
97,IPC,379,1,1
98,IPC,392,1,1
99,IPC,379,1,1
100,IPC,379,1,1
101,IPC,379,1,1
102,IPC,379,1,1
103,IPC,379,1,1
104,IPC,379,1,1
105,IPC,379,1,1
106,IPC,379,1,1
107,IPC,392,1,1
108,IPC,379,1,1
109,IPC,379,1,1
110,IPC,379,1,1
111,IPC,379,1,1
112,IPC,379,1,1
113,IPC,379,1,1
114,IPC,379,1,1
115,IPC,379,1,1
116,IPC,379,1,1
117,IPC,379,1,1
118,IPC,379,1,1
119,IPC,392,1,1
120,IPC,379,1,1
121,IPC,379,1,1
122,IPC,379,1,1
123,IPC,379,1,1
124,IPC,379,1,1
125,IPC,379,1,1
126,IPC,379,1,1
127,IPC,379,1,1
128,IPC,379,1,1
129,IPC,379,1,1
130,IPC,379,1,1
131,IPC,379,1,1
132,IPC,379,1,1
133,IPC,379,1,1
134,IPC,379,1,1
135,IPC,307,1,1
136,IPC,379,1,1
137,IPC,379,1,1
138,IPC,379,1,1
139,IPC,307,1,1
140,IPC,379,1,1
141,IPC,379,1,1
142,IPC,379,1,1
143,IPC,379,1,1
144,IPC,379,1,1
145,IPC,379,1,1
146,IPC,379,1,1
147,IPC,379,1,1
148,IPC,379,1,1
149,IPC,307,1,1
150,IPC,379,1,1
151,IPC,379,1,1
152,IPC,379,1,1
153,IPC,379,1,1
154,IPC,379,1,1
155,IPC,379,1,1
156,IPC,379,1,1
157,IPC,379,1,1
158,IPC,379,1,1
159,IPC,379,1,1
160,IPC,379,1,1
161,IPC,379,1,1
162,IPC,379,1,1
163,IPC,379,1,1
164,IPC,379,1,1
165,IPC,379,1,1
166,IPC,379,1,1
167,IPC,379,1,1
168,IPC,307,1,1
169,IPC,379,1,1
170,IPC,379,1,1
171,IPC,379,1,1
172,IPC,379,1,1
173,IPC,392,1,1
174,IPC,379,1,1
175,IPC,379,1,1
176,IPC,379,1,1
177,IPC,379,1,1
178,IPC,379,1,1
179,IPC,392,1,1
180,IPC,379,1,1
181,IPC,379,1,1
182,IPC,379,1,1
183,IPC,379,1,1
184,IPC,379,1,1
185,IPC,379,1,1
186,IPC,379,1,1
187,IPC,379,1,1
188,IPC,307,1,1
189,IPC,392,1,1
190,IPC,392,1,1
191,IPC,379,1,1
192,IPC,392,1,1
193,IPC,379,1,1
194,IPC,379,1,1
195,IPC,379,1,1
196,IPC,379,1,1
197,IPC,379,1,1
198,IPC,379,1,1
199,IPC,379,1,1
200,IPC,379,1,1
201,IPC,379,1,1
202,IPC,379,1,1
203,IPC,379,1,1
204,IPC,307,1,1
205,IPC,379,1,1
206,IPC,379,1,1
207,IPC,379,1,1
208,IPC,379,1,1
209,IPC,392,1,1
210,IPC,379,1,1
211,IPC,379,1,1
212,IPC,379,1,1
213,IPC,379,1,1
214,IPC,379,1,1
215,IPC,379,1,1
216,IPC,379,1,1
217,IPC,379,1,1
218,IPC,379,1,1
219,IPC,379,1,1
220,IPC,307,1,1
221,IPC,379,1,1
222,IPC,379,1,1
223,IPC,307,1,1
224,IPC,379,1,1
225,IPC,379,1,1
226,IPC,379,1,1
227,IPC,379,1,1
228,IPC,379,1,1
229,IPC,379,1,1
230,IPC,379,1,1
231,IPC,379,1,1
232,IPC,379,1,1
233,IPC,379,1,1
234,IPC,379,1,1
235,IPC,379,1,1
236,IPC,379,1,1
237,IPC,379,1,1
238,IPC,379,1,1
239,IPC,379,1,1
240,IPC,379,1,1
241,IPC,392,1,1
242,IPC,392,1,1
243,IPC,379,1,1
244,IPC,379,1,1
245,IPC,379,1,1
246,IPC,307,1,1
247,IPC,379,1,1
248,IPC,379,1,1
249,IPC,379,1,1
250,IPC,379,1,1
251,IPC,379,1,1
252,IPC,379,1,1
253,IPC,379,1,1
254,IPC,379,1,1
255,IPC,379,1,1
256,IPC,379,1,1
257,IPC,379,1,1
258,IPC,307,1,1
259,IPC,379,1,1
260,IPC,379,1,1
261,IPC,379,1,1
262,IPC,379,1,1
263,IPC,379,1,1
264,IPC,379,1,1
265,IPC,379,1,1
266,IPC,379,1,1
267,IPC,379,1,1
268,IPC,379,1,1
269,IPC,379,1,1
270,IPC,379,1,1
271,IPC,379,1,1
272,IPC,379,1,1
273,IPC,307,1,1
274,IPC,379,1,1
275,IPC,379,1,1
276,IPC,379,1,1
277,IPC,307,1,1
278,IPC,379,1,1
279,IPC,379,1,1
280,IPC,379,1,1
281,IPC,392,1,1
282,IPC,392,1,1
283,IPC,379,1,1
284,IPC,379,1,1
285,IPC,379,1,1
286,IPC,379,1,1
287,IPC,379,1,1
288,IPC,379,1,1
289,IPC,379,1,1
290,IPC,379,1,1
291,IPC,307,1,1
292,IPC,392,1,1
293,IPC,379,1,1
294,IPC,379,1,1
295,IPC,379,1,1
296,IPC,379,1,1
297,IPC,379,1,1
298,IPC,379,1,1
299,IPC,379,1,1
300,IPC,379,1,1
301,IPC,379,1,1
302,IPC,379,1,1
303,IPC,379,1,1
304,IPC,379,1,1
305,IPC,379,1,1
306,IPC,379,1,1
307,IPC,379,1,1
308,IPC,379,1,1
309,IPC,379,1,1
310,IPC,379,1,1
311,IPC,379,1,1
312,IPC,379,1,1
313,IPC,379,1,1
314,IPC,379,1,1
315,IPC,379,1,1
316,IPC,379,1,1
317,IPC,379,1,1
318,IPC,379,1,1
319,IPC,379,1,1
320,IPC,379,1,1
321,IPC,379,1,1
322,IPC,379,1,1
323,IPC,379,1,1
324,IPC,379,1,1
325,IPC,379,1,1
326,IPC,379,1,1
327,IPC,379,1,1
328,IPC,379,1,1
329,IPC,379,1,1
330,IPC,379,1,1
331,IPC,379,1,1
332,IPC,379,1,1
333,IPC,379,1,1
334,IPC,379,1,1
335,IPC,379,1,1
336,IPC,379,1,1
337,IPC,379,1,1
338,IPC,379,1,1
339,IPC,379,1,1
340,IPC,392,1,1
341,IPC,379,1,1
342,IPC,307,1,1
343,IPC,379,1,1
344,IPC,379,1,1
345,IPC,379,1,1
346,IPC,307,1,1
347,IPC,379,1,1
348,IPC,379,1,1
349,IPC,379,1,1
350,IPC,379,1,1
351,IPC,379,1,1
352,IPC,379,1,1
353,IPC,379,1,1
354,IPC,379,1,1
355,IPC,379,1,1
356,IPC,379,1,1
357,IPC,379,1,1
358,IPC,307,1,1
359,IPC,379,1,1
360,IPC,379,1,1
361,IPC,392,1,1
362,IPC,379,1,1
363,IPC,379,1,1
364,IPC,379,1,1
365,IPC,379,1,1
366,IPC,379,1,1
367,IPC,379,1,1
368,IPC,379,1,1
369,IPC,379,1,1
370,IPC,392,1,1
371,IPC,379,1,1
372,IPC,379,1,1
373,IPC,379,1,1
374,IPC,379,1,1
375,IPC,379,1,1
376,IPC,379,1,1
377,IPC,379,1,1
378,IPC,379,1,1
379,IPC,379,1,1
380,IPC,379,1,1
381,IPC,379,1,1
382,IPC,392,1,1
383,IPC,379,1,1
384,IPC,307,1,1
385,IPC,307,1,1
386,IPC,379,1,1
387,IPC,379,1,1
388,IPC,379,1,1
389,IPC,392,1,1
390,IPC,379,1,1
391,IPC,379,1,1
392,IPC,379,1,1
393,IPC,379,1,1
394,IPC,379,1,1
395,IPC,379,1,1
396,IPC,379,1,1
397,IPC,307,1,1
398,IPC,392,1,1
399,IPC,379,1,1
400,IPC,307,1,1
401,IPC,379,1,1
402,IPC,379,1,1
403,IPC,379,1,1
404,IPC,307,1,1
405,IPC,307,1,1
406,IPC,379,1,1
407,IPC,379,1,1
408,IPC,379,1,1
409,IPC,392,1,1
410,IPC,379,1,1
411,IPC,379,1,1
412,IPC,379,1,1
413,IPC,307,1,1
414,IPC,379,1,1
415,IPC,379,1,1
416,IPC,379,1,1
417,IPC,379,1,1
418,IPC,307,1,1
419,IPC,379,1,1
420,IPC,379,1,1
421,IPC,379,1,1
422,IPC,379,1,1
423,IPC,307,1,1
424,IPC,379,1,1
425,IPC,379,1,1
426,IPC,379,1,1
427,IPC,379,1,1
428,IPC,379,1,1
429,IPC,379,1,1
430,IPC,379,1,1
431,IPC,379,1,1
432,IPC,379,1,1
433,IPC,379,1,1
434,IPC,307,1,1
435,IPC,379,1,1
436,IPC,379,1,1
437,IPC,379,1,1
438,IPC,379,1,1
439,IPC,379,1,1
440,IPC,379,1,1
441,IPC,379,1,1
442,IPC,379,1,1
443,IPC,379,1,1
444,IPC,392,1,1
445,IPC,379,1,1
446,IPC,379,1,1
447,IPC,379,1,1
448,IPC,379,1,1
449,IPC,379,1,1
450,IPC,379,1,1
451,IPC,379,1,1
452,IPC,379,1,1
453,IPC,307,1,1
454,IPC,379,1,1
455,IPC,392,1,1
456,IPC,379,1,1
457,IPC,379,1,1
458,IPC,379,1,1
459,IPC,379,1,1
460,IPC,379,1,1
461,IPC,379,1,1
462,IPC,379,1,1
463,IPC,307,1,1
464,IPC,379,1,1
465,IPC,379,1,1
466,IPC,379,1,1
467,IPC,307,1,1
468,IPC,379,1,1
469,IPC,379,1,1
470,IPC,379,1,1
471,IPC,307,1,1
472,IPC,307,1,1
473,IPC,379,1,1
474,IPC,392,1,1
475,IPC,307,1,1
476,IPC,379,1,1
477,IPC,379,1,1
478,IPC,379,1,1
479,IPC,379,1,1
480,IPC,379,1,1
481,IPC,379,1,1
482,IPC,379,1,1
483,IPC,392,1,1
484,IPC,379,1,1
485,IPC,379,1,1
486,IPC,379,1,1
487,IPC,379,1,1
488,IPC,379,1,1
489,IPC,379,1,1
490,IPC,379,1,1
491,IPC,392,1,1
492,IPC,379,1,1
493,IPC,379,1,1
494,IPC,307,1,1
495,IPC,307,1,1
496,IPC,379,1,1
497,IPC,379,1,1
498,IPC,379,1,1
499,IPC,379,1,1
500,IPC,379,1,1
501,IPC,379,1,1
502,IPC,379,1,1
503,IPC,379,1,1
504,IPC,379,1,1
505,IPC,379,1,1
506,IPC,379,1,1
507,IPC,307,1,1
508,IPC,379,1,1
509,IPC,379,1,1
510,IPC,379,1,1
511,IPC,307,1,1
512,IPC,379,1,1
513,IPC,379,1,1
514,IPC,379,1,1
515,IPC,379,1,1
516,IPC,379,1,1
517,IPC,379,1,1
518,IPC,392,1,1
519,IPC,379,1,1
520,IPC,379,1,1
521,IPC,379,1,1
522,IPC,379,1,1
523,IPC,379,1,1
524,IPC,379,1,1
525,IPC,379,1,1
526,IPC,379,1,1
527,IPC,379,1,1
528,IPC,379,1,1
529,IPC,379,1,1
530,IPC,379,1,1
531,IPC,379,1,1
532,IPC,379,1,1
533,IPC,392,1,1
534,IPC,392,1,1
535,IPC,379,1,1
536,IPC,379,1,1
537,IPC,379,1,1
538,IPC,379,1,1
539,IPC,379,1,1
540,IPC,379,1,1
541,IPC,379,1,1
542,IPC,379,1,1
543,IPC,379,1,1
544,IPC,379,1,1
545,IPC,379,1,1
546,IPC,379,1,1
547,IPC,379,1,1
548,IPC,379,1,1
549,IPC,379,1,1
550,IPC,379,1,1
551,IPC,379,1,1
552,IPC,379,1,1
553,IPC,379,1,1
554,IPC,307,1,1
555,IPC,379,1,1
556,IPC,392,1,1
557,IPC,379,1,1
558,IPC,379,1,1
559,IPC,379,1,1
560,IPC,307,1,1
561,IPC,379,1,1
562,IPC,379,1,1
563,IPC,379,1,1
564,IPC,379,1,1
565,IPC,379,1,1
566,IPC,392,1,1
567,IPC,379,1,1
568,IPC,379,1,1
569,IPC,379,1,1
570,IPC,379,1,1
571,IPC,379,1,1
572,IPC,379,1,1
573,IPC,379,1,1
574,IPC,379,1,1
575,IPC,379,1,1
576,IPC,392,1,1
577,IPC,379,1,1
578,IPC,379,1,1
579,IPC,379,1,1
580,IPC,379,1,1
581,IPC,379,1,1
582,IPC,379,1,1
583,IPC,379,1,1
584,IPC,379,1,1
585,IPC,379,1,1
586,IPC,379,1,1
587,IPC,379,1,1
588,IPC,392,1,1
589,IPC,392,1,1
590,IPC,379,1,1
591,IPC,379,1,1
592,IPC,392,1,1
593,IPC,307,1,1
594,IPC,379,1,1
595,IPC,379,1,1
596,IPC,379,1,1
597,IPC,379,1,1
598,IPC,379,1,1
599,IPC,379,1,1
600,IPC,392,1,1
601,IPC,379,1,1
602,IPC,379,1,1
603,IPC,379,1,1
604,IPC,379,1,1
605,IPC,379,1,1
606,IPC,379,1,1
607,IPC,379,1,1
608,IPC,379,1,1
609,IPC,379,1,1
610,IPC,379,1,1
611,IPC,379,1,1
612,IPC,379,1,1
613,IPC,379,1,1
614,IPC,392,1,1
615,IPC,379,1,1
616,IPC,379,1,1
617,IPC,379,1,1
618,IPC,379,1,1
619,IPC,379,1,1
620,IPC,392,1,1
621,IPC,379,1,1
622,IPC,379,1,1
623,IPC,379,1,1
624,IPC,379,1,1
625,IPC,379,1,1
626,IPC,379,1,1
627,IPC,379,1,1
628,IPC,379,1,1
629,IPC,392,1,1
630,IPC,379,1,1
631,IPC,379,1,1
632,IPC,379,1,1
633,IPC,379,1,1
634,IPC,379,1,1
635,IPC,379,1,1
636,IPC,379,1,1
637,IPC,379,1,1
638,IPC,379,1,1
639,IPC,379,1,1
640,IPC,379,1,1
641,IPC,379,1,1
642,IPC,379,1,1
643,IPC,379,1,1
644,IPC,379,1,1
645,IPC,379,1,1
646,IPC,379,1,1
647,IPC,379,1,1
648,IPC,307,1,1
649,IPC,392,1,1
650,IPC,379,1,1
651,IPC,379,1,1
652,IPC,379,1,1
653,IPC,379,1,1
654,IPC,379,1,1
655,IPC,379,1,1
656,IPC,379,1,1
657,IPC,379,1,1
658,IPC,379,1,1
659,IPC,379,1,1
660,IPC,379,1,1
661,IPC,379,1,1
662,IPC,379,1,1
663,IPC,379,1,1
664,IPC,379,1,1
665,IPC,379,1,1
666,IPC,379,1,1
667,IPC,392,1,1
668,IPC,379,1,1
669,IPC,379,1,1
670,IPC,379,1,1
671,IPC,379,1,1
672,IPC,379,1,1
673,IPC,379,1,1
674,IPC,379,1,1
675,IPC,379,1,1
676,IPC,379,1,1
677,IPC,379,1,1
678,IPC,307,1,1
679,IPC,379,1,1
680,IPC,379,1,1
681,IPC,392,1,1
682,IPC,379,1,1
683,IPC,379,1,1
684,IPC,379,1,1
685,IPC,379,1,1
686,IPC,379,1,1
687,IPC,379,1,1
688,IPC,379,1,1
689,IPC,379,1,1
690,IPC,379,1,1
691,IPC,379,1,1
692,IPC,379,1,1
693,IPC,392,1,1
694,IPC,379,1,1
695,IPC,379,1,1
696,IPC,379,1,1
697,IPC,379,1,1
698,IPC,379,1,1
699,IPC,379,1,1
700,IPC,379,1,1
701,IPC,379,1,1
702,IPC,379,1,1
703,IPC,379,1,1
704,IPC,379,1,1
705,IPC,379,1,1
706,IPC,379,1,1
707,IPC,379,1,1
708,IPC,379,1,1
709,IPC,379,1,1
710,IPC,379,1,1
711,IPC,392,1,1
712,IPC,307,1,1
713,IPC,379,1,1
714,IPC,379,1,1
715,IPC,379,1,1
716,IPC,379,1,1
717,IPC,379,1,1
718,IPC,379,1,1
719,IPC,379,1,1
720,IPC,379,1,1
721,IPC,379,1,1
722,IPC,379,1,1
723,IPC,379,1,1
724,IPC,379,1,1
725,IPC,392,1,1
726,IPC,379,1,1
727,IPC,379,1,1
728,IPC,379,1,1
729,IPC,379,1,1
730,IPC,307,1,1
731,IPC,379,1,1
732,IPC,379,1,1
733,IPC,379,1,1
734,IPC,307,1,1
735,IPC,379,1,1
736,IPC,379,1,1
737,IPC,379,1,1
738,IPC,379,1,1
739,IPC,379,1,1
740,IPC,379,1,1
741,IPC,379,1,1
742,IPC,379,1,1
743,IPC,392,1,1
744,IPC,379,1,1
745,IPC,307,1,1
746,IPC,379,1,1
747,IPC,379,1,1
748,IPC,379,1,1
749,IPC,379,1,1
750,IPC,379,1,1
751,IPC,379,1,1
752,IPC,379,1,1
753,IPC,379,1,1
754,IPC,379,1,1
755,IPC,379,1,1
756,IPC,379,1,1
757,IPC,307,1,1
758,IPC,379,1,1
759,IPC,379,1,1
760,IPC,379,1,1
761,IPC,379,1,1
762,IPC,379,1,1
763,IPC,379,1,1
764,IPC,379,1,1
765,IPC,379,1,1
766,IPC,379,1,1
767,IPC,379,1,1
768,IPC,379,1,1
769,IPC,379,1,1
770,IPC,379,1,1
771,IPC,379,1,1
772,IPC,379,1,1
773,IPC,307,1,1
774,IPC,379,1,1
775,IPC,379,1,1
776,IPC,392,1,1
777,IPC,379,1,1
778,IPC,379,1,1
779,IPC,379,1,1
780,IPC,379,1,1
781,IPC,379,1,1
782,IPC,392,1,1
783,IPC,379,1,1
784,IPC,379,1,1
785,IPC,379,1,1
786,IPC,379,1,1
787,IPC,379,1,1
788,IPC,379,1,1
789,IPC,379,1,1
790,IPC,392,1,1
791,IPC,392,1,1
792,IPC,379,1,1
793,IPC,307,1,1
794,IPC,379,1,1
795,IPC,392,1,1
796,IPC,379,1,1
797,IPC,379,1,1
798,IPC,379,1,1
799,IPC,379,1,1
800,IPC,379,1,1
801,IPC,379,1,1
802,IPC,379,1,1
803,IPC,379,1,1
804,IPC,379,1,1
805,IPC,379,1,1
806,IPC,379,1,1
807,IPC,379,1,1
808,IPC,379,1,1
809,IPC,379,1,1
810,IPC,379,1,1
811,IPC,379,1,1
812,IPC,379,1,1
813,IPC,392,1,1
814,IPC,379,1,1
815,IPC,379,1,1
816,IPC,379,1,1
817,IPC,379,1,1
818,IPC,379,1,1
819,IPC,379,1,1
820,IPC,379,1,1
821,IPC,379,1,1
822,IPC,379,1,1
823,IPC,379,1,1
824,IPC,307,1,1
825,IPC,392,1,1
826,IPC,379,1,1
827,IPC,379,1,1
828,IPC,379,1,1
829,IPC,379,1,1
830,IPC,392,1,1
831,IPC,379,1,1
832,IPC,379,1,1
833,IPC,379,1,1
834,IPC,379,1,1
835,IPC,379,1,1
836,IPC,379,1,1
837,IPC,379,1,1
838,IPC,379,1,1
839,IPC,379,1,1
840,IPC,379,1,1
841,IPC,379,1,1
842,IPC,379,1,1
843,IPC,379,1,1
844,IPC,379,1,1
845,IPC,379,1,1
846,IPC,392,1,1
847,IPC,379,1,1
848,IPC,307,1,1
849,IPC,379,1,1
850,IPC,379,1,1
851,IPC,379,1,1
852,IPC,379,1,1
853,IPC,379,1,1
854,IPC,379,1,1
855,IPC,379,1,1
856,IPC,379,1,1
857,IPC,379,1,1
858,IPC,379,1,1
859,IPC,379,1,1
860,IPC,379,1,1
861,IPC,379,1,1
862,IPC,379,1,1
863,IPC,392,1,1
864,IPC,379,1,1
865,IPC,379,1,1
866,IPC,379,1,1
867,IPC,379,1,1
868,IPC,379,1,1
869,IPC,379,1,1
870,IPC,379,1,1
871,IPC,379,1,1
872,IPC,307,1,1
873,IPC,379,1,1
874,IPC,379,1,1
875,IPC,379,1,1
876,IPC,307,1,1
877,IPC,379,1,1
878,IPC,379,1,1
879,IPC,379,1,1
880,IPC,379,1,1
881,IPC,392,1,1
882,IPC,379,1,1
883,IPC,379,1,1
884,IPC,392,1,1
885,IPC,379,1,1
886,IPC,307,1,1
887,IPC,379,1,1
888,IPC,379,1,1
889,IPC,379,1,1
890,IPC,379,1,1
891,IPC,379,1,1
892,IPC,379,1,1
893,IPC,379,1,1
894,IPC,379,1,1
895,IPC,379,1,1
896,IPC,379,1,1
897,IPC,392,1,1
898,IPC,379,1,1
899,IPC,379,1,1
900,IPC,379,1,1
901,IPC,379,1,1
902,IPC,379,1,1
903,IPC,379,1,1
904,IPC,379,1,1
905,IPC,379,1,1
906,IPC,307,1,1
907,IPC,379,1,1
908,IPC,379,1,1
909,IPC,307,1,1
910,IPC,392,1,1
911,IPC,379,1,1
912,IPC,379,1,1
913,IPC,379,1,1
914,IPC,392,1,1
915,IPC,379,1,1
916,IPC,379,1,1
917,IPC,379,1,1
918,IPC,379,1,1
919,IPC,392,1,1
920,IPC,379,1,1
921,IPC,379,1,1
922,IPC,379,1,1
923,IPC,379,1,1
924,IPC,379,1,1
925,IPC,379,1,1
926,IPC,379,1,1
927,IPC,379,1,1
928,IPC,379,1,1
929,IPC,379,1,1
930,IPC,379,1,1
931,IPC,392,1,1
932,IPC,392,1,1
933,IPC,379,1,1
934,IPC,379,1,1
935,IPC,379,1,1
936,IPC,379,1,1
937,IPC,379,1,1
938,IPC,379,1,1
939,IPC,379,1,1
940,IPC,379,1,1
941,IPC,379,1,1
942,IPC,379,1,1
943,IPC,379,1,1
944,IPC,379,1,1
945,IPC,379,1,1
946,IPC,379,1,1
947,IPC,379,1,1
948,IPC,379,1,1
949,IPC,379,1,1
950,IPC,379,1,1
951,IPC,379,1,1
952,IPC,379,1,1
953,IPC,379,1,1
954,IPC,307,1,1
955,IPC,379,1,1
956,IPC,392,1,1
957,IPC,392,1,1
958,IPC,379,1,1
959,IPC,379,1,1
960,IPC,379,1,1
961,IPC,379,1,1
962,IPC,307,1,1
963,IPC,392,1,1
964,IPC,307,1,1
965,IPC,379,1,1
966,IPC,379,1,1
967,IPC,379,1,1
968,IPC,379,1,1
969,IPC,379,1,1
970,IPC,379,1,1
971,IPC,392,1,1
972,IPC,379,1,1
973,IPC,379,1,1
974,IPC,379,1,1
975,IPC,379,1,1
976,IPC,379,1,1
977,IPC,379,1,1
978,IPC,379,1,1
979,IPC,379,1,1
980,IPC,379,1,1
981,IPC,379,1,1
982,IPC,392,1,1
983,IPC,379,1,1
984,IPC,379,1,1
985,IPC,379,1,1
986,IPC,379,1,1
987,IPC,307,1,1
988,IPC,379,1,1
989,IPC,379,1,1
990,IPC,379,1,1
991,IPC,379,1,1
992,IPC,379,1,1
993,IPC,379,1,1
994,IPC,379,1,1
995,IPC,379,1,1
996,IPC,379,1,1
997,IPC,379,1,1
998,IPC,379,1,1
999,IPC,379,1,1
1000,IPC,379,1,1
1001,IPC,307,1,1
1002,IPC,392,1,1
1003,IPC,307,1,1
1004,IPC,392,1,1
1005,IPC,379,1,1
1006,IPC,379,1,1
1007,IPC,379,1,1
1008,IPC,379,1,1
1009,IPC,379,1,1
1010,IPC,379,1,1
1011,IPC,379,1,1
1012,IPC,307,1,1
1013,IPC,379,1,1
1014,IPC,379,1,1
1015,IPC,379,1,1
1016,IPC,379,1,1
1017,IPC,392,1,1
1018,IPC,392,1,1
1019,IPC,307,1,1
1020,IPC,307,1,1
1021,IPC,392,1,1
1022,IPC,379,1,1
1023,IPC,379,1,1
1024,IPC,379,1,1
1025,IPC,379,1,1
1026,IPC,379,1,1
1027,IPC,379,1,1
1028,IPC,379,1,1
1029,IPC,379,1,1
1030,IPC,379,1,1
1031,IPC,392,1,1
1032,IPC,379,1,1
1033,IPC,379,1,1
1034,IPC,379,1,1
1035,IPC,379,1,1
1036,IPC,379,1,1
1037,IPC,379,1,1
1038,IPC,379,1,1
1039,IPC,379,1,1
1040,IPC,379,1,1
1041,IPC,379,1,1
1042,IPC,379,1,1
1043,IPC,379,1,1
1044,IPC,392,1,1
1045,IPC,379,1,1
1046,IPC,379,1,1
1047,IPC,379,1,1
1048,IPC,379,1,1
1049,IPC,379,1,1
1050,IPC,379,1,1
1051,IPC,392,1,1
1052,IPC,379,1,1
1053,IPC,307,1,1
1054,IPC,392,1,1
1055,IPC,379,1,1
1056,IPC,379,1,1
1057,IPC,379,1,1
1058,IPC,379,1,1
1059,IPC,379,1,1
1060,IPC,379,1,1
1061,IPC,379,1,1
1062,IPC,379,1,1
1063,IPC,379,1,1
1064,IPC,379,1,1
1065,IPC,379,1,1
1066,IPC,379,1,1
1067,IPC,379,1,1
1068,IPC,379,1,1
1069,IPC,379,1,1
1070,IPC,379,1,1
1071,IPC,379,1,1
1072,IPC,379,1,1
1073,IPC,379,1,1
1074,IPC,379,1,1
1075,IPC,379,1,1
1076,IPC,379,1,1
1077,IPC,379,1,1
1078,IPC,392,1,1
1079,IPC,379,1,1
1080,IPC,379,1,1
1081,IPC,379,1,1
1082,IPC,379,1,1
1083,IPC,392,1,1
1084,IPC,379,1,1
1085,IPC,379,1,1
1086,IPC,379,1,1
1087,IPC,379,1,1
1088,IPC,379,1,1
1089,IPC,379,1,1
1090,IPC,392,1,1
1091,IPC,307,1,1
1092,IPC,379,1,1
1093,IPC,379,1,1
1094,IPC,307,1,1
1095,IPC,379,1,1
1096,IPC,379,1,1
1097,IPC,379,1,1
1098,IPC,392,1,1
1099,IPC,379,1,1
1100,IPC,379,1,1
1101,IPC,379,1,1
1102,IPC,379,1,1
1103,IPC,379,1,1
1104,IPC,379,1,1
1105,IPC,379,1,1
1106,IPC,379,1,1
1107,IPC,379,1,1
1108,IPC,379,1,1
1109,IPC,379,1,1
1110,IPC,379,1,1
1111,IPC,379,1,1
1112,IPC,379,1,1
1113,IPC,379,1,1
1114,IPC,379,1,1
1115,IPC,379,1,1
1116,IPC,392,1,1
1117,IPC,379,1,1
1118,IPC,379,1,1
1119,IPC,379,1,1
1120,IPC,379,1,1
1121,IPC,379,1,1
1122,IPC,379,1,1
1123,IPC,379,1,1
1124,IPC,392,1,1
1125,IPC,379,1,1
1126,IPC,307,1,1
1127,IPC,379,1,1
1128,IPC,379,1,1
1129,IPC,379,1,1
1130,IPC,307,1,1
1131,IPC,379,1,1
1132,IPC,379,1,1
1133,IPC,307,1,1
1134,IPC,379,1,1
1135,IPC,379,1,1
1136,IPC,392,1,1
1137,IPC,379,1,1
1138,IPC,307,1,1
1139,IPC,392,1,1
1140,IPC,392,1,1
1141,IPC,392,1,1
1142,IPC,379,1,1
1143,IPC,379,1,1
1144,IPC,379,1,1
1145,IPC,379,1,1
1146,IPC,379,1,1
1147,IPC,379,1,1
1148,IPC,307,1,1
1149,IPC,379,1,1
1150,IPC,379,1,1
1151,IPC,379,1,1
1152,IPC,379,1,1
1153,IPC,379,1,1
1154,IPC,379,1,1
1155,IPC,379,1,1
1156,IPC,379,1,1
1157,IPC,379,1,1
1158,IPC,379,1,1
1159,IPC,379,1,1
1160,IPC,379,1,1
1161,IPC,379,1,1
1162,IPC,379,1,1
1163,IPC,379,1,1
1164,IPC,379,1,1
1165,IPC,379,1,1
1166,IPC,379,1,1
1167,IPC,379,1,1
1168,IPC,379,1,1
1169,IPC,379,1,1
1170,IPC,379,1,1
1171,IPC,379,1,1
1172,IPC,379,1,1
1173,IPC,379,1,1
1174,IPC,379,1,1
1175,IPC,379,1,1
1176,IPC,379,1,1
1177,IPC,379,1,1
1178,IPC,379,1,1
1179,IPC,379,1,1
1180,IPC,379,1,1
1181,IPC,392,1,1
1182,IPC,379,1,1
1183,IPC,379,1,1
1184,IPC,379,1,1
1185,IPC,392,1,1
1186,IPC,379,1,1
1187,IPC,379,1,1
1188,IPC,392,1,1
1189,IPC,392,1,1
1190,IPC,379,1,1
1191,IPC,379,1,1
1192,IPC,379,1,1
1193,IPC,379,1,1
1194,IPC,379,1,1
1195,IPC,379,1,1
1196,IPC,379,1,1
1197,IPC,379,1,1
1198,IPC,379,1,1
1199,IPC,379,1,1
1200,IPC,379,1,1
1201,IPC,392,1,1
1202,IPC,307,1,1
1203,IPC,379,1,1
1204,IPC,379,1,1
1205,IPC,379,1,1
1206,IPC,379,1,1
1207,IPC,379,1,1
1208,IPC,379,1,1
1209,IPC,379,1,1
1210,IPC,379,1,1
1211,IPC,379,1,1
1212,IPC,379,1,1
1213,IPC,379,1,1
1214,IPC,379,1,1
1215,IPC,379,1,1
1216,IPC,379,1,1
1217,IPC,392,1,1
1218,IPC,379,1,1
1219,IPC,379,1,1
1220,IPC,379,1,1
1221,IPC,379,1,1
1222,IPC,379,1,1
1223,IPC,379,1,1
1224,IPC,379,1,1
1225,IPC,379,1,1
1226,IPC,379,1,1
1227,IPC,379,1,1
1228,IPC,379,1,1
1229,IPC,379,1,1
1230,IPC,307,1,1
1231,IPC,379,1,1
1232,IPC,379,1,1
1233,IPC,379,1,1
1234,IPC,379,1,1
1235,IPC,379,1,1
1236,IPC,379,1,1
1237,IPC,379,1,1
1238,IPC,379,1,1
1239,IPC,379,1,1
1240,IPC,379,1,1
1241,IPC,379,1,1
1242,IPC,379,1,1
1243,IPC,379,1,1
1244,IPC,379,1,1
1245,IPC,379,1,1
1246,IPC,379,1,1
1247,IPC,379,1,1
1248,IPC,379,1,1
1249,IPC,307,1,1
1250,IPC,379,1,1
1251,IPC,307,1,1
1252,IPC,379,1,1
1253,IPC,392,1,1
1254,IPC,379,1,1
1255,IPC,379,1,1
1256,IPC,307,1,1
1257,IPC,379,1,1
1258,IPC,307,1,1
1259,IPC,392,1,1
1260,IPC,392,1,1
1261,IPC,379,1,1
1262,IPC,307,1,1
1263,IPC,392,1,1
1264,IPC,379,1,1
1265,IPC,379,1,1
1266,IPC,379,1,1
1267,IPC,379,1,1
1268,IPC,307,1,1
1269,IPC,379,1,1
1270,IPC,379,1,1
1271,IPC,379,1,1
1272,IPC,392,1,1
1273,IPC,379,1,1
1274,IPC,379,1,1
1275,IPC,379,1,1
1276,IPC,307,1,1
1277,IPC,379,1,1
1278,IPC,379,1,1
1279,IPC,379,1,1
1280,IPC,379,1,1
1281,IPC,379,1,1
1282,IPC,379,1,1
1283,IPC,379,1,1
1284,IPC,379,1,1
1285,IPC,392,1,1
1286,IPC,379,1,1
1287,IPC,392,1,1
1288,IPC,379,1,1
1289,IPC,379,1,1
1290,IPC,392,1,1
1291,IPC,379,1,1
1292,IPC,392,1,1
1293,IPC,307,1,1
1294,IPC,379,1,1
1295,IPC,307,1,1
1296,IPC,379,1,1
1297,IPC,379,1,1
1298,IPC,392,1,1
1299,IPC,379,1,1
1300,IPC,379,1,1
1301,IPC,379,1,1
1302,IPC,379,1,1
1303,IPC,379,1,1
1304,IPC,379,1,1
1305,IPC,379,1,1
1306,IPC,379,1,1
1307,IPC,379,1,1
1308,IPC,379,1,1
1309,IPC,379,1,1
1310,IPC,379,1,1
1311,IPC,379,1,1
1312,IPC,379,1,1
1313,IPC,392,1,1
1314,IPC,379,1,1
1315,IPC,379,1,1
1316,IPC,379,1,1
1317,IPC,379,1,1
1318,IPC,379,1,1
1319,IPC,307,1,1
1320,IPC,379,1,1
1321,IPC,379,1,1
1322,IPC,379,1,1
1323,IPC,307,1,1
1324,IPC,379,1,1
1325,IPC,379,1,1
1326,IPC,379,1,1
1327,IPC,379,1,1
1328,IPC,379,1,1
1329,IPC,379,1,1
1330,IPC,379,1,1
1331,IPC,307,1,1
1332,IPC,307,1,1
1333,IPC,379,1,1
1334,IPC,379,1,1
1335,IPC,379,1,1
1336,IPC,392,1,1
1337,IPC,379,1,1
1338,IPC,379,1,1
1339,IPC,379,1,1
1340,IPC,379,1,1
1341,IPC,379,1,1
1342,IPC,379,1,1
1343,IPC,379,1,1
1344,IPC,307,1,1
1345,IPC,379,1,1
1346,IPC,379,1,1
1347,IPC,379,1,1
1348,IPC,379,1,1
1349,IPC,379,1,1
1350,IPC,307,1,1
1351,IPC,379,1,1
1352,IPC,379,1,1
1353,IPC,379,1,1
1354,IPC,379,1,1
1355,IPC,379,1,1
1356,IPC,392,1,1
1357,IPC,307,1,1
1358,IPC,379,1,1
1359,IPC,379,1,1
1360,IPC,379,1,1
1361,IPC,392,1,1
1362,IPC,307,1,1
1363,IPC,379,1,1
1364,IPC,379,1,1
1365,IPC,379,1,1
1366,IPC,307,1,1
1367,IPC,379,1,1
1368,IPC,379,1,1
1369,IPC,379,1,1
1370,IPC,392,1,1
1371,IPC,379,1,1
1372,IPC,379,1,1
1373,IPC,379,1,1
1374,IPC,379,1,1
1375,IPC,379,1,1
1376,IPC,379,1,1
1377,IPC,379,1,1
1378,IPC,379,1,1
1379,IPC,379,1,1
1380,IPC,379,1,1
1381,IPC,379,1,1
1382,IPC,379,1,1
1383,IPC,379,1,1
1384,IPC,307,1,1
1385,IPC,379,1,1
1386,IPC,379,1,1
1387,IPC,379,1,1
1388,IPC,379,1,1
1389,IPC,379,1,1
1390,IPC,307,1,1
1391,IPC,379,1,1
1392,IPC,379,1,1
1393,IPC,379,1,1
1394,IPC,379,1,1
1395,IPC,307,1,1
1396,IPC,392,1,1
1397,IPC,379,1,1
1398,IPC,379,1,1
1399,IPC,379,1,1
1400,IPC,379,1,1
1401,IPC,392,1,1
1402,IPC,379,1,1
1403,IPC,379,1,1
1404,IPC,379,1,1
1405,IPC,379,1,1
1406,IPC,379,1,1
1407,IPC,379,1,1
1408,IPC,379,1,1
1409,IPC,307,1,1
1410,IPC,307,1,1
1411,IPC,379,1,1
1412,IPC,379,1,1
1413,IPC,379,1,1
1414,IPC,379,1,1
1415,IPC,379,1,1
1416,IPC,379,1,1
1417,IPC,379,1,1
1418,IPC,379,1,1
1419,IPC,379,1,1
1420,IPC,379,1,1
1421,IPC,379,1,1
1422,IPC,379,1,1
1423,IPC,379,1,1
1424,IPC,379,1,1
1425,IPC,392,1,1
1426,IPC,379,1,1
1427,IPC,379,1,1
1428,IPC,379,1,1
1429,IPC,379,1,1
1430,IPC,379,1,1
1431,IPC,379,1,1
1432,IPC,379,1,1
1433,IPC,379,1,1
1434,IPC,392,1,1
1435,IPC,379,1,1
1436,IPC,379,1,1
1437,IPC,392,1,1
1438,IPC,379,1,1
1439,IPC,379,1,1
1440,IPC,379,1,1
1441,IPC,379,1,1
1442,IPC,379,1,1
1443,IPC,379,1,1
1444,IPC,379,1,1
1445,IPC,379,1,1
1446,IPC,379,1,1
1447,IPC,379,1,1
1448,IPC,392,1,1
1449,IPC,379,1,1
1450,IPC,379,1,1
1451,IPC,379,1,1
1452,IPC,379,1,1
1453,IPC,379,1,1
1454,IPC,379,1,1
1455,IPC,379,1,1
1456,IPC,379,1,1
1457,IPC,379,1,1
1458,IPC,307,1,1
1459,IPC,379,1,1
1460,IPC,379,1,1
1461,IPC,379,1,1
1462,IPC,379,1,1
1463,IPC,379,1,1
1464,IPC,379,1,1
1465,IPC,379,1,1
1466,IPC,379,1,1
1467,IPC,307,1,1
1468,IPC,379,1,1
1469,IPC,379,1,1
1470,IPC,379,1,1
1471,IPC,379,1,1
1472,IPC,379,1,1
1473,IPC,379,1,1
1474,IPC,379,1,1
1475,IPC,379,1,1
1476,IPC,379,1,1
1477,IPC,379,1,1
1478,IPC,379,1,1
1479,IPC,379,1,1
1480,IPC,392,1,1
1481,IPC,379,1,1
1482,IPC,307,1,1
1483,IPC,379,1,1
1484,IPC,379,1,1
1485,IPC,379,1,1
1486,IPC,379,1,1
1487,IPC,379,1,1
1488,IPC,307,1,1
1489,IPC,379,1,1
1490,IPC,307,1,1
1491,IPC,307,1,1
1492,IPC,379,1,1
1493,IPC,379,1,1
1494,IPC,379,1,1
1495,IPC,379,1,1
1496,IPC,379,1,1
1497,IPC,379,1,1
1498,IPC,392,1,1
1499,IPC,379,1,1
1500,IPC,379,1,1
1501,IPC,392,1,1
1502,IPC,379,1,1
1503,IPC,379,1,1
1504,IPC,379,1,1
1505,IPC,392,1,1
1506,IPC,379,1,1
1507,IPC,379,1,1
1508,IPC,379,1,1
1509,IPC,379,1,1
1510,IPC,379,1,1
1511,IPC,379,1,1
1512,IPC,379,1,1
1513,IPC,307,1,1
1514,IPC,379,1,1
1515,IPC,392,1,1
1516,IPC,379,1,1
1517,IPC,307,1,1
1518,IPC,392,1,1
1519,IPC,379,1,1
1520,IPC,307,1,1
1521,IPC,379,1,1
1522,IPC,379,1,1
1523,IPC,379,1,1
1524,IPC,379,1,1
1525,IPC,379,1,1
1526,IPC,379,1,1
1527,IPC,379,1,1
1528,IPC,379,1,1
1529,IPC,379,1,1
1530,IPC,379,1,1
1531,IPC,379,1,1
1532,IPC,392,1,1
1533,IPC,379,1,1
1534,IPC,379,1,1
1535,IPC,379,1,1
1536,IPC,379,1,1
1537,IPC,307,1,1
1538,IPC,379,1,1
1539,IPC,379,1,1
1540,IPC,379,1,1
1541,IPC,379,1,1
1542,IPC,379,1,1
1543,IPC,379,1,1
1544,IPC,379,1,1
1545,IPC,307,1,1
1546,IPC,379,1,1
1547,IPC,392,1,1
1548,IPC,379,1,1
1549,IPC,307,1,1
1550,IPC,307,1,1
1551,IPC,379,1,1
1552,IPC,379,1,1
1553,IPC,379,1,1
1554,IPC,379,1,1
1555,IPC,379,1,1
1556,IPC,379,1,1
1557,IPC,307,1,1
1558,IPC,379,1,1
1559,IPC,379,1,1
1560,IPC,379,1,1
1561,IPC,379,1,1
1562,IPC,379,1,1
1563,IPC,379,1,1
1564,IPC,307,1,1
1565,IPC,379,1,1
1566,IPC,379,1,1
1567,IPC,379,1,1
1568,IPC,307,1,1
1569,IPC,379,1,1
1570,IPC,379,1,1
1571,IPC,379,1,1
1572,IPC,379,1,1
1573,IPC,379,1,1
1574,IPC,307,1,1
1575,IPC,379,1,1
1576,IPC,379,1,1
1577,IPC,379,1,1
1578,IPC,379,1,1
1579,IPC,392,1,1
1580,IPC,379,1,1
1581,IPC,379,1,1
1582,IPC,307,1,1
1583,IPC,379,1,1
1584,IPC,379,1,1
1585,IPC,379,1,1
1586,IPC,379,1,1
1587,IPC,379,1,1
1588,IPC,379,1,1
1589,IPC,379,1,1
1590,IPC,379,1,1
1591,IPC,379,1,1
1592,IPC,379,1,1
1593,IPC,379,1,1
1594,IPC,379,1,1
1595,IPC,379,1,1
1596,IPC,392,1,1
1597,IPC,379,1,1
1598,IPC,379,1,1
1599,IPC,379,1,1
1600,IPC,379,1,1
1601,IPC,379,1,1
1602,IPC,379,1,1
1603,IPC,379,1,1
1604,IPC,379,1,1
1605,IPC,379,1,1
1606,IPC,379,1,1
1607,IPC,307,1,1
1608,IPC,392,1,1
1609,IPC,379,1,1
1610,IPC,379,1,1
1611,IPC,379,1,1
1612,IPC,379,1,1
1613,IPC,379,1,1
1614,IPC,379,1,1
1615,IPC,307,1,1
1616,IPC,379,1,1
1617,IPC,379,1,1
1618,IPC,379,1,1
1619,IPC,379,1,1
1620,IPC,379,1,1
1621,IPC,379,1,1
1622,IPC,379,1,1
1623,IPC,379,1,1
1624,IPC,307,1,1
1625,IPC,379,1,1
1626,IPC,379,1,1
1627,IPC,379,1,1
1628,IPC,379,1,1
1629,IPC,379,1,1
1630,IPC,379,1,1
1631,IPC,307,1,1
1632,IPC,379,1,1
1633,IPC,379,1,1
1634,IPC,379,1,1
1635,IPC,379,1,1
1636,IPC,379,1,1
1637,IPC,379,1,1
1638,IPC,379,1,1
1639,IPC,379,1,1
1640,IPC,379,1,1
1641,IPC,379,1,1
1642,IPC,379,1,1
1643,IPC,379,1,1
1644,IPC,379,1,1
1645,IPC,379,1,1
1646,IPC,379,1,1
1647,IPC,379,1,1
1648,IPC,392,1,1
1649,IPC,379,1,1
1650,IPC,379,1,1
1651,IPC,379,1,1
1652,IPC,379,1,1
1653,IPC,379,1,1
1654,IPC,379,1,1
1655,IPC,379,1,1
1656,IPC,307,1,1
1657,IPC,379,1,1
1658,IPC,379,1,1
1659,IPC,379,1,1
1660,IPC,392,1,1
1661,IPC,379,1,1
1662,IPC,392,1,1
1663,IPC,307,1,1
1664,IPC,379,1,1
1665,IPC,379,1,1
1666,IPC,379,1,1
1667,IPC,379,1,1
1668,IPC,379,1,1
1669,IPC,379,1,1
1670,IPC,379,1,1
1671,IPC,379,1,1
1672,IPC,379,1,1
1673,IPC,379,1,1
1674,IPC,379,1,1
1675,IPC,379,1,1
1676,IPC,379,1,1
1677,IPC,379,1,1
1678,IPC,379,1,1
1679,IPC,379,1,1
1680,IPC,379,1,1
1681,IPC,379,1,1
1682,IPC,379,1,1
1683,IPC,307,1,1
1684,IPC,379,1,1
1685,IPC,379,1,1
1686,IPC,307,1,1
1687,IPC,379,1,1
1688,IPC,379,1,1
1689,IPC,379,1,1
1690,IPC,379,1,1
1691,IPC,379,1,1
1692,IPC,379,1,1
1693,IPC,379,1,1
1694,IPC,379,1,1
1695,IPC,379,1,1
1696,IPC,379,1,1
1697,IPC,379,1,1
1698,IPC,379,1,1
1699,IPC,379,1,1
1700,IPC,379,1,1
1701,IPC,379,1,1
1702,IPC,379,1,1
1703,IPC,379,1,1
1704,IPC,379,1,1
1705,IPC,392,1,1
1706,IPC,379,1,1
1707,IPC,379,1,1
1708,IPC,392,1,1
1709,IPC,379,1,1
1710,IPC,392,1,1
1711,IPC,379,1,1
1712,IPC,379,1,1
1713,IPC,379,1,1
1714,IPC,379,1,1
1715,IPC,379,1,1
1716,IPC,307,1,1
1717,IPC,379,1,1
1718,IPC,379,1,1
1719,IPC,379,1,1
1720,IPC,379,1,1
1721,IPC,379,1,1
1722,IPC,392,1,1
1723,IPC,379,1,1
1724,IPC,379,1,1
1725,IPC,379,1,1
1726,IPC,379,1,1
1727,IPC,379,1,1
1728,IPC,307,1,1
1729,IPC,379,1,1
1730,IPC,379,1,1
1731,IPC,392,1,1
1732,IPC,379,1,1
1733,IPC,379,1,1
1734,IPC,379,1,1
1735,IPC,379,1,1
1736,IPC,379,1,1
1737,IPC,379,1,1
1738,IPC,379,1,1
1739,IPC,307,1,1
1740,IPC,379,1,1
1741,IPC,379,1,1
1742,IPC,379,1,1
1743,IPC,379,1,1
1744,IPC,379,1,1
1745,IPC,379,1,1
1746,IPC,307,1,1
1747,IPC,379,1,1
1748,IPC,379,1,1
1749,IPC,379,1,1
1750,IPC,379,1,1
1751,IPC,379,1,1
1752,IPC,379,1,1
1753,IPC,379,1,1
1754,IPC,379,1,1
1755,IPC,307,1,1
1756,IPC,307,1,1
1757,IPC,379,1,1
1758,IPC,379,1,1
1759,IPC,379,1,1
1760,IPC,379,1,1
1761,IPC,379,1,1
1762,IPC,379,1,1
1763,IPC,379,1,1
1764,IPC,379,1,1
1765,IPC,379,1,1
1766,IPC,379,1,1
1767,IPC,379,1,1
1768,IPC,379,1,1
1769,IPC,379,1,1
1770,IPC,379,1,1
1771,IPC,379,1,1
1772,IPC,379,1,1
1773,IPC,379,1,1
1774,IPC,379,1,1
1775,IPC,307,1,1
1776,IPC,379,1,1
1777,IPC,379,1,1
1778,IPC,379,1,1
1779,IPC,307,1,1
1780,IPC,379,1,1
1781,IPC,379,1,1
1782,IPC,392,1,1
1783,IPC,379,1,1
1784,IPC,392,1,1
1785,IPC,379,1,1
1786,IPC,379,1,1
1787,IPC,379,1,1
1788,IPC,379,1,1
1789,IPC,379,1,1
1790,IPC,379,1,1
1791,IPC,379,1,1
1792,IPC,392,1,1
1793,IPC,379,1,1
1794,IPC,379,1,1
1795,IPC,379,1,1
1796,IPC,392,1,1
1797,IPC,379,1,1
1798,IPC,379,1,1
1799,IPC,379,1,1
1800,IPC,307,1,1
1801,IPC,307,1,1
1802,IPC,379,1,1
1803,IPC,307,1,1
1804,IPC,392,1,1
1805,IPC,379,1,1
1806,IPC,392,1,1
1807,IPC,379,1,1
1808,IPC,379,1,1
1809,IPC,379,1,1
1810,IPC,379,1,1
1811,IPC,379,1,1
1812,IPC,379,1,1
1813,IPC,379,1,1
1814,IPC,379,1,1
1815,IPC,379,1,1
1816,IPC,379,1,1
1817,IPC,379,1,1
1818,IPC,379,1,1
1819,IPC,379,1,1
1820,IPC,379,1,1
1821,IPC,379,1,1
1822,IPC,379,1,1
1823,IPC,379,1,1
1824,IPC,392,1,1
1825,IPC,379,1,1
1826,IPC,379,1,1
1827,IPC,307,1,1
1828,IPC,379,1,1
1829,IPC,379,1,1
1830,IPC,379,1,1
1831,IPC,307,1,1
1832,IPC,379,1,1
1833,IPC,392,1,1
1834,IPC,379,1,1
1835,IPC,379,1,1
1836,IPC,379,1,1
1837,IPC,392,1,1
1838,IPC,392,1,1
1839,IPC,379,1,1
1840,IPC,379,1,1
1841,IPC,379,1,1
1842,IPC,379,1,1
1843,IPC,379,1,1
1844,IPC,379,1,1
1845,IPC,379,1,1
1846,IPC,379,1,1
1847,IPC,379,1,1
1848,IPC,379,1,1
1849,IPC,379,1,1
1850,IPC,379,1,1
1851,IPC,379,1,1
1852,IPC,379,1,1
1853,IPC,379,1,1
1854,IPC,307,1,1
1855,IPC,379,1,1
1856,IPC,379,1,1
1857,IPC,307,1,1
1858,IPC,379,1,1
1859,IPC,392,1,1
1860,IPC,379,1,1
1861,IPC,379,1,1
1862,IPC,379,1,1
1863,IPC,307,1,1
1864,IPC,379,1,1
1865,IPC,379,1,1
1866,IPC,379,1,1
1867,IPC,379,1,1
1868,IPC,379,1,1
1869,IPC,379,1,1
1870,IPC,379,1,1
1871,IPC,379,1,1
1872,IPC,379,1,1
1873,IPC,379,1,1
1874,IPC,379,1,1
1875,IPC,307,1,1
1876,IPC,307,1,1
1877,IPC,379,1,1
1878,IPC,379,1,1
1879,IPC,379,1,1
1880,IPC,379,1,1
1881,IPC,379,1,1
1882,IPC,379,1,1
1883,IPC,379,1,1
1884,IPC,307,1,1
1885,IPC,379,1,1
1886,IPC,307,1,1
1887,IPC,379,1,1
1888,IPC,379,1,1
1889,IPC,392,1,1
1890,IPC,392,1,1
1891,IPC,379,1,1
1892,IPC,379,1,1
1893,IPC,379,1,1
1894,IPC,379,1,1
1895,IPC,379,1,1
1896,IPC,379,1,1
1897,IPC,379,1,1
1898,IPC,379,1,1
1899,IPC,379,1,1
1900,IPC,379,1,1
1901,IPC,379,1,1
1902,IPC,379,1,1
1903,IPC,379,1,1
1904,IPC,379,1,1
1905,IPC,379,1,1
1906,IPC,379,1,1
1907,IPC,392,1,1
1908,IPC,379,1,1
1909,IPC,379,1,1
1910,IPC,379,1,1
1911,IPC,379,1,1
1912,IPC,379,1,1
1913,IPC,379,1,1
1914,IPC,379,1,1
1915,IPC,379,1,1
1916,IPC,379,1,1
1917,IPC,379,1,1
1918,IPC,379,1,1
1919,IPC,379,1,1
1920,IPC,379,1,1
1921,IPC,379,1,1
1922,IPC,379,1,1
1923,IPC,379,1,1
1924,IPC,379,1,1
1925,IPC,392,1,1
1926,IPC,392,1,1
1927,IPC,379,1,1
1928,IPC,392,1,1
1929,IPC,379,1,1
1930,IPC,379,1,1
1931,IPC,379,1,1
1932,IPC,379,1,1
1933,IPC,307,1,1
1934,IPC,379,1,1
1935,IPC,379,1,1
1936,IPC,379,1,1
1937,IPC,379,1,1
1938,IPC,379,1,1
1939,IPC,379,1,1
1940,IPC,379,1,1
1941,IPC,379,1,1
1942,IPC,379,1,1
1943,IPC,379,1,1
1944,IPC,379,1,1
1945,IPC,379,1,1
1946,IPC,379,1,1
1947,IPC,392,1,1
1948,IPC,379,1,1
1949,IPC,379,1,1
1950,IPC,379,1,1
1951,IPC,379,1,1
1952,IPC,379,1,1
1953,IPC,379,1,1
1954,IPC,379,1,1
1955,IPC,379,1,1
1956,IPC,379,1,1
1957,IPC,379,1,1
1958,IPC,379,1,1
1959,IPC,379,1,1
1960,IPC,392,1,1
1961,IPC,379,1,1
1962,IPC,379,1,1
1963,IPC,379,1,1
1964,IPC,379,1,1
1965,IPC,379,1,1
1966,IPC,379,1,1
1967,IPC,379,1,1
1968,IPC,379,1,1
1969,IPC,379,1,1
1970,IPC,379,1,1
1971,IPC,379,1,1
1972,IPC,379,1,1
1973,IPC,379,1,1
1974,IPC,392,1,1
1975,IPC,379,1,1
1976,IPC,379,1,1
1977,IPC,379,1,1
1978,IPC,392,1,1
1979,IPC,379,1,1
1980,IPC,379,1,1
1981,IPC,379,1,1
1982,IPC,379,1,1
1983,IPC,379,1,1
1984,IPC,379,1,1
1985,IPC,379,1,1
1986,IPC,392,1,1
1987,IPC,307,1,1
1988,IPC,379,1,1
1989,IPC,392,1,1
1990,IPC,379,1,1
1991,IPC,379,1,1
1992,IPC,379,1,1
1993,IPC,379,1,1
1994,IPC,379,1,1
1995,IPC,379,1,1
1996,IPC,379,1,1
1997,IPC,379,1,1
1998,IPC,379,1,1
1999,IPC,379,1,1
2000,IPC,392,1,1
2001,IPC,379,1,1
2002,IPC,379,1,1
2003,IPC,307,1,1
2004,IPC,379,1,1
2005,IPC,379,1,1
2006,IPC,379,1,1
2007,IPC,392,1,1
2008,IPC,379,1,1
2009,IPC,379,1,1
2010,IPC,379,1,1
2011,IPC,379,1,1
2012,IPC,379,1,1
2013,IPC,379,1,1
2014,IPC,379,1,1
2015,IPC,392,1,1
2016,IPC,379,1,1
2017,IPC,379,1,1
2018,IPC,379,1,1
2019,IPC,379,1,1
2020,IPC,392,1,1
2021,IPC,379,1,1
2022,IPC,379,1,1
2023,IPC,307,1,1
2024,IPC,379,1,1
2025,IPC,379,1,1
2026,IPC,307,1,1
2027,IPC,379,1,1
2028,IPC,379,1,1
2029,IPC,379,1,1
2030,IPC,379,1,1
2031,IPC,379,1,1
2032,IPC,379,1,1
2033,IPC,379,1,1
2034,IPC,379,1,1
2035,IPC,379,1,1
2036,IPC,379,1,1
2037,IPC,379,1,1
2038,IPC,307,1,1
2039,IPC,379,1,1
2040,IPC,379,1,1
2041,IPC,379,1,1
2042,IPC,379,1,1
2043,IPC,379,1,1
2044,IPC,379,1,1
2045,IPC,379,1,1
2046,IPC,379,1,1
2047,IPC,379,1,1
2048,IPC,379,1,1
2049,IPC,379,1,1
2050,IPC,379,1,1
2051,IPC,379,1,1
2052,IPC,379,1,1
2053,IPC,379,1,1
2054,IPC,379,1,1
2055,IPC,379,1,1
2056,IPC,379,1,1
2057,IPC,379,1,1
2058,IPC,379,1,1
2059,IPC,379,1,1
2060,IPC,379,1,1
2061,IPC,379,1,1
2062,IPC,379,1,1
2063,IPC,307,1,1
2064,IPC,379,1,1
2065,IPC,379,1,1
2066,IPC,379,1,1
2067,IPC,379,1,1
2068,IPC,307,1,1
2069,IPC,379,1,1
2070,IPC,379,1,1
2071,IPC,379,1,1
2072,IPC,307,1,1
2073,IPC,379,1,1
2074,IPC,379,1,1
2075,IPC,379,1,1
2076,IPC,379,1,1
2077,IPC,379,1,1
2078,IPC,379,1,1
2079,IPC,379,1,1
2080,IPC,307,1,1
2081,IPC,379,1,1
2082,IPC,379,1,1
2083,IPC,379,1,1
2084,IPC,379,1,1
2085,IPC,379,1,1
2086,IPC,379,1,1
2087,IPC,379,1,1
2088,IPC,379,1,1
2089,IPC,379,1,1
2090,IPC,379,1,1
2091,IPC,379,1,1
2092,IPC,379,1,1
2093,IPC,379,1,1
2094,IPC,379,1,1
2095,IPC,392,1,1
2096,IPC,379,1,1
2097,IPC,379,1,1
2098,IPC,379,1,1
2099,IPC,307,1,1
2100,IPC,379,1,1
2101,IPC,379,1,1
2102,IPC,379,1,1
2103,IPC,379,1,1
2104,IPC,379,1,1
2105,IPC,379,1,1
2106,IPC,379,1,1
2107,IPC,307,1,1
2108,IPC,379,1,1
2109,IPC,379,1,1
2110,IPC,392,1,1
2111,IPC,379,1,1
2112,IPC,379,1,1
2113,IPC,379,1,1
2114,IPC,379,1,1
2115,IPC,379,1,1
2116,IPC,379,1,1
2117,IPC,379,1,1
2118,IPC,379,1,1
2119,IPC,379,1,1
2120,IPC,379,1,1
2121,IPC,379,1,1
2122,IPC,379,1,1
2123,IPC,379,1,1
2124,IPC,379,1,1
2125,IPC,379,1,1
2126,IPC,379,1,1
2127,IPC,379,1,1
2128,IPC,307,1,1
2129,IPC,379,1,1
2130,IPC,307,1,1
2131,IPC,379,1,1
2132,IPC,307,1,1
2133,IPC,379,1,1
2134,IPC,379,1,1
2135,IPC,379,1,1
2136,IPC,379,1,1
2137,IPC,379,1,1
2138,IPC,307,1,1
2139,IPC,379,1,1
2140,IPC,392,1,1
2141,IPC,379,1,1
2142,IPC,379,1,1
2143,IPC,379,1,1
2144,IPC,379,1,1
2145,IPC,379,1,1
2146,IPC,307,1,1
2147,IPC,379,1,1
2148,IPC,379,1,1
2149,IPC,379,1,1
2150,IPC,392,1,1
2151,IPC,379,1,1
2152,IPC,392,1,1
2153,IPC,392,1,1
2154,IPC,379,1,1
2155,IPC,379,1,1
2156,IPC,307,1,1
2157,IPC,379,1,1
2158,IPC,379,1,1
2159,IPC,379,1,1
2160,IPC,379,1,1
2161,IPC,392,1,1
2162,IPC,379,1,1
2163,IPC,379,1,1
2164,IPC,307,1,1
2165,IPC,307,1,1
2166,IPC,379,1,1
2167,IPC,379,1,1
2168,IPC,379,1,1
2169,IPC,379,1,1
2170,IPC,379,1,1
2171,IPC,379,1,1
2172,IPC,392,1,1
2173,IPC,379,1,1
2174,IPC,392,1,1
2175,IPC,379,1,1
2176,IPC,379,1,1
2177,IPC,379,1,1
2178,IPC,379,1,1
2179,IPC,379,1,1
2180,IPC,307,1,1
2181,IPC,379,1,1
2182,IPC,379,1,1
2183,IPC,379,1,1
2184,IPC,379,1,1
2185,IPC,379,1,1
2186,IPC,379,1,1
2187,IPC,379,1,1
2188,IPC,379,1,1
2189,IPC,379,1,1
2190,IPC,392,1,1
2191,IPC,379,1,1
2192,IPC,379,1,1
2193,IPC,379,1,1
2194,IPC,392,1,1
2195,IPC,379,1,1
2196,IPC,379,1,1
2197,IPC,379,1,1
2198,IPC,379,1,1
2199,IPC,379,1,1
2200,IPC,379,1,1
2201,IPC,379,1,1
2202,IPC,379,1,1
2203,IPC,379,1,1
2204,IPC,379,1,1
2205,IPC,307,1,1
2206,IPC,379,1,1
2207,IPC,379,1,1
2208,IPC,307,1,1
2209,IPC,392,1,1
2210,IPC,379,1,1
2211,IPC,379,1,1
2212,IPC,379,1,1
2213,IPC,379,1,1
2214,IPC,392,1,1
2215,IPC,379,1,1
2216,IPC,379,1,1
2217,IPC,379,1,1
2218,IPC,379,1,1
2219,IPC,307,1,1
2220,IPC,392,1,1
2221,IPC,379,1,1
2222,IPC,379,1,1
2223,IPC,379,1,1
2224,IPC,379,1,1
2225,IPC,379,1,1
2226,IPC,392,1,1
2227,IPC,379,1,1
2228,IPC,379,1,1
2229,IPC,379,1,1
2230,IPC,379,1,1
2231,IPC,379,1,1
2232,IPC,379,1,1
2233,IPC,379,1,1
2234,IPC,379,1,1
2235,IPC,379,1,1
2236,IPC,307,1,1
2237,IPC,379,1,1
2238,IPC,379,1,1
2239,IPC,379,1,1
2240,IPC,379,1,1
2241,IPC,379,1,1
2242,IPC,379,1,1
2243,IPC,392,1,1
2244,IPC,379,1,1
2245,IPC,392,1,1
2246,IPC,379,1,1
2247,IPC,392,1,1
2248,IPC,379,1,1
2249,IPC,392,1,1
2250,IPC,392,1,1
2251,IPC,379,1,1
2252,IPC,379,1,1
2253,IPC,379,1,1
2254,IPC,379,1,1
2255,IPC,379,1,1
2256,IPC,379,1,1
2257,IPC,307,1,1
2258,IPC,379,1,1
2259,IPC,307,1,1
2260,IPC,379,1,1
2261,IPC,379,1,1
2262,IPC,379,1,1
2263,IPC,379,1,1
2264,IPC,379,1,1
2265,IPC,307,1,1
2266,IPC,379,1,1
2267,IPC,379,1,1
2268,IPC,379,1,1
2269,IPC,379,1,1
2270,IPC,379,1,1
2271,IPC,379,1,1
2272,IPC,307,1,1
2273,IPC,379,1,1
2274,IPC,392,1,1
2275,IPC,379,1,1
2276,IPC,392,1,1
2277,IPC,379,1,1
2278,IPC,392,1,1
2279,IPC,307,1,1
2280,IPC,379,1,1
2281,IPC,379,1,1
2282,IPC,379,1,1
2283,IPC,307,1,1
2284,IPC,379,1,1
2285,IPC,379,1,1
2286,IPC,379,1,1
2287,IPC,307,1,1
2288,IPC,379,1,1
2289,IPC,379,1,1
2290,IPC,392,1,1
2291,IPC,379,1,1
2292,IPC,392,1,1
2293,IPC,379,1,1
2294,IPC,379,1,1
2295,IPC,379,1,1
2296,IPC,379,1,1
2297,IPC,379,1,1
2298,IPC,379,1,1
2299,IPC,307,1,1
2300,IPC,379,1,1
2301,IPC,379,1,1
2302,IPC,392,1,1
2303,IPC,392,1,1
2304,IPC,379,1,1
2305,IPC,379,1,1
2306,IPC,379,1,1
2307,IPC,307,1,1
2308,IPC,379,1,1
2309,IPC,379,1,1
2310,IPC,379,1,1
2311,IPC,379,1,1
2312,IPC,379,1,1
2313,IPC,307,1,1
2314,IPC,379,1,1
2315,IPC,379,1,1
2316,IPC,379,1,1
2317,IPC,379,1,1
2318,IPC,379,1,1
2319,IPC,379,1,1
2320,IPC,379,1,1
2321,IPC,379,1,1
2322,IPC,379,1,1
2323,IPC,392,1,1
2324,IPC,379,1,1
2325,IPC,379,1,1
2326,IPC,379,1,1
2327,IPC,307,1,1
2328,IPC,379,1,1
2329,IPC,379,1,1
2330,IPC,379,1,1
2331,IPC,379,1,1
2332,IPC,379,1,1
2333,IPC,379,1,1
2334,IPC,379,1,1
2335,IPC,379,1,1
2336,IPC,379,1,1
2337,IPC,307,1,1
2338,IPC,379,1,1
2339,IPC,307,1,1
2340,IPC,392,1,1
2341,IPC,379,1,1
2342,IPC,379,1,1
2343,IPC,379,1,1
2344,IPC,379,1,1
2345,IPC,379,1,1
2346,IPC,379,1,1
2347,IPC,379,1,1
2348,IPC,379,1,1
2349,IPC,392,1,1
2350,IPC,379,1,1
2351,IPC,379,1,1
2352,IPC,379,1,1
2353,IPC,379,1,1
2354,IPC,379,1,1
2355,IPC,379,1,1
2356,IPC,379,1,1
2357,IPC,379,1,1
2358,IPC,379,1,1
2359,IPC,379,1,1
2360,IPC,379,1,1
2361,IPC,379,1,1
2362,IPC,379,1,1
2363,IPC,379,1,1
2364,IPC,379,1,1
2365,IPC,379,1,1
2366,IPC,392,1,1
2367,IPC,379,1,1
2368,IPC,379,1,1
2369,IPC,379,1,1
2370,IPC,379,1,1
2371,IPC,379,1,1
2372,IPC,379,1,1
2373,IPC,307,1,1
2374,IPC,307,1,1
2375,IPC,379,1,1
2376,IPC,379,1,1
2377,IPC,379,1,1
2378,IPC,379,1,1
2379,IPC,379,1,1
2380,IPC,379,1,1
2381,IPC,379,1,1
2382,IPC,379,1,1
2383,IPC,379,1,1
2384,IPC,379,1,1
2385,IPC,379,1,1
2386,IPC,379,1,1
2387,IPC,379,1,1
2388,IPC,392,1,1
2389,IPC,307,1,1
2390,IPC,379,1,1
2391,IPC,307,1,1
2392,IPC,379,1,1
2393,IPC,379,1,1
2394,IPC,379,1,1
2395,IPC,379,1,1
2396,IPC,379,1,1
2397,IPC,379,1,1
2398,IPC,379,1,1
2399,IPC,379,1,1
2400,IPC,392,1,1
2401,IPC,379,1,1
2402,IPC,379,1,1
2403,IPC,307,1,1
2404,IPC,379,1,1
2405,IPC,379,1,1
2406,IPC,307,1,1
2407,IPC,379,1,1
2408,IPC,379,1,1
2409,IPC,379,1,1
2410,IPC,379,1,1
2411,IPC,379,1,1
2412,IPC,379,1,1
2413,IPC,379,1,1
2414,IPC,379,1,1
2415,IPC,307,1,1
2416,IPC,379,1,1
2417,IPC,379,1,1
2418,IPC,392,1,1
2419,IPC,379,1,1
2420,IPC,307,1,1
2421,IPC,379,1,1
2422,IPC,379,1,1
2423,IPC,379,1,1
2424,IPC,379,1,1
2425,IPC,379,1,1
2426,IPC,379,1,1
2427,IPC,307,1,1
2428,IPC,307,1,1
2429,IPC,379,1,1
2430,IPC,379,1,1
2431,IPC,379,1,1
2432,IPC,379,1,1
2433,IPC,392,1,1
2434,IPC,379,1,1
2435,IPC,379,1,1
2436,IPC,379,1,1
2437,IPC,379,1,1
2438,IPC,379,1,1
2439,IPC,379,1,1
2440,IPC,379,1,1
2441,IPC,307,1,1
2442,IPC,379,1,1
2443,IPC,379,1,1
2444,IPC,379,1,1
2445,IPC,379,1,1
2446,IPC,379,1,1
2447,IPC,392,1,1
2448,IPC,379,1,1
2449,IPC,379,1,1
2450,IPC,379,1,1
2451,IPC,379,1,1
2452,IPC,379,1,1
2453,IPC,379,1,1
2454,IPC,379,1,1
2455,IPC,379,1,1
2456,IPC,307,1,1
2457,IPC,379,1,1
2458,IPC,307,1,1
2459,IPC,379,1,1
2460,IPC,392,1,1
2461,IPC,379,1,1
2462,IPC,379,1,1
2463,IPC,379,1,1
2464,IPC,379,1,1
2465,IPC,379,1,1
2466,IPC,379,1,1
2467,IPC,379,1,1
2468,IPC,379,1,1
2469,IPC,379,1,1
2470,IPC,307,1,1
2471,IPC,307,1,1
2472,IPC,392,1,1
2473,IPC,379,1,1
2474,IPC,379,1,1
2475,IPC,379,1,1
2476,IPC,379,1,1
2477,IPC,379,1,1
2478,IPC,379,1,1
2479,IPC,379,1,1
2480,IPC,379,1,1
2481,IPC,379,1,1
2482,IPC,379,1,1
2483,IPC,307,1,1
2484,IPC,379,1,1
2485,IPC,379,1,1
2486,IPC,379,1,1
2487,IPC,379,1,1
2488,IPC,379,1,1
2489,IPC,307,1,1
2490,IPC,379,1,1
2491,IPC,379,1,1
2492,IPC,379,1,1
2493,IPC,379,1,1
2494,IPC,307,1,1
2495,IPC,392,1,1
2496,IPC,379,1,1
2497,IPC,379,1,1
2498,IPC,392,1,1
2499,IPC,379,1,1
2500,IPC,379,1,1
