CSID,CaseMasterID,csdate,cstype,PolicePersonID
1,1,2024-08-07,C,1002
2,2,2024-02-26,A,1001
3,3,2025-02-27,C,1001
4,4,2024-08-28,C,1003
5,5,2025-01-07,C,1004
6,6,2024-12-24,C,1004
7,7,2025-04-11,C,1001
8,8,2024-08-25,A,1001
9,9,2024-10-17,C,1002
10,10,2024-09-27,C,1003
11,11,2024-11-12,C,1004
12,12,2024-06-27,A,1002
13,13,2024-07-02,C,1003
14,14,2025-04-04,C,1003
15,15,2025-04-15,C,1001
16,16,2024-03-08,C,1003
17,17,2024-08-10,C,1002
18,18,2024-10-17,A,1002
19,19,2025-01-29,C,1001
20,20,2025-01-31,C,1004
21,21,2024-09-01,C,1003
22,22,2024-05-05,A,1002
23,23,2024-09-03,C,1003
24,24,2024-11-14,C,1001
25,25,2024-10-11,A,1001
26,26,2024-12-18,A,1001
27,27,2024-02-27,C,1001
28,28,2024-01-10,A,1003
29,29,2024-01-16,C,1001
30,30,2024-10-30,C,1002
31,31,2024-05-09,B,1003
32,32,2024-03-03,A,1002
33,33,2024-10-05,C,1003
34,34,2025-02-19,C,1001
35,35,2024-10-26,C,1002
36,36,2024-06-14,C,1002
37,37,2024-07-14,C,1002
38,38,2024-07-06,A,1001
39,39,2024-02-04,C,1001
40,40,2024-02-16,C,1001
41,41,2024-07-29,C,1003
42,42,2025-04-27,C,1004
43,43,2025-02-04,C,1004
44,44,2024-02-11,C,1004
45,45,2025-03-12,C,1001
46,46,2025-02-09,C,1003
47,47,2025-04-12,C,1003
48,48,2024-08-21,B,1003
49,49,2024-10-24,C,1002
50,50,2025-03-16,C,1002
51,51,2024-09-27,C,1002
52,52,2024-12-26,A,1001
53,53,2024-11-05,A,1002
54,54,2025-04-30,B,1003
55,55,2024-04-27,C,1002
56,56,2024-02-13,C,1002
57,57,2024-10-29,C,1003
58,58,2024-05-17,C,1003
59,59,2025-01-29,C,1002
60,60,2024-04-25,C,1003
61,61,2024-09-07,C,1004
62,62,2024-10-17,B,1003
63,63,2024-06-29,B,1003
64,64,2024-06-22,C,1001
65,65,2025-01-28,A,1001
66,66,2025-04-08,C,1004
67,67,2024-01-29,C,1001
68,68,2025-03-19,C,1002
69,69,2024-12-10,A,1003
70,70,2024-10-19,C,1001
71,71,2024-01-03,C,1004
72,72,2024-10-30,A,1001
73,73,2025-02-20,C,1003
74,74,2024-04-11,C,1002
75,75,2024-09-06,C,1004
76,76,2024-12-06,A,1002
77,77,2024-08-18,C,1002
78,78,2024-10-23,A,1002
79,79,2024-03-07,C,1001
80,80,2024-04-24,C,1003
81,81,2024-10-16,A,1001
82,82,2024-11-23,C,1004
83,83,2025-03-10,C,1002
84,84,2024-09-02,C,1001
85,85,2024-11-12,C,1004
86,86,2024-05-03,C,1003
87,87,2024-11-17,C,1003
88,88,2025-03-08,C,1001
89,89,2024-11-27,C,1002
90,90,2024-10-01,C,1001
91,91,2024-02-24,A,1002
92,92,2024-11-06,C,1003
93,93,2024-12-17,C,1003
94,94,2024-03-05,C,1001
95,95,2025-05-07,B,1001
96,96,2024-12-15,C,1004
97,97,2025-04-18,A,1004
98,98,2025-04-13,A,1002
99,99,2024-07-04,A,1003
100,100,2024-11-18,A,1001
101,101,2024-02-13,B,1003
102,102,2025-02-18,C,1002
103,103,2024-04-22,C,1003
104,104,2024-02-07,A,1004
105,105,2024-08-20,C,1003
106,106,2025-05-07,C,1002
107,107,2024-10-02,C,1001
108,108,2024-09-17,C,1002
109,109,2025-03-26,C,1001
110,110,2024-08-01,C,1001
111,111,2024-12-07,C,1002
112,112,2024-12-03,C,1002
113,113,2025-03-13,C,1003
114,114,2024-06-24,C,1004
115,115,2024-01-07,C,1004
116,116,2025-02-04,C,1001
117,117,2025-02-25,C,1001
118,118,2024-05-19,C,1003
119,119,2025-01-24,C,1001
120,120,2024-12-20,C,1004
121,121,2024-12-20,C,1004
122,122,2024-02-19,C,1003
123,123,2025-06-01,A,1001
124,124,2024-05-02,C,1001
125,125,2024-01-03,C,1003
126,126,2024-09-10,C,1002
127,127,2024-08-03,C,1004
128,128,2024-05-20,C,1003
129,129,2024-04-07,B,1003
130,130,2024-02-16,A,1003
131,131,2024-12-06,C,1001
132,132,2024-05-24,A,1001
133,133,2025-04-07,C,1004
134,134,2025-03-22,C,1002
135,135,2024-03-04,C,1003
136,136,2025-05-09,C,1004
137,137,2024-05-19,C,1001
138,138,2024-09-24,C,1001
139,139,2024-06-22,C,1001
140,140,2024-11-03,C,1002
141,141,2024-10-15,C,1001
142,142,2024-05-11,C,1003
143,143,2024-09-06,C,1002
144,144,2024-11-04,C,1003
145,145,2025-04-07,A,1001
146,146,2024-08-26,C,1004
147,147,2024-11-28,A,1002
148,148,2024-08-15,C,1003
149,149,2025-03-29,A,1003
150,150,2024-12-03,C,1002
151,151,2024-12-07,C,1001
152,152,2025-04-11,C,1002
153,153,2024-06-20,C,1001
154,154,2024-09-10,C,1002
155,155,2024-01-05,A,1004
156,156,2024-12-22,C,1003
157,157,2024-07-26,A,1004
158,158,2024-05-31,C,1003
159,159,2024-05-25,C,1001
160,160,2024-09-18,C,1002
161,161,2024-10-21,C,1004
162,162,2024-03-16,C,1003
163,163,2024-11-02,B,1002
164,164,2024-05-16,C,1004
165,165,2025-04-19,C,1002
166,166,2024-03-14,C,1002
167,167,2024-07-05,C,1002
168,168,2025-01-29,C,1003
169,169,2024-08-21,C,1003
170,170,2024-04-17,C,1002
171,171,2024-06-10,C,1004
172,172,2024-08-19,A,1004
173,173,2024-07-14,C,1004
174,174,2024-08-19,C,1002
175,175,2025-04-12,C,1002
176,176,2025-03-03,C,1003
177,177,2024-11-03,C,1001
178,178,2024-11-26,C,1003
179,179,2024-10-18,C,1004
180,180,2024-10-06,C,1003
181,181,2024-12-04,C,1002
182,182,2024-01-04,C,1002
183,183,2024-02-29,C,1001
184,184,2024-08-12,C,1001
185,185,2024-12-07,C,1003
186,186,2024-06-25,C,1002
187,187,2024-07-03,B,1001
188,188,2024-01-19,C,1001
189,189,2024-02-02,C,1004
190,190,2024-04-08,B,1003
191,191,2025-05-26,C,1001
192,192,2024-08-16,C,1002
193,193,2024-07-11,C,1003
194,194,2024-11-11,C,1001
195,195,2025-01-01,C,1004
196,196,2024-11-29,B,1003
197,197,2024-12-31,C,1001
198,198,2025-02-05,C,1004
199,199,2024-02-06,C,1001
200,200,2024-06-25,C,1001
201,201,2025-05-01,C,1001
202,202,2024-11-06,C,1004
203,203,2024-01-25,C,1003
204,204,2024-08-28,C,1001
205,205,2024-08-22,C,1001
206,206,2024-10-06,B,1001
207,207,2024-11-21,C,1003
208,208,2024-10-14,C,1002
209,209,2025-05-01,B,1004
210,210,2024-09-07,C,1001
211,211,2024-11-19,C,1004
212,212,2025-01-07,C,1002
213,213,2024-04-10,C,1004
214,214,2025-03-10,C,1001
215,215,2025-04-08,A,1001
216,216,2024-10-15,A,1003
217,217,2025-01-28,A,1002
218,218,2024-12-21,C,1003
219,219,2024-10-18,C,1004
220,220,2025-03-27,B,1003
221,221,2024-08-11,A,1002
222,222,2024-01-01,C,1001
223,223,2024-10-21,C,1002
224,224,2024-07-31,C,1003
225,225,2025-04-19,C,1001
226,226,2024-03-18,C,1003
227,227,2024-02-23,A,1003
228,228,2024-11-26,C,1002
229,229,2025-03-17,C,1004
230,230,2024-08-26,C,1001
231,231,2025-02-25,C,1002
232,232,2024-07-25,C,1002
233,233,2024-10-11,B,1002
234,234,2024-08-24,C,1001
235,235,2025-04-20,C,1003
236,236,2024-11-15,C,1003
237,237,2025-01-10,C,1004
238,238,2024-12-18,C,1004
239,239,2024-08-19,C,1002
240,240,2025-02-02,A,1001
241,241,2024-10-22,C,1004
242,242,2024-11-19,C,1004
243,243,2024-08-26,A,1002
244,244,2024-12-14,C,1003
245,245,2024-01-11,C,1004
246,246,2025-05-13,A,1003
247,247,2024-11-07,C,1002
248,248,2024-11-18,C,1001
249,249,2024-10-16,B,1002
250,250,2024-09-06,C,1002
251,251,2024-02-07,A,1001
252,252,2024-06-15,C,1004
253,253,2024-09-23,C,1002
254,254,2024-05-14,C,1001
255,255,2025-01-17,C,1001
256,256,2024-10-26,C,1003
257,257,2024-01-14,C,1002
258,258,2025-05-16,C,1002
259,259,2024-08-12,C,1002
260,260,2024-12-25,C,1002
261,261,2025-01-16,A,1002
262,262,2024-01-19,A,1004
263,263,2024-12-10,A,1003
264,264,2024-11-26,C,1001
265,265,2024-12-11,C,1001
266,266,2024-01-26,C,1003
267,267,2024-11-21,A,1004
268,268,2025-05-09,C,1003
269,269,2024-11-23,C,1003
270,270,2024-10-17,A,1003
271,271,2024-12-02,C,1004
272,272,2025-02-02,C,1002
273,273,2024-06-05,C,1001
274,274,2024-07-13,C,1004
275,275,2025-01-03,A,1002
276,276,2024-07-04,C,1001
277,277,2025-04-10,C,1001
278,278,2024-08-29,C,1002
279,279,2024-01-10,C,1001
280,280,2024-04-02,C,1003
281,281,2024-03-18,C,1002
282,282,2024-10-03,C,1002
283,283,2024-06-07,C,1004
284,284,2025-04-25,C,1004
285,285,2024-11-06,B,1004
286,286,2025-05-03,C,1002
287,287,2025-02-04,C,1004
288,288,2024-05-08,C,1004
289,289,2025-03-16,C,1001
290,290,2025-04-12,C,1004
291,291,2024-05-16,A,1004
292,292,2025-01-08,C,1002
293,293,2024-11-11,C,1002
294,294,2024-08-03,C,1004
295,295,2024-04-05,C,1004
296,296,2024-11-09,C,1002
297,297,2025-05-11,C,1004
298,298,2024-09-10,C,1002
299,299,2024-07-14,C,1003
300,300,2024-08-07,C,1001
301,301,2024-11-27,B,1003
302,302,2024-07-20,C,1004
303,303,2024-09-01,C,1003
304,304,2024-04-13,C,1001
305,305,2024-12-15,C,1003
306,306,2025-05-05,A,1002
307,307,2024-08-25,C,1003
308,308,2024-01-22,C,1002
309,309,2024-08-11,C,1001
310,310,2025-01-15,C,1003
311,311,2024-07-12,C,1004
312,312,2025-02-27,C,1003
313,313,2024-01-22,C,1001
314,314,2024-02-06,C,1004
315,315,2024-01-10,C,1002
316,316,2024-11-23,C,1002
317,317,2025-05-02,C,1003
318,318,2024-10-12,C,1004
319,319,2024-02-22,C,1002
320,320,2025-05-19,C,1001
321,321,2024-02-28,A,1001
322,322,2025-01-09,C,1002
323,323,2024-10-03,C,1003
324,324,2024-10-11,C,1003
325,325,2024-10-05,C,1004
326,326,2024-05-04,C,1004
327,327,2025-05-28,C,1003
328,328,2024-07-05,C,1001
329,329,2024-10-13,C,1003
330,330,2025-06-01,C,1002
331,331,2024-12-24,A,1004
332,332,2024-10-16,C,1003
333,333,2024-09-07,C,1004
334,334,2024-10-27,C,1003
335,335,2024-10-07,B,1003
336,336,2025-02-10,C,1002
337,337,2025-03-03,C,1002
338,338,2025-01-22,C,1004
339,339,2025-01-04,C,1001
340,340,2024-04-14,A,1004
341,341,2024-10-21,C,1003
342,342,2024-03-11,C,1002
343,343,2024-12-23,C,1002
344,344,2024-04-17,C,1003
345,345,2024-05-15,C,1001
346,346,2024-11-19,C,1002
347,347,2025-05-17,C,1004
348,348,2024-10-16,C,1003
349,349,2024-10-17,C,1004
350,350,2024-10-27,C,1002
351,351,2024-11-02,C,1001
352,352,2024-06-17,C,1001
353,353,2024-12-28,B,1002
354,354,2024-10-19,C,1004
355,355,2024-06-08,C,1003
356,356,2024-01-24,C,1002
357,357,2024-06-08,C,1003
358,358,2024-03-26,C,1004
359,359,2024-10-31,A,1004
360,360,2024-12-15,C,1002
361,361,2024-04-18,C,1003
362,362,2024-09-19,C,1002
363,363,2025-02-02,C,1001
364,364,2024-11-23,B,1001
365,365,2024-10-30,C,1001
366,366,2024-09-07,C,1003
367,367,2025-05-20,A,1004
368,368,2024-10-10,C,1002
369,369,2024-12-29,C,1004
370,370,2025-01-03,C,1003
371,371,2024-03-06,A,1001
372,372,2024-04-01,C,1003
373,373,2024-01-06,C,1004
374,374,2024-10-11,A,1004
375,375,2025-05-20,C,1003
376,376,2024-09-18,A,1002
377,377,2025-05-17,C,1001
378,378,2024-01-07,B,1004
379,379,2024-10-27,C,1001
380,380,2024-10-25,C,1002
381,381,2024-08-30,A,1003
382,382,2024-07-13,C,1003
383,383,2025-02-28,C,1003
384,384,2025-06-01,C,1002
385,385,2024-10-05,C,1003
386,386,2024-05-13,C,1001
387,387,2024-11-28,C,1004
388,388,2024-06-16,C,1002
389,389,2024-10-30,C,1001
390,390,2024-06-12,C,1003
391,391,2024-09-14,C,1001
392,392,2024-01-15,C,1002
393,393,2024-03-19,B,1004
394,394,2024-05-11,B,1003
395,395,2024-04-25,C,1003
396,396,2025-02-17,C,1001
397,397,2024-08-07,A,1002
398,398,2024-06-24,A,1002
399,399,2025-02-13,C,1003
400,400,2024-03-24,A,1004
401,401,2024-12-22,C,1004
402,402,2025-03-24,C,1002
403,403,2025-04-18,C,1003
404,404,2024-06-11,C,1003
405,405,2024-04-28,C,1003
406,406,2024-11-15,C,1003
407,407,2024-12-31,C,1004
408,408,2024-01-12,C,1001
409,409,2024-04-18,C,1003
410,410,2024-12-18,A,1003
411,411,2024-04-20,C,1003
412,412,2024-12-07,A,1003
413,413,2025-05-12,C,1001
414,414,2024-12-22,C,1002
415,415,2024-10-28,C,1004
416,416,2024-08-08,C,1001
417,417,2024-11-19,C,1004
418,418,2025-03-23,C,1003
419,419,2024-12-24,C,1002
420,420,2025-03-22,C,1001
421,421,2024-11-05,C,1003
422,422,2024-04-03,C,1002
423,423,2024-12-06,C,1004
424,424,2025-02-22,A,1003
425,425,2024-02-19,C,1004
426,426,2024-10-21,C,1003
427,427,2024-04-27,C,1003
428,428,2024-06-27,A,1004
429,429,2024-02-22,C,1001
430,430,2024-11-19,C,1003
431,431,2024-04-04,C,1002
432,432,2025-04-17,C,1002
433,433,2024-05-15,C,1003
434,434,2024-01-09,C,1001
435,435,2025-01-10,C,1001
436,436,2024-08-10,B,1004
437,437,2024-03-04,C,1001
438,438,2024-12-19,C,1002
439,439,2024-10-01,C,1002
440,440,2024-01-29,A,1003
441,441,2024-12-07,C,1001
442,442,2024-04-29,C,1001
443,443,2024-08-29,C,1003
444,444,2024-04-12,C,1002
445,445,2024-07-12,C,1001
446,446,2024-12-09,C,1004
447,447,2024-01-09,C,1004
448,448,2025-01-31,C,1002
449,449,2024-09-04,C,1004
450,450,2024-12-25,C,1003
451,451,2024-03-01,A,1004
452,452,2025-02-27,C,1001
453,453,2024-10-21,C,1002
454,454,2024-09-11,C,1004
455,455,2024-07-19,C,1004
456,456,2025-04-13,C,1003
457,457,2024-05-17,C,1003
458,458,2025-05-15,C,1001
459,459,2024-11-01,C,1001
460,460,2024-07-14,C,1004
461,461,2024-02-12,C,1004
462,462,2024-02-20,C,1002
463,463,2024-08-19,A,1002
464,464,2024-05-30,C,1004
465,465,2025-04-24,C,1002
466,466,2024-12-14,A,1001
467,467,2024-12-16,C,1001
468,468,2024-07-05,C,1004
469,469,2024-08-24,C,1001
470,470,2024-04-04,A,1002
471,471,2025-01-02,C,1004
472,472,2024-04-17,C,1002
473,473,2024-11-20,C,1003
474,474,2024-10-24,C,1003
475,475,2024-05-11,A,1002
476,476,2024-11-17,A,1004
477,477,2024-11-18,C,1003
478,478,2024-02-09,C,1001
479,479,2025-03-01,C,1004
480,480,2024-07-17,C,1001
481,481,2024-01-07,C,1001
482,482,2024-05-31,C,1003
483,483,2024-02-15,C,1002
484,484,2024-03-26,C,1003
485,485,2024-01-12,A,1004
486,486,2024-08-17,C,1003
487,487,2024-03-19,C,1004
488,488,2024-08-27,C,1004
489,489,2024-11-13,C,1004
490,490,2024-03-26,C,1001
491,491,2024-02-07,A,1003
492,492,2024-11-13,A,1002
493,493,2025-03-26,C,1003
494,494,2025-01-04,B,1003
495,495,2025-04-19,C,1002
496,496,2025-01-17,C,1002
497,497,2024-03-29,C,1003
498,498,2025-01-01,C,1002
499,499,2025-01-01,A,1003
500,500,2025-01-10,C,1001
501,501,2024-04-13,A,1001
502,502,2024-07-25,C,1001
503,503,2024-04-22,C,1002
504,504,2024-11-01,A,1004
505,505,2025-03-23,A,1003
506,506,2025-05-11,C,1003
507,507,2024-08-19,C,1004
508,508,2025-01-27,A,1002
509,509,2024-02-19,C,1003
510,510,2024-07-31,B,1002
511,511,2024-08-25,C,1003
512,512,2024-05-15,C,1003
513,513,2024-03-27,C,1003
514,514,2024-11-27,C,1001
515,515,2024-11-11,B,1002
516,516,2024-02-09,C,1002
517,517,2024-07-25,C,1001
518,518,2025-02-04,A,1002
519,519,2024-11-12,C,1002
520,520,2024-09-20,B,1002
521,521,2024-02-06,C,1003
522,522,2025-04-11,C,1001
523,523,2024-01-18,C,1001
524,524,2024-10-07,A,1003
525,525,2024-12-10,C,1004
526,526,2025-01-11,C,1003
527,527,2024-11-26,B,1004
528,528,2024-05-15,C,1002
529,529,2024-10-25,A,1002
530,530,2024-04-03,C,1003
531,531,2024-02-25,C,1003
532,532,2024-04-15,C,1003
533,533,2024-11-15,C,1004
534,534,2024-05-03,C,1001
535,535,2024-11-16,A,1002
536,536,2024-11-11,C,1002
537,537,2024-12-27,C,1001
538,538,2024-03-01,C,1002
539,539,2024-03-13,C,1003
540,540,2025-03-07,C,1004
541,541,2025-02-14,C,1003
542,542,2024-08-10,C,1003
543,543,2024-02-05,C,1001
544,544,2025-04-25,C,1001
545,545,2024-03-02,A,1003
546,546,2024-11-11,C,1002
547,547,2025-02-04,C,1001
548,548,2024-09-09,C,1001
549,549,2024-12-07,A,1001
550,550,2024-12-03,C,1003
551,551,2024-02-06,C,1004
552,552,2025-04-19,B,1001
553,553,2024-11-24,C,1001
554,554,2025-03-30,C,1004
555,555,2025-01-25,C,1003
556,556,2024-11-05,A,1001
557,557,2024-08-23,C,1001
558,558,2024-11-03,C,1001
559,559,2025-04-26,C,1004
560,560,2024-02-09,C,1002
561,561,2024-04-22,C,1001
562,562,2024-06-15,C,1003
563,563,2024-06-07,C,1004
564,564,2024-08-13,C,1003
565,565,2024-08-08,C,1003
566,566,2025-05-26,C,1001
567,567,2025-04-10,C,1002
568,568,2024-09-08,C,1001
569,569,2024-12-03,A,1003
570,570,2024-04-18,C,1002
571,571,2024-06-09,C,1003
572,572,2024-11-07,C,1003
573,573,2024-09-09,C,1003
574,574,2024-06-25,C,1003
575,575,2024-02-23,C,1001
576,576,2024-05-09,C,1004
577,577,2024-06-20,C,1004
578,578,2024-01-24,A,1001
579,579,2024-12-30,A,1001
580,580,2025-05-12,C,1001
581,581,2024-09-14,C,1004
582,582,2024-05-28,C,1001
583,583,2025-02-26,C,1004
584,584,2024-11-19,C,1002
585,585,2025-01-31,C,1004
586,586,2025-01-11,A,1002
587,587,2024-12-10,C,1003
588,588,2025-05-21,A,1004
589,589,2025-04-25,C,1002
590,590,2024-01-13,C,1001
591,591,2024-12-10,B,1003
592,592,2024-07-24,A,1002
593,593,2025-05-27,C,1002
594,594,2025-04-17,A,1001
595,595,2024-11-14,C,1001
596,596,2024-10-11,C,1001
597,597,2024-11-22,C,1003
598,598,2024-02-06,C,1003
599,599,2024-06-10,C,1001
600,600,2024-02-25,C,1003
601,601,2024-04-28,C,1002
602,602,2024-09-18,A,1004
603,603,2024-05-05,C,1001
604,604,2024-08-23,C,1004
605,605,2025-02-01,C,1002
606,606,2025-04-27,B,1004
607,607,2024-01-19,C,1003
608,608,2024-05-05,A,1004
609,609,2025-01-28,C,1002
610,610,2024-12-12,C,1004
611,611,2024-06-16,C,1002
612,612,2024-05-25,C,1004
613,613,2025-04-27,A,1004
614,614,2025-01-08,C,1002
615,615,2025-03-30,C,1002
616,616,2024-03-01,C,1004
617,617,2024-04-02,C,1003
618,618,2024-10-28,C,1003
619,619,2024-12-02,C,1004
620,620,2024-08-06,A,1004
621,621,2024-09-06,C,1001
622,622,2025-03-28,C,1003
623,623,2025-04-24,C,1003
624,624,2024-07-17,C,1002
625,625,2024-10-08,C,1002
626,626,2025-04-14,C,1004
627,627,2024-04-19,C,1004
628,628,2024-06-21,C,1004
629,629,2024-06-29,B,1004
630,630,2024-03-11,A,1004
631,631,2025-01-22,C,1003
632,632,2025-01-15,C,1003
633,633,2024-08-07,C,1004
634,634,2025-04-05,C,1004
635,635,2025-04-24,C,1002
636,636,2025-02-23,C,1004
637,637,2025-05-13,C,1002
638,638,2025-04-19,C,1001
639,639,2024-08-08,A,1003
640,640,2024-10-15,C,1002
641,641,2024-10-27,A,1002
642,642,2024-08-12,A,1001
643,643,2025-01-02,C,1004
644,644,2024-10-29,C,1003
645,645,2024-06-11,B,1001
646,646,2024-07-10,C,1001
647,647,2024-07-14,C,1002
648,648,2024-10-10,C,1002
649,649,2024-09-28,C,1001
650,650,2024-10-09,C,1001
651,651,2024-03-02,C,1004
652,652,2024-01-19,A,1004
653,653,2025-04-08,C,1004
654,654,2024-11-02,C,1001
655,655,2024-05-16,C,1004
656,656,2024-12-03,C,1002
657,657,2025-04-09,C,1001
658,658,2024-12-11,A,1003
659,659,2024-01-06,C,1001
660,660,2024-11-25,C,1002
661,661,2024-12-08,C,1003
662,662,2024-01-01,C,1003
663,663,2025-05-24,A,1003
664,664,2025-01-12,C,1002
665,665,2024-12-19,C,1001
666,666,2024-03-12,C,1003
667,667,2024-12-07,A,1002
668,668,2024-04-23,C,1001
669,669,2024-12-12,C,1003
670,670,2025-04-15,C,1003
671,671,2024-10-15,C,1001
672,672,2024-12-09,A,1002
673,673,2024-01-28,C,1002
674,674,2024-07-30,C,1002
675,675,2024-12-30,B,1002
676,676,2024-01-14,C,1003
677,677,2024-07-15,C,1001
678,678,2025-01-16,A,1001
679,679,2024-03-07,C,1001
680,680,2024-03-22,C,1003
681,681,2024-05-10,A,1002
682,682,2024-05-22,C,1003
683,683,2024-07-24,B,1004
684,684,2024-05-25,C,1004
685,685,2025-02-20,A,1002
686,686,2024-03-07,C,1002
687,687,2024-01-16,A,1002
688,688,2024-11-24,B,1004
689,689,2024-12-10,C,1001
690,690,2024-01-16,B,1002
691,691,2024-05-20,C,1003
692,692,2024-03-17,C,1002
693,693,2025-01-01,C,1001
694,694,2025-03-02,C,1003
695,695,2024-11-24,A,1002
696,696,2024-05-04,C,1001
697,697,2024-01-19,A,1003
698,698,2024-11-12,A,1004
699,699,2024-07-09,C,1003
700,700,2024-01-14,C,1004
701,701,2025-03-25,C,1002
702,702,2024-11-08,C,1001
703,703,2025-05-21,C,1001
704,704,2024-01-14,C,1004
705,705,2024-12-03,C,1001
706,706,2025-02-26,C,1001
707,707,2024-10-22,C,1002
708,708,2024-10-27,C,1003
709,709,2025-01-21,C,1002
710,710,2024-09-05,C,1004
711,711,2025-02-15,C,1003
712,712,2025-02-09,C,1001
713,713,2024-07-09,B,1001
714,714,2024-03-11,C,1003
715,715,2025-04-07,C,1003
716,716,2024-04-05,C,1001
717,717,2024-02-14,C,1004
718,718,2024-07-16,A,1002
719,719,2024-03-03,C,1003
720,720,2025-04-18,C,1002
721,721,2024-04-08,C,1003
722,722,2024-10-22,C,1003
723,723,2024-04-25,C,1004
724,724,2025-01-08,C,1001
725,725,2024-09-24,C,1002
726,726,2025-05-17,C,1004
727,727,2024-11-02,C,1002
728,728,2024-08-07,C,1001
729,729,2024-08-09,C,1002
730,730,2024-12-12,A,1001
731,731,2024-11-05,C,1002
732,732,2025-01-29,A,1001
733,733,2024-11-04,C,1002
734,734,2025-01-13,C,1002
735,735,2024-05-22,C,1001
736,736,2024-08-09,C,1003
737,737,2024-06-09,C,1003
738,738,2024-03-18,C,1003
739,739,2025-01-17,A,1002
740,740,2024-08-26,C,1004
741,741,2024-01-28,C,1003
742,742,2025-05-25,C,1004
743,743,2024-11-21,C,1003
744,744,2024-06-27,C,1004
745,745,2024-05-24,C,1003
746,746,2024-10-03,C,1001
747,747,2025-02-23,C,1003
748,748,2024-02-25,C,1004
749,749,2025-04-20,C,1004
750,750,2024-12-02,C,1002
751,751,2024-11-08,C,1001
752,752,2024-08-25,C,1003
753,753,2024-11-23,C,1001
754,754,2025-02-09,C,1003
755,755,2024-05-07,C,1003
756,756,2024-08-11,C,1001
757,757,2024-03-28,C,1004
758,758,2024-02-06,C,1002
759,759,2025-01-21,C,1003
760,760,2024-11-22,A,1004
761,761,2024-11-14,A,1001
762,762,2024-03-02,C,1003
763,763,2024-11-14,C,1001
764,764,2024-07-20,C,1002
765,765,2024-04-25,A,1004
766,766,2024-07-20,C,1001
767,767,2024-10-06,C,1003
768,768,2025-02-20,C,1004
769,769,2025-03-15,C,1004
770,770,2024-04-18,C,1004
771,771,2024-07-11,C,1003
772,772,2024-01-29,C,1004
773,773,2024-07-10,C,1002
774,774,2025-03-28,C,1003
775,775,2024-02-14,C,1001
776,776,2024-06-03,B,1001
777,777,2025-02-12,A,1004
778,778,2024-06-04,C,1004
779,779,2024-04-08,A,1003
780,780,2025-03-09,A,1002
781,781,2025-05-07,C,1003
782,782,2024-06-15,C,1003
783,783,2025-02-14,C,1002
784,784,2024-11-30,C,1002
785,785,2024-04-05,B,1003
786,786,2025-05-19,C,1001
787,787,2025-04-03,C,1001
788,788,2024-05-30,C,1003
789,789,2025-05-17,C,1003
790,790,2024-01-22,C,1003
791,791,2025-02-23,C,1004
792,792,2025-03-17,C,1001
793,793,2024-10-11,C,1002
794,794,2024-01-25,B,1003
795,795,2024-06-24,C,1002
796,796,2024-12-18,A,1001
797,797,2025-03-01,C,1002
798,798,2024-12-12,C,1001
799,799,2025-01-18,C,1001
800,800,2025-02-22,C,1001
801,801,2024-05-19,A,1003
802,802,2024-11-19,C,1001
803,803,2024-10-26,C,1003
804,804,2024-09-14,C,1004
805,805,2024-07-07,B,1001
806,806,2025-04-21,C,1001
807,807,2024-12-04,C,1004
808,808,2024-09-06,B,1003
809,809,2025-05-15,C,1004
810,810,2024-03-17,C,1003
811,811,2024-10-19,C,1001
812,812,2024-11-25,C,1002
813,813,2024-08-13,C,1003
814,814,2024-12-09,C,1001
815,815,2024-10-03,B,1004
816,816,2024-12-09,C,1002
817,817,2024-01-13,C,1004
818,818,2024-03-06,A,1004
819,819,2024-11-10,C,1004
820,820,2024-12-26,C,1004
821,821,2024-11-11,C,1004
822,822,2024-08-17,C,1003
823,823,2025-01-28,C,1004
824,824,2024-08-11,A,1002
825,825,2025-02-22,C,1004
826,826,2025-03-16,A,1001
827,827,2024-09-21,C,1004
828,828,2025-01-21,C,1002
829,829,2024-03-03,C,1001
830,830,2024-01-16,C,1004
831,831,2024-02-17,A,1004
832,832,2024-01-05,C,1003
833,833,2025-01-11,C,1001
834,834,2024-01-25,C,1002
835,835,2024-10-28,A,1002
836,836,2024-10-20,C,1003
837,837,2024-10-03,C,1004
838,838,2024-02-04,C,1004
839,839,2024-10-25,C,1003
840,840,2024-01-27,A,1002
841,841,2025-02-18,C,1003
842,842,2024-08-25,C,1003
843,843,2024-10-23,C,1002
844,844,2024-12-09,C,1003
845,845,2024-08-10,C,1003
846,846,2024-09-23,C,1001
847,847,2024-08-23,C,1004
848,848,2024-03-03,A,1003
849,849,2024-11-28,C,1001
850,850,2024-10-26,C,1004
851,851,2024-01-12,C,1003
852,852,2025-02-14,C,1002
853,853,2024-12-16,C,1003
854,854,2024-08-19,C,1003
855,855,2024-03-06,C,1002
856,856,2024-11-01,C,1003
857,857,2024-03-12,A,1003
858,858,2024-07-19,C,1003
859,859,2024-01-01,C,1004
860,860,2024-01-30,C,1001
861,861,2025-04-17,C,1001
862,862,2024-10-01,C,1003
863,863,2025-03-20,C,1004
864,864,2025-04-29,C,1004
865,865,2024-10-26,C,1004
866,866,2024-05-04,C,1003
867,867,2024-11-03,C,1003
868,868,2024-11-07,B,1002
869,869,2024-05-27,C,1004
870,870,2024-12-16,C,1004
871,871,2024-07-17,C,1002
872,872,2024-03-29,C,1004
873,873,2025-03-03,C,1002
874,874,2024-12-16,C,1001
875,875,2025-02-11,C,1002
876,876,2024-02-14,C,1003
877,877,2024-12-19,A,1003
878,878,2024-08-15,C,1004
879,879,2024-08-03,C,1002
880,880,2025-01-17,C,1002
881,881,2025-05-17,C,1003
882,882,2024-06-30,C,1003
883,883,2024-08-06,C,1004
884,884,2024-04-25,C,1002
885,885,2024-03-03,C,1002
886,886,2025-02-14,C,1001
887,887,2024-10-26,C,1004
888,888,2024-04-23,C,1002
889,889,2025-03-20,C,1002
890,890,2024-12-08,C,1001
891,891,2024-01-27,C,1001
892,892,2024-09-30,C,1004
893,893,2025-03-07,C,1003
894,894,2024-11-18,C,1001
895,895,2025-01-12,A,1004
896,896,2024-11-08,C,1004
897,897,2025-03-11,C,1002
898,898,2024-11-26,A,1002
899,899,2024-11-05,C,1001
900,900,2024-10-31,C,1002
901,901,2025-06-01,C,1002
902,902,2024-10-26,C,1004
903,903,2024-08-07,C,1003
904,904,2024-08-04,C,1003
905,905,2024-09-06,C,1003
906,906,2024-11-27,C,1003
907,907,2024-08-20,A,1002
908,908,2025-05-26,C,1003
909,909,2024-06-08,C,1004
910,910,2025-03-16,A,1003
911,911,2025-05-25,C,1003
912,912,2024-10-31,C,1003
913,913,2024-12-21,A,1004
914,914,2024-08-24,C,1004
915,915,2024-01-03,C,1001
916,916,2024-08-18,C,1004
917,917,2024-11-25,C,1002
918,918,2024-09-16,B,1002
919,919,2025-04-14,C,1002
920,920,2024-10-05,C,1004
921,921,2025-04-18,C,1003
922,922,2024-02-19,C,1001
923,923,2024-11-06,C,1003
924,924,2024-02-08,C,1001
925,925,2024-10-06,C,1003
926,926,2024-03-25,C,1002
927,927,2024-12-27,C,1001
928,928,2024-06-06,C,1003
929,929,2024-02-25,C,1003
930,930,2024-07-01,C,1001
931,931,2024-05-05,C,1002
932,932,2024-06-27,C,1002
933,933,2025-04-26,C,1002
934,934,2025-05-11,C,1004
935,935,2024-12-24,C,1001
936,936,2024-12-31,C,1004
937,937,2024-11-28,C,1001
938,938,2024-11-13,C,1001
939,939,2024-08-11,C,1003
940,940,2024-05-14,C,1002
941,941,2024-10-20,C,1002
942,942,2024-10-23,A,1004
943,943,2024-08-15,C,1003
944,944,2024-03-04,A,1003
945,945,2024-12-23,B,1003
946,946,2025-03-24,B,1004
947,947,2024-10-13,C,1004
948,948,2024-04-19,B,1001
949,949,2024-10-19,C,1004
950,950,2024-12-18,C,1001
951,951,2024-08-26,C,1003
952,952,2024-01-01,C,1001
953,953,2025-03-24,C,1001
954,954,2024-01-03,C,1004
955,955,2024-02-16,C,1003
956,956,2024-02-28,C,1004
957,957,2025-01-10,C,1003
958,958,2024-02-25,A,1004
959,959,2024-12-19,A,1001
960,960,2024-01-20,A,1003
961,961,2024-11-26,C,1003
962,962,2025-02-01,C,1001
963,963,2025-03-17,C,1001
964,964,2024-10-11,C,1004
965,965,2024-06-07,C,1003
966,966,2025-02-20,C,1003
967,967,2024-03-14,C,1001
968,968,2025-05-25,C,1003
969,969,2024-06-30,C,1001
970,970,2024-02-26,C,1004
971,971,2024-08-05,A,1001
972,972,2024-10-05,C,1002
973,973,2024-08-31,C,1001
974,974,2024-04-05,C,1002
975,975,2024-09-23,C,1001
976,976,2025-01-30,C,1004
977,977,2024-10-21,C,1001
978,978,2024-12-07,C,1004
979,979,2024-07-27,C,1003
980,980,2024-11-13,C,1001
981,981,2024-01-28,C,1002
982,982,2025-02-25,C,1004
983,983,2024-01-03,C,1001
984,984,2024-05-10,C,1002
985,985,2024-11-24,C,1002
986,986,2024-07-19,C,1003
987,987,2024-05-14,C,1003
988,988,2025-01-17,C,1002
989,989,2025-03-19,C,1003
990,990,2024-11-21,C,1003
991,991,2024-08-16,C,1004
992,992,2024-03-21,C,1004
993,993,2024-10-13,C,1002
994,994,2024-10-14,C,1003
995,995,2025-02-23,C,1003
996,996,2024-02-13,C,1001
997,997,2025-01-23,B,1004
998,998,2025-01-15,C,1001
999,999,2024-10-15,C,1001
1000,1000,2024-02-25,C,1003
1001,1001,2024-07-04,C,1003
1002,1002,2025-05-21,C,1001
1003,1003,2024-07-19,C,1001
1004,1004,2024-10-12,C,1003
1005,1005,2024-11-05,C,1002
1006,1006,2025-02-12,C,1003
1007,1007,2025-01-28,C,1001
1008,1008,2024-06-13,C,1001
1009,1009,2024-12-18,C,1002
1010,1010,2024-12-24,C,1003
1011,1011,2024-01-30,C,1003
1012,1012,2024-11-07,C,1002
1013,1013,2024-12-04,C,1003
1014,1014,2025-01-08,C,1002
1015,1015,2024-01-09,C,1002
1016,1016,2024-10-26,C,1002
1017,1017,2024-08-17,C,1004
1018,1018,2024-06-24,C,1004
1019,1019,2024-01-24,C,1003
1020,1020,2025-05-21,B,1004
1021,1021,2024-12-13,C,1003
1022,1022,2024-01-26,C,1001
1023,1023,2025-01-17,C,1003
1024,1024,2024-08-21,C,1004
1025,1025,2024-08-03,C,1004
1026,1026,2025-03-14,A,1002
1027,1027,2024-12-06,C,1001
1028,1028,2024-11-17,A,1003
1029,1029,2024-05-29,C,1001
1030,1030,2024-09-02,C,1001
1031,1031,2024-04-26,C,1001
1032,1032,2024-05-07,C,1004
1033,1033,2024-05-30,A,1002
1034,1034,2025-04-08,C,1004
1035,1035,2025-01-26,C,1003
1036,1036,2024-05-21,A,1004
1037,1037,2024-11-22,C,1002
1038,1038,2024-01-01,C,1002
1039,1039,2024-01-25,C,1002
1040,1040,2024-12-15,C,1003
1041,1041,2025-04-18,A,1004
1042,1042,2024-05-09,C,1001
1043,1043,2024-09-04,C,1004
1044,1044,2024-12-20,C,1001
1045,1045,2024-05-31,A,1002
1046,1046,2024-03-29,B,1003
1047,1047,2024-05-31,C,1004
1048,1048,2024-07-18,C,1001
1049,1049,2024-02-09,C,1003
1050,1050,2025-01-08,C,1002
1051,1051,2024-04-21,C,1004
1052,1052,2025-02-18,C,1001
1053,1053,2025-02-19,C,1003
1054,1054,2024-07-16,C,1004
1055,1055,2024-09-07,C,1004
1056,1056,2024-05-07,C,1003
1057,1057,2024-09-22,C,1001
1058,1058,2024-01-31,B,1004
1059,1059,2024-06-16,B,1002
1060,1060,2025-04-18,C,1004
1061,1061,2025-05-27,C,1003
1062,1062,2025-05-16,A,1004
1063,1063,2024-08-23,C,1001
1064,1064,2024-12-25,C,1003
1065,1065,2024-08-24,A,1004
1066,1066,2024-12-09,C,1004
1067,1067,2024-03-13,C,1002
1068,1068,2025-01-27,C,1002
1069,1069,2024-08-31,C,1004
1070,1070,2024-11-27,C,1001
1071,1071,2024-09-03,C,1004
1072,1072,2025-04-15,C,1001
1073,1073,2024-05-04,C,1003
1074,1074,2024-04-15,A,1003
1075,1075,2024-12-23,C,1001
1076,1076,2024-01-21,A,1004
1077,1077,2024-12-21,C,1002
1078,1078,2025-05-27,C,1004
1079,1079,2024-07-02,A,1003
1080,1080,2024-10-21,A,1001
1081,1081,2024-01-29,B,1001
1082,1082,2024-02-15,C,1002
1083,1083,2024-10-26,C,1003
1084,1084,2024-11-27,C,1001
1085,1085,2024-08-26,C,1002
1086,1086,2024-10-04,C,1003
1087,1087,2024-05-24,C,1003
1088,1088,2024-05-31,C,1001
1089,1089,2025-04-25,C,1003
1090,1090,2024-02-18,A,1001
1091,1091,2025-03-18,C,1002
1092,1092,2025-01-02,C,1003
1093,1093,2025-02-15,A,1002
1094,1094,2024-03-28,C,1002
1095,1095,2024-11-22,A,1003
1096,1096,2024-12-28,C,1002
1097,1097,2025-04-29,C,1002
1098,1098,2025-03-27,C,1001
1099,1099,2025-04-03,C,1002
1100,1100,2024-12-10,C,1004
1101,1101,2024-07-30,C,1001
1102,1102,2024-07-20,C,1002
1103,1103,2024-09-23,C,1003
1104,1104,2025-01-18,C,1001
1105,1105,2024-04-02,C,1002
1106,1106,2024-02-07,C,1002
1107,1107,2024-08-22,A,1001
1108,1108,2024-10-13,C,1003
1109,1109,2024-12-31,C,1001
1110,1110,2024-02-20,A,1001
1111,1111,2024-12-20,A,1003
1112,1112,2024-01-09,C,1001
1113,1113,2025-01-27,A,1003
1114,1114,2024-03-09,C,1002
1115,1115,2024-11-13,A,1001
1116,1116,2025-05-13,A,1001
1117,1117,2024-02-28,A,1002
1118,1118,2025-02-05,C,1003
1119,1119,2024-06-28,C,1004
1120,1120,2025-02-15,A,1002
1121,1121,2025-05-10,C,1001
1122,1122,2025-04-11,C,1002
1123,1123,2025-03-04,C,1003
1124,1124,2024-05-31,C,1004
1125,1125,2024-09-07,C,1001
1126,1126,2024-04-27,C,1002
1127,1127,2025-02-03,A,1002
1128,1128,2024-11-06,C,1001
1129,1129,2024-05-20,C,1001
1130,1130,2024-01-11,A,1004
1131,1131,2025-03-16,C,1001
1132,1132,2024-11-23,C,1001
1133,1133,2024-05-25,C,1002
1134,1134,2025-05-19,C,1001
1135,1135,2024-10-02,A,1004
1136,1136,2024-12-17,B,1002
1137,1137,2024-10-09,C,1002
1138,1138,2025-01-16,C,1001
1139,1139,2024-05-08,C,1004
1140,1140,2024-08-25,A,1003
1141,1141,2024-08-13,C,1004
1142,1142,2024-09-22,C,1004
1143,1143,2024-04-14,C,1004
1144,1144,2025-04-01,A,1003
1145,1145,2024-09-06,C,1002
1146,1146,2025-03-17,C,1003
1147,1147,2024-02-23,C,1004
1148,1148,2025-03-07,C,1001
1149,1149,2025-04-18,C,1001
1150,1150,2024-10-12,A,1003
1151,1151,2024-10-09,A,1003
1152,1152,2024-10-25,A,1002
1153,1153,2024-11-13,C,1002
1154,1154,2024-01-31,C,1004
1155,1155,2024-06-18,C,1004
1156,1156,2024-03-24,B,1001
1157,1157,2024-01-22,C,1004
1158,1158,2024-12-06,C,1004
1159,1159,2024-11-25,A,1004
1160,1160,2024-08-15,C,1003
1161,1161,2025-05-23,C,1003
1162,1162,2024-06-29,C,1001
1163,1163,2024-01-09,A,1001
1164,1164,2024-04-17,C,1004
1165,1165,2024-09-26,A,1004
1166,1166,2024-12-25,C,1004
1167,1167,2024-06-11,C,1002
1168,1168,2025-03-29,C,1003
1169,1169,2025-03-20,C,1002
1170,1170,2024-09-24,C,1002
1171,1171,2025-01-18,C,1002
1172,1172,2025-02-14,C,1002
1173,1173,2024-03-04,C,1004
1174,1174,2024-03-01,C,1002
1175,1175,2024-02-19,C,1003
1176,1176,2024-12-22,A,1002
1177,1177,2024-12-30,C,1001
1178,1178,2025-05-12,C,1002
1179,1179,2025-01-19,C,1001
1180,1180,2025-04-27,C,1003
1181,1181,2024-11-01,C,1003
1182,1182,2024-10-05,C,1002
1183,1183,2024-02-22,A,1001
1184,1184,2024-11-06,C,1002
1185,1185,2025-02-16,C,1003
1186,1186,2024-12-28,C,1002
1187,1187,2024-01-17,A,1002
1188,1188,2024-11-24,C,1003
1189,1189,2025-03-03,C,1002
1190,1190,2024-10-03,C,1002
1191,1191,2024-12-27,C,1003
1192,1192,2024-11-24,C,1003
1193,1193,2024-10-11,C,1004
1194,1194,2025-04-24,C,1001
1195,1195,2025-03-19,C,1001
1196,1196,2024-10-04,C,1001
1197,1197,2024-06-26,A,1003
1198,1198,2024-10-24,C,1001
1199,1199,2025-03-13,C,1003
1200,1200,2025-02-08,C,1004
1201,1201,2024-11-03,C,1003
1202,1202,2024-03-24,B,1004
1203,1203,2025-04-08,C,1004
1204,1204,2025-05-27,C,1001
1205,1205,2025-02-19,C,1003
1206,1206,2025-04-21,C,1004
1207,1207,2024-12-19,C,1004
1208,1208,2025-04-01,C,1004
1209,1209,2024-01-12,C,1001
1210,1210,2024-12-19,A,1003
1211,1211,2025-02-14,A,1004
1212,1212,2024-02-16,A,1003
1213,1213,2024-10-26,C,1004
1214,1214,2024-03-09,C,1004
1215,1215,2024-12-13,A,1001
1216,1216,2024-05-24,B,1001
1217,1217,2025-02-16,A,1004
1218,1218,2024-05-12,C,1002
1219,1219,2024-01-12,B,1003
1220,1220,2025-01-24,C,1002
1221,1221,2024-07-28,C,1003
1222,1222,2024-06-22,C,1001
1223,1223,2025-02-20,B,1001
1224,1224,2024-03-16,C,1002
1225,1225,2025-03-04,C,1003
1226,1226,2024-11-15,C,1003
1227,1227,2025-04-07,C,1004
1228,1228,2025-04-06,C,1004
1229,1229,2025-01-30,C,1002
1230,1230,2024-07-31,C,1002
1231,1231,2025-02-10,A,1003
1232,1232,2024-04-10,A,1003
1233,1233,2024-11-18,C,1002
1234,1234,2024-09-18,C,1004
1235,1235,2024-09-27,C,1002
1236,1236,2025-04-06,B,1002
1237,1237,2025-03-22,B,1004
1238,1238,2024-10-04,C,1002
1239,1239,2024-08-07,C,1003
1240,1240,2024-03-09,C,1003
1241,1241,2025-01-13,C,1002
1242,1242,2024-02-06,C,1003
1243,1243,2024-06-25,C,1003
1244,1244,2024-11-16,B,1004
1245,1245,2024-12-17,C,1001
1246,1246,2024-09-12,A,1001
1247,1247,2025-03-15,C,1001
1248,1248,2024-09-20,C,1002
1249,1249,2024-06-22,A,1003
1250,1250,2024-11-09,C,1004
1251,1251,2024-06-28,C,1002
1252,1252,2024-07-02,C,1004
1253,1253,2025-01-12,C,1003
1254,1254,2025-01-29,A,1003
1255,1255,2024-05-13,C,1004
1256,1256,2024-02-05,C,1001
1257,1257,2024-10-15,A,1003
1258,1258,2024-01-06,C,1001
1259,1259,2024-02-27,C,1003
1260,1260,2024-04-06,B,1002
1261,1261,2024-05-07,C,1004
1262,1262,2024-08-08,C,1001
1263,1263,2024-05-15,C,1004
1264,1264,2024-10-11,A,1004
1265,1265,2024-05-24,C,1002
1266,1266,2024-09-15,B,1001
1267,1267,2025-04-29,C,1001
1268,1268,2025-04-29,C,1003
1269,1269,2024-11-11,C,1001
1270,1270,2024-05-21,C,1004
1271,1271,2025-04-01,C,1001
1272,1272,2025-04-02,C,1004
1273,1273,2024-01-21,C,1002
1274,1274,2024-08-27,C,1004
1275,1275,2024-10-06,C,1003
1276,1276,2024-06-10,A,1003
1277,1277,2025-03-25,C,1003
1278,1278,2024-06-19,C,1001
1279,1279,2024-02-10,C,1004
1280,1280,2024-10-24,C,1002
1281,1281,2025-04-14,C,1004
1282,1282,2025-05-25,C,1001
1283,1283,2024-12-18,A,1003
1284,1284,2024-04-27,C,1001
1285,1285,2024-04-06,C,1003
1286,1286,2025-01-19,A,1003
1287,1287,2024-12-03,C,1001
1288,1288,2025-03-22,C,1004
1289,1289,2024-11-16,C,1004
1290,1290,2025-02-07,C,1002
1291,1291,2024-12-16,C,1001
1292,1292,2024-11-02,C,1002
1293,1293,2025-01-06,C,1003
1294,1294,2024-06-17,A,1001
1295,1295,2025-01-04,C,1001
1296,1296,2024-11-18,C,1003
1297,1297,2024-11-19,C,1003
1298,1298,2024-08-04,A,1004
1299,1299,2024-03-25,C,1003
1300,1300,2024-11-08,A,1002
1301,1301,2024-06-20,A,1004
1302,1302,2025-04-17,A,1004
1303,1303,2024-01-09,C,1004
1304,1304,2024-12-24,B,1004
1305,1305,2024-10-21,C,1004
1306,1306,2024-10-01,C,1004
1307,1307,2025-05-17,C,1004
1308,1308,2024-02-28,C,1003
1309,1309,2024-04-12,C,1004
1310,1310,2024-01-19,C,1001
1311,1311,2024-06-15,C,1002
1312,1312,2024-10-13,A,1002
1313,1313,2024-04-28,C,1001
1314,1314,2024-11-13,A,1004
1315,1315,2025-03-11,B,1001
1316,1316,2024-12-21,C,1003
1317,1317,2024-08-07,C,1004
1318,1318,2024-12-01,C,1003
1319,1319,2025-02-23,C,1003
1320,1320,2024-10-09,A,1001
1321,1321,2024-11-06,C,1001
1322,1322,2024-01-06,A,1003
1323,1323,2025-04-15,A,1003
1324,1324,2024-11-21,C,1004
1325,1325,2024-04-29,C,1001
1326,1326,2025-03-30,C,1004
1327,1327,2025-03-22,C,1001
1328,1328,2024-10-09,C,1001
1329,1329,2024-11-15,B,1003
1330,1330,2024-03-17,A,1003
1331,1331,2024-03-03,C,1003
1332,1332,2025-03-14,C,1003
1333,1333,2024-11-26,C,1001
1334,1334,2024-11-13,A,1002
1335,1335,2024-05-23,C,1001
1336,1336,2024-09-03,C,1001
1337,1337,2025-02-10,C,1001
1338,1338,2025-01-22,C,1002
1339,1339,2024-01-06,C,1001
1340,1340,2024-10-25,C,1004
1341,1341,2024-11-23,C,1004
1342,1342,2025-02-28,C,1001
1343,1343,2024-12-25,C,1004
1344,1344,2024-12-22,B,1001
1345,1345,2024-04-03,A,1002
1346,1346,2024-11-09,C,1002
1347,1347,2024-07-14,C,1002
1348,1348,2024-10-04,A,1003
1349,1349,2024-09-28,C,1003
1350,1350,2025-04-11,C,1004
1351,1351,2024-05-13,C,1001
1352,1352,2025-03-02,C,1002
1353,1353,2024-12-21,C,1002
1354,1354,2024-03-11,A,1004
1355,1355,2024-11-26,C,1003
1356,1356,2024-12-05,C,1002
1357,1357,2024-03-12,C,1001
1358,1358,2024-07-09,C,1002
1359,1359,2024-11-12,A,1003
1360,1360,2024-12-07,C,1004
1361,1361,2024-04-11,C,1003
1362,1362,2024-08-16,C,1002
1363,1363,2024-07-29,C,1003
1364,1364,2024-03-14,C,1003
1365,1365,2024-04-21,C,1003
1366,1366,2025-03-12,C,1004
1367,1367,2024-12-21,C,1002
1368,1368,2024-11-21,C,1001
1369,1369,2024-04-18,C,1004
1370,1370,2024-07-16,C,1003
1371,1371,2025-05-06,C,1001
1372,1372,2024-11-27,A,1002
1373,1373,2024-02-12,C,1001
1374,1374,2024-04-30,C,1003
1375,1375,2024-11-21,C,1004
1376,1376,2024-08-18,C,1003
1377,1377,2024-11-21,C,1001
1378,1378,2024-08-06,A,1004
1379,1379,2024-07-11,C,1003
1380,1380,2025-05-23,C,1002
1381,1381,2024-11-16,C,1001
1382,1382,2024-11-16,C,1001
1383,1383,2024-08-16,C,1002
1384,1384,2025-05-29,B,1004
1385,1385,2024-10-23,C,1002
1386,1386,2024-11-04,C,1001
1387,1387,2025-03-16,C,1002
1388,1388,2024-05-28,C,1003
1389,1389,2024-12-14,C,1003
1390,1390,2025-01-02,A,1002
1391,1391,2024-09-06,C,1002
1392,1392,2025-02-09,C,1004
1393,1393,2024-03-15,A,1002
1394,1394,2024-10-21,C,1003
1395,1395,2024-04-26,C,1004
1396,1396,2024-10-20,A,1001
1397,1397,2024-08-19,C,1001
1398,1398,2024-04-02,B,1003
1399,1399,2025-04-11,A,1004
1400,1400,2025-04-04,C,1003
1401,1401,2024-12-05,C,1004
1402,1402,2024-11-18,C,1004
1403,1403,2024-12-10,C,1002
1404,1404,2024-05-17,C,1003
1405,1405,2024-02-20,C,1004
1406,1406,2024-09-29,C,1003
1407,1407,2025-02-09,C,1004
1408,1408,2024-07-02,B,1003
1409,1409,2024-04-11,C,1001
1410,1410,2024-05-19,C,1002
1411,1411,2025-01-08,C,1003
1412,1412,2024-09-04,C,1003
1413,1413,2024-09-16,C,1003
1414,1414,2024-01-30,C,1001
1415,1415,2025-05-03,A,1002
1416,1416,2024-07-18,C,1002
1417,1417,2024-10-06,C,1002
1418,1418,2024-03-24,A,1002
1419,1419,2024-10-08,C,1002
1420,1420,2024-12-22,C,1003
1421,1421,2024-01-07,A,1004
1422,1422,2024-09-17,B,1004
1423,1423,2024-05-26,C,1003
1424,1424,2024-11-06,C,1002
1425,1425,2025-01-30,C,1004
1426,1426,2024-09-06,C,1002
1427,1427,2024-11-01,C,1002
1428,1428,2024-02-11,C,1002
1429,1429,2024-05-27,C,1002
1430,1430,2024-02-08,C,1003
1431,1431,2024-01-30,C,1002
1432,1432,2024-10-08,C,1001
1433,1433,2024-11-20,C,1001
1434,1434,2024-08-29,B,1004
1435,1435,2024-03-01,C,1002
1436,1436,2024-04-09,A,1004
1437,1437,2024-12-23,C,1004
1438,1438,2024-04-05,C,1001
1439,1439,2024-08-28,C,1003
1440,1440,2024-12-31,C,1002
1441,1441,2024-02-12,C,1004
1442,1442,2025-05-24,A,1002
1443,1443,2024-03-29,C,1001
1444,1444,2024-06-24,C,1001
1445,1445,2025-05-26,C,1002
1446,1446,2024-06-06,C,1003
1447,1447,2025-04-09,C,1002
1448,1448,2024-06-29,C,1004
1449,1449,2025-03-17,B,1002
1450,1450,2024-06-16,C,1003
1451,1451,2025-04-07,C,1002
1452,1452,2024-10-22,C,1001
1453,1453,2024-11-02,C,1004
1454,1454,2025-02-25,B,1003
1455,1455,2024-11-14,C,1004
1456,1456,2024-05-17,C,1001
1457,1457,2024-03-19,C,1002
1458,1458,2025-01-07,C,1001
1459,1459,2025-04-14,C,1004
1460,1460,2024-12-23,C,1002
1461,1461,2024-07-10,C,1003
1462,1462,2024-12-09,A,1004
1463,1463,2025-01-28,C,1004
1464,1464,2024-02-25,C,1003
1465,1465,2024-12-19,C,1004
1466,1466,2024-08-12,B,1004
1467,1467,2024-06-27,C,1002
1468,1468,2025-01-22,C,1004
1469,1469,2024-10-08,C,1004
1470,1470,2024-07-11,C,1001
1471,1471,2024-04-19,A,1004
1472,1472,2024-05-01,C,1001
1473,1473,2024-10-22,C,1004
1474,1474,2025-05-11,C,1001
1475,1475,2024-01-08,C,1003
1476,1476,2024-12-04,C,1002
1477,1477,2024-12-19,C,1002
1478,1478,2024-10-14,C,1002
1479,1479,2024-03-02,A,1001
1480,1480,2024-01-15,C,1003
1481,1481,2024-10-28,B,1003
1482,1482,2024-03-08,C,1004
1483,1483,2024-12-15,C,1004
1484,1484,2024-09-18,C,1003
1485,1485,2024-12-15,C,1001
1486,1486,2025-05-06,C,1003
1487,1487,2024-06-18,C,1001
1488,1488,2024-04-11,C,1002
1489,1489,2025-01-03,C,1003
1490,1490,2024-02-08,A,1003
1491,1491,2024-06-10,C,1003
1492,1492,2024-07-12,C,1002
1493,1493,2024-10-22,C,1004
1494,1494,2025-05-24,C,1001
1495,1495,2024-09-18,C,1003
1496,1496,2024-12-26,C,1004
1497,1497,2024-01-02,C,1003
1498,1498,2024-03-17,C,1001
1499,1499,2024-07-16,A,1003
1500,1500,2025-01-24,C,1001
1501,1501,2024-01-11,C,1004
1502,1502,2024-11-19,C,1004
1503,1503,2024-04-09,C,1002
1504,1504,2024-07-15,A,1002
1505,1505,2024-04-29,C,1003
1506,1506,2024-02-24,C,1002
1507,1507,2024-11-11,C,1004
1508,1508,2024-08-13,C,1003
1509,1509,2025-02-12,C,1003
1510,1510,2024-07-24,C,1001
1511,1511,2024-12-10,C,1001
1512,1512,2025-03-01,B,1001
1513,1513,2025-01-18,C,1004
1514,1514,2025-04-19,C,1002
1515,1515,2024-12-02,A,1004
1516,1516,2024-07-21,C,1001
1517,1517,2025-04-28,C,1003
1518,1518,2024-06-23,C,1004
1519,1519,2024-10-23,C,1003
1520,1520,2024-06-17,C,1003
1521,1521,2024-06-23,C,1004
1522,1522,2024-06-01,C,1003
1523,1523,2024-05-23,C,1002
1524,1524,2024-04-11,C,1003
1525,1525,2025-05-04,C,1001
1526,1526,2024-05-19,C,1002
1527,1527,2024-04-21,C,1004
1528,1528,2024-05-28,C,1002
1529,1529,2024-06-14,C,1002
1530,1530,2024-09-13,C,1003
1531,1531,2024-12-16,C,1002
1532,1532,2025-04-26,C,1003
1533,1533,2024-05-22,C,1002
1534,1534,2025-03-26,C,1003
1535,1535,2024-05-13,C,1002
1536,1536,2024-04-25,C,1002
1537,1537,2024-05-03,C,1002
1538,1538,2024-10-15,C,1001
1539,1539,2024-06-26,C,1001
1540,1540,2025-01-20,C,1004
1541,1541,2024-11-03,B,1004
1542,1542,2024-02-20,C,1002
1543,1543,2024-09-27,C,1002
1544,1544,2024-01-06,C,1002
1545,1545,2025-03-13,C,1001
1546,1546,2024-04-24,B,1002
1547,1547,2024-10-30,C,1001
1548,1548,2024-02-15,A,1004
1549,1549,2024-04-19,C,1001
1550,1550,2024-03-01,C,1003
1551,1551,2025-01-29,C,1001
1552,1552,2025-03-29,C,1004
1553,1553,2025-04-18,C,1002
1554,1554,2024-07-08,C,1003
1555,1555,2024-08-29,C,1004
1556,1556,2024-03-02,C,1003
1557,1557,2025-04-21,C,1004
1558,1558,2024-06-19,A,1001
1559,1559,2025-05-27,A,1003
1560,1560,2024-07-31,C,1001
1561,1561,2024-06-10,A,1003
1562,1562,2024-05-02,C,1002
1563,1563,2024-11-05,C,1004
1564,1564,2024-07-14,C,1002
1565,1565,2025-03-25,C,1004
1566,1566,2024-04-07,C,1003
1567,1567,2024-07-20,C,1004
1568,1568,2024-07-28,C,1003
1569,1569,2025-04-28,C,1002
1570,1570,2024-05-24,C,1002
1571,1571,2025-04-25,C,1001
1572,1572,2024-02-04,C,1003
1573,1573,2025-05-02,A,1001
1574,1574,2024-10-03,C,1004
1575,1575,2024-03-07,C,1002
1576,1576,2024-08-18,C,1004
1577,1577,2025-03-09,C,1003
1578,1578,2024-11-27,A,1003
1579,1579,2025-02-22,C,1001
1580,1580,2024-10-21,C,1002
1581,1581,2024-09-27,C,1002
1582,1582,2025-02-22,C,1004
1583,1583,2024-02-09,C,1004
1584,1584,2024-11-27,C,1004
1585,1585,2024-05-15,C,1003
1586,1586,2025-03-24,A,1003
1587,1587,2025-04-19,C,1001
1588,1588,2024-10-17,C,1004
1589,1589,2024-12-14,C,1001
1590,1590,2024-06-24,C,1004
1591,1591,2024-10-21,A,1002
1592,1592,2024-09-08,C,1001
1593,1593,2024-09-28,C,1003
1594,1594,2024-08-24,C,1003
1595,1595,2024-02-25,C,1002
1596,1596,2024-10-10,C,1003
1597,1597,2024-12-26,C,1002
1598,1598,2024-02-27,C,1002
1599,1599,2024-07-28,C,1004
1600,1600,2024-05-24,C,1003
1601,1601,2024-06-07,C,1003
1602,1602,2025-01-27,A,1003
1603,1603,2025-01-28,C,1001
1604,1604,2024-10-25,C,1001
1605,1605,2024-10-28,C,1002
1606,1606,2024-02-18,C,1002
1607,1607,2025-01-13,C,1003
1608,1608,2024-03-20,C,1004
1609,1609,2025-03-12,C,1003
1610,1610,2024-01-05,C,1003
1611,1611,2025-03-14,C,1003
1612,1612,2024-11-26,A,1001
1613,1613,2024-10-02,C,1004
1614,1614,2024-10-14,C,1004
1615,1615,2024-07-12,C,1002
1616,1616,2025-03-31,C,1004
1617,1617,2024-02-26,A,1004
1618,1618,2025-02-19,C,1004
1619,1619,2025-03-17,C,1003
1620,1620,2025-05-03,C,1001
1621,1621,2024-08-25,C,1003
1622,1622,2024-07-21,C,1003
1623,1623,2025-03-09,C,1003
1624,1624,2024-09-25,C,1004
1625,1625,2024-12-28,C,1002
1626,1626,2024-12-28,B,1002
1627,1627,2024-04-30,C,1003
1628,1628,2024-01-09,B,1003
1629,1629,2025-05-22,C,1004
1630,1630,2024-11-27,C,1001
1631,1631,2024-08-20,C,1001
1632,1632,2024-08-08,C,1002
1633,1633,2025-04-24,C,1001
1634,1634,2025-05-17,A,1002
1635,1635,2024-10-24,C,1004
1636,1636,2024-10-05,C,1002
1637,1637,2025-04-24,B,1004
1638,1638,2024-11-21,C,1001
1639,1639,2024-12-13,C,1004
1640,1640,2024-04-01,C,1002
1641,1641,2024-10-21,C,1002
1642,1642,2024-10-15,C,1004
1643,1643,2024-08-30,C,1002
1644,1644,2024-04-01,A,1002
1645,1645,2024-07-22,C,1001
1646,1646,2025-04-22,A,1004
1647,1647,2025-02-08,C,1004
1648,1648,2025-04-14,C,1002
1649,1649,2025-05-25,C,1002
1650,1650,2025-05-24,C,1002
1651,1651,2025-02-24,C,1004
1652,1652,2024-01-14,C,1001
1653,1653,2024-02-23,A,1003
1654,1654,2024-10-16,C,1003
1655,1655,2025-01-03,C,1001
1656,1656,2024-05-14,C,1002
1657,1657,2024-09-08,C,1002
1658,1658,2024-02-01,C,1004
1659,1659,2024-03-27,C,1004
1660,1660,2024-11-02,C,1002
1661,1661,2024-12-19,C,1004
1662,1662,2024-10-31,C,1004
1663,1663,2024-03-18,C,1002
1664,1664,2025-05-25,C,1004
1665,1665,2024-02-22,C,1001
1666,1666,2024-11-16,C,1001
1667,1667,2024-10-01,C,1002
1668,1668,2024-12-07,C,1004
1669,1669,2024-11-10,C,1002
1670,1670,2024-05-16,C,1001
1671,1671,2024-01-28,C,1001
1672,1672,2024-06-13,C,1003
1673,1673,2024-09-13,C,1003
1674,1674,2024-12-23,C,1001
1675,1675,2024-05-21,C,1004
1676,1676,2024-04-15,B,1003
1677,1677,2025-05-05,C,1004
1678,1678,2024-07-07,A,1002
1679,1679,2024-12-22,C,1003
1680,1680,2025-02-24,C,1003
1681,1681,2025-05-02,C,1002
1682,1682,2024-12-06,C,1002
1683,1683,2024-03-18,A,1001
1684,1684,2025-04-30,C,1003
1685,1685,2024-10-09,A,1001
1686,1686,2025-01-13,C,1004
1687,1687,2025-01-07,C,1004
1688,1688,2024-10-10,A,1002
1689,1689,2024-06-15,A,1004
1690,1690,2024-07-24,C,1003
1691,1691,2025-02-02,C,1001
1692,1692,2024-01-16,C,1003
1693,1693,2025-01-19,C,1003
1694,1694,2024-04-22,C,1004
1695,1695,2024-07-20,C,1004
1696,1696,2024-09-11,C,1002
1697,1697,2024-11-07,C,1004
1698,1698,2025-04-21,C,1002
1699,1699,2024-12-02,B,1002
1700,1700,2024-12-19,C,1003
1701,1701,2025-05-15,A,1002
1702,1702,2024-11-09,C,1003
1703,1703,2025-04-17,C,1004
1704,1704,2024-06-07,C,1001
1705,1705,2024-11-30,C,1002
1706,1706,2024-12-23,C,1001
1707,1707,2024-09-05,A,1003
1708,1708,2024-05-05,A,1003
1709,1709,2024-11-04,C,1001
1710,1710,2024-03-10,C,1001
1711,1711,2024-02-17,C,1001
1712,1712,2024-07-12,C,1003
1713,1713,2024-10-16,C,1002
1714,1714,2024-06-25,C,1001
1715,1715,2024-08-11,A,1002
1716,1716,2025-02-19,C,1003
1717,1717,2024-11-20,C,1002
1718,1718,2024-11-26,C,1004
1719,1719,2024-10-02,C,1001
1720,1720,2024-06-21,C,1003
1721,1721,2024-03-10,C,1004
1722,1722,2024-09-25,A,1003
1723,1723,2024-04-03,C,1003
1724,1724,2024-11-27,C,1004
1725,1725,2025-02-23,A,1004
1726,1726,2025-06-01,A,1004
1727,1727,2025-02-01,A,1001
1728,1728,2024-06-24,C,1004
1729,1729,2024-09-21,C,1001
1730,1730,2025-01-04,C,1002
1731,1731,2024-03-01,C,1004
1732,1732,2024-11-14,C,1002
1733,1733,2025-02-03,B,1004
1734,1734,2024-05-28,A,1004
1735,1735,2024-11-15,C,1004
1736,1736,2025-04-08,B,1003
1737,1737,2024-02-10,A,1003
1738,1738,2024-02-26,C,1003
1739,1739,2024-09-08,C,1004
1740,1740,2024-07-04,C,1004
1741,1741,2024-10-13,C,1004
1742,1742,2024-10-06,C,1002
1743,1743,2024-10-19,C,1001
1744,1744,2024-09-23,C,1002
1745,1745,2024-05-01,C,1004
1746,1746,2024-03-10,C,1004
1747,1747,2024-02-25,A,1002
1748,1748,2024-06-16,C,1002
1749,1749,2024-12-16,B,1004
1750,1750,2024-07-08,C,1002
1751,1751,2024-12-24,A,1003
1752,1752,2024-04-23,C,1003
1753,1753,2024-10-29,C,1002
1754,1754,2025-02-14,C,1004
1755,1755,2024-05-13,C,1001
1756,1756,2025-01-07,C,1003
1757,1757,2024-12-21,C,1003
1758,1758,2024-05-23,C,1004
1759,1759,2024-03-31,C,1002
1760,1760,2025-03-12,C,1003
1761,1761,2024-11-19,C,1003
1762,1762,2024-09-19,C,1003
1763,1763,2025-01-06,C,1002
1764,1764,2024-09-18,C,1003
1765,1765,2024-11-10,A,1001
1766,1766,2024-09-24,C,1001
1767,1767,2025-05-07,B,1003
1768,1768,2024-06-26,C,1001
1769,1769,2025-01-21,C,1003
1770,1770,2024-06-06,C,1003
1771,1771,2024-10-12,C,1004
1772,1772,2025-03-10,C,1001
1773,1773,2024-07-23,C,1002
1774,1774,2024-11-01,B,1003
1775,1775,2024-08-10,B,1002
1776,1776,2025-04-02,A,1004
1777,1777,2024-08-10,C,1004
1778,1778,2025-05-06,C,1003
1779,1779,2024-01-28,C,1003
1780,1780,2024-12-31,C,1001
1781,1781,2024-06-23,A,1004
1782,1782,2024-04-29,C,1003
1783,1783,2024-09-04,C,1003
1784,1784,2025-04-23,A,1004
1785,1785,2024-07-26,C,1002
1786,1786,2025-04-18,A,1002
1787,1787,2024-09-01,C,1003
1788,1788,2024-05-18,C,1001
1789,1789,2024-11-06,C,1003
1790,1790,2025-02-12,C,1001
1791,1791,2024-12-06,C,1002
1792,1792,2024-06-22,C,1002
1793,1793,2024-05-22,C,1002
1794,1794,2024-01-13,B,1002
1795,1795,2024-09-23,C,1001
1796,1796,2024-09-29,C,1002
1797,1797,2024-12-25,A,1004
1798,1798,2025-02-22,C,1002
1799,1799,2024-01-29,C,1003
1800,1800,2024-12-08,C,1003
1801,1801,2024-04-17,A,1003
1802,1802,2024-05-15,A,1003
1803,1803,2024-05-30,C,1002
1804,1804,2024-09-08,C,1003
1805,1805,2024-05-17,A,1004
1806,1806,2024-07-10,C,1003
1807,1807,2024-09-17,A,1003
1808,1808,2024-02-17,C,1002
1809,1809,2024-11-06,C,1002
1810,1810,2024-05-25,C,1003
1811,1811,2024-10-18,C,1001
1812,1812,2025-02-04,C,1003
1813,1813,2024-05-16,C,1001
1814,1814,2024-02-14,C,1004
1815,1815,2024-10-19,C,1004
1816,1816,2025-05-12,C,1003
1817,1817,2024-04-16,C,1002
1818,1818,2024-09-02,C,1001
1819,1819,2024-11-25,C,1003
1820,1820,2024-07-29,C,1002
1821,1821,2025-05-13,C,1003
1822,1822,2024-01-30,C,1002
1823,1823,2024-10-08,C,1003
1824,1824,2025-03-30,C,1002
1825,1825,2025-02-09,C,1001
1826,1826,2025-01-02,C,1003
1827,1827,2024-11-05,C,1003
1828,1828,2024-12-19,B,1002
1829,1829,2025-04-18,A,1003
1830,1830,2024-10-03,C,1003
1831,1831,2024-08-03,C,1001
1832,1832,2025-05-29,C,1001
1833,1833,2025-03-20,B,1001
1834,1834,2024-09-11,C,1003
1835,1835,2024-02-04,C,1003
1836,1836,2024-10-16,C,1001
1837,1837,2024-05-26,C,1003
1838,1838,2025-01-30,C,1003
1839,1839,2024-12-31,C,1002
1840,1840,2024-12-10,C,1004
1841,1841,2025-03-29,A,1001
1842,1842,2024-05-29,C,1003
1843,1843,2024-12-11,C,1002
1844,1844,2024-02-08,C,1003
1845,1845,2025-01-07,C,1004
1846,1846,2024-12-26,C,1004
1847,1847,2024-04-20,A,1002
1848,1848,2025-02-04,C,1003
1849,1849,2024-05-29,C,1003
1850,1850,2025-05-05,C,1002
1851,1851,2024-10-06,C,1003
1852,1852,2024-03-24,C,1004
1853,1853,2024-07-06,A,1004
1854,1854,2024-04-17,C,1001
1855,1855,2025-04-08,C,1001
1856,1856,2025-03-31,C,1001
1857,1857,2024-08-28,C,1003
1858,1858,2024-12-13,C,1002
1859,1859,2024-02-09,C,1004
1860,1860,2024-09-09,C,1002
1861,1861,2024-01-14,A,1002
1862,1862,2025-01-30,C,1004
1863,1863,2024-07-10,C,1004
1864,1864,2025-01-27,C,1004
1865,1865,2025-01-26,C,1003
1866,1866,2024-08-11,C,1003
1867,1867,2024-06-02,C,1001
1868,1868,2025-02-20,B,1002
1869,1869,2024-09-19,C,1003
1870,1870,2025-02-11,C,1002
1871,1871,2024-07-12,C,1001
1872,1872,2024-02-17,C,1001
1873,1873,2024-04-04,C,1004
1874,1874,2024-07-27,A,1002
1875,1875,2024-05-28,C,1003
1876,1876,2024-08-27,C,1003
1877,1877,2024-05-13,C,1001
1878,1878,2024-01-23,C,1004
1879,1879,2024-02-12,C,1004
1880,1880,2024-08-20,C,1003
1881,1881,2024-12-21,C,1001
1882,1882,2025-03-25,C,1004
1883,1883,2024-01-22,C,1002
1884,1884,2025-02-07,C,1002
1885,1885,2024-12-06,C,1001
1886,1886,2024-03-02,C,1004
1887,1887,2024-01-09,C,1002
1888,1888,2024-08-29,C,1002
1889,1889,2025-03-14,A,1003
1890,1890,2024-02-02,C,1001
1891,1891,2024-12-25,A,1003
1892,1892,2025-04-04,B,1004
1893,1893,2025-02-04,C,1004
1894,1894,2024-04-20,C,1004
1895,1895,2024-05-27,C,1003
1896,1896,2024-06-08,C,1002
1897,1897,2024-01-27,C,1003
1898,1898,2024-11-07,C,1002
1899,1899,2024-10-03,C,1001
1900,1900,2024-03-21,C,1002
1901,1901,2024-01-05,C,1002
1902,1902,2025-03-21,C,1001
1903,1903,2024-02-11,C,1001
1904,1904,2024-10-16,C,1001
1905,1905,2024-10-11,C,1002
1906,1906,2024-09-15,C,1001
1907,1907,2024-11-22,C,1001
1908,1908,2024-10-14,C,1004
1909,1909,2024-05-04,C,1004
1910,1910,2024-10-11,C,1004
1911,1911,2024-09-13,C,1001
1912,1912,2024-10-17,C,1003
1913,1913,2024-11-24,C,1001
1914,1914,2024-06-13,A,1001
1915,1915,2024-03-04,C,1002
1916,1916,2024-12-26,B,1004
1917,1917,2025-05-05,C,1002
1918,1918,2024-12-19,C,1003
1919,1919,2024-08-15,C,1001
1920,1920,2024-03-21,B,1002
1921,1921,2025-02-11,C,1003
1922,1922,2024-12-28,C,1002
1923,1923,2024-12-06,B,1003
1924,1924,2024-05-16,B,1003
1925,1925,2024-07-22,C,1004
1926,1926,2025-05-09,C,1004
1927,1927,2024-11-22,C,1001
1928,1928,2024-11-08,A,1002
1929,1929,2025-02-16,C,1001
1930,1930,2024-03-15,C,1002
1931,1931,2025-05-19,C,1003
1932,1932,2025-01-05,A,1002
1933,1933,2024-08-10,C,1004
1934,1934,2024-08-18,C,1003
1935,1935,2024-03-14,C,1001
1936,1936,2024-12-16,C,1004
1937,1937,2025-01-26,C,1003
1938,1938,2024-11-23,C,1002
1939,1939,2024-08-12,C,1002
1940,1940,2025-03-26,C,1003
1941,1941,2025-02-18,C,1004
1942,1942,2025-01-05,C,1003
1943,1943,2024-02-16,C,1004
1944,1944,2024-12-12,C,1004
1945,1945,2024-03-28,C,1002
1946,1946,2024-08-06,C,1004
1947,1947,2025-01-05,C,1004
1948,1948,2024-12-25,C,1001
1949,1949,2024-04-07,C,1003
1950,1950,2024-12-18,C,1002
1951,1951,2025-01-29,C,1003
1952,1952,2024-03-17,C,1003
1953,1953,2025-04-07,C,1004
1954,1954,2024-11-09,C,1001
1955,1955,2024-07-30,C,1002
1956,1956,2025-05-05,A,1003
1957,1957,2025-04-16,C,1002
1958,1958,2024-07-03,A,1004
1959,1959,2024-11-13,A,1001
1960,1960,2024-03-13,A,1001
1961,1961,2024-12-13,A,1001
1962,1962,2024-04-09,A,1004
1963,1963,2024-10-11,C,1002
1964,1964,2024-03-20,C,1002
1965,1965,2025-03-22,C,1002
1966,1966,2024-12-13,A,1004
1967,1967,2024-06-20,C,1004
1968,1968,2025-04-05,A,1004
1969,1969,2024-04-23,A,1004
1970,1970,2024-11-01,C,1004
1971,1971,2025-03-23,C,1004
1972,1972,2024-07-14,C,1003
1973,1973,2024-05-24,C,1004
1974,1974,2025-04-21,A,1004
1975,1975,2025-05-22,B,1001
1976,1976,2024-12-09,C,1003
1977,1977,2024-12-14,C,1002
1978,1978,2025-02-01,C,1001
1979,1979,2025-01-19,C,1003
1980,1980,2025-02-13,C,1003
1981,1981,2024-04-14,C,1002
1982,1982,2025-03-23,C,1004
1983,1983,2024-12-26,C,1004
1984,1984,2025-04-30,A,1001
1985,1985,2024-02-08,C,1001
1986,1986,2024-10-21,C,1003
1987,1987,2024-02-10,A,1002
1988,1988,2024-08-29,C,1004
1989,1989,2024-10-31,A,1002
1990,1990,2024-10-14,A,1003
1991,1991,2024-04-15,B,1001
1992,1992,2024-09-15,C,1004
1993,1993,2024-05-23,A,1001
1994,1994,2025-02-15,C,1002
1995,1995,2025-02-21,C,1003
1996,1996,2024-05-22,C,1002
1997,1997,2025-01-04,C,1001
1998,1998,2024-12-25,B,1002
1999,1999,2024-05-21,C,1001
2000,2000,2024-09-06,C,1003
2001,2001,2024-10-12,C,1003
2002,2002,2025-03-24,C,1001
2003,2003,2024-01-29,C,1001
2004,2004,2024-09-25,C,1002
2005,2005,2024-09-18,C,1003
2006,2006,2024-10-04,C,1004
2007,2007,2024-02-04,C,1003
2008,2008,2025-02-07,C,1003
2009,2009,2025-05-02,A,1001
2010,2010,2025-02-19,C,1001
2011,2011,2025-05-07,C,1001
2012,2012,2024-10-05,A,1001
2013,2013,2024-05-29,C,1002
2014,2014,2024-10-22,C,1002
2015,2015,2024-05-13,C,1003
2016,2016,2024-11-03,A,1004
2017,2017,2025-05-25,C,1004
2018,2018,2025-05-12,C,1001
2019,2019,2024-06-17,A,1004
2020,2020,2025-05-16,C,1001
2021,2021,2025-01-04,C,1002
2022,2022,2025-05-26,C,1003
2023,2023,2024-09-21,C,1002
2024,2024,2024-07-22,C,1001
2025,2025,2025-04-12,C,1002
2026,2026,2025-02-11,C,1002
2027,2027,2025-05-08,C,1001
2028,2028,2025-02-18,C,1002
2029,2029,2024-06-30,C,1001
2030,2030,2024-04-28,C,1003
2031,2031,2024-08-19,C,1004
2032,2032,2024-03-22,C,1004
2033,2033,2024-12-06,C,1002
2034,2034,2024-07-22,A,1002
2035,2035,2024-03-18,C,1003
2036,2036,2024-03-27,C,1004
2037,2037,2024-11-03,C,1004
2038,2038,2024-09-29,C,1001
2039,2039,2025-02-20,C,1002
2040,2040,2025-05-03,C,1002
2041,2041,2025-03-15,C,1003
2042,2042,2024-04-04,C,1001
2043,2043,2025-05-06,C,1002
2044,2044,2024-05-17,C,1002
2045,2045,2024-04-04,C,1004
2046,2046,2024-01-15,B,1003
2047,2047,2024-12-27,C,1004
2048,2048,2024-10-03,C,1002
2049,2049,2024-08-02,C,1003
2050,2050,2024-12-15,C,1003
2051,2051,2024-08-11,C,1001
2052,2052,2024-11-18,C,1002
2053,2053,2024-10-15,C,1004
2054,2054,2025-03-21,C,1004
2055,2055,2025-04-21,C,1001
2056,2056,2024-09-10,C,1002
2057,2057,2024-04-05,B,1001
2058,2058,2024-11-05,C,1004
2059,2059,2024-01-14,A,1003
2060,2060,2024-05-14,C,1003
2061,2061,2025-05-31,C,1002
2062,2062,2024-06-16,C,1002
2063,2063,2025-04-26,C,1003
2064,2064,2024-01-11,C,1002
2065,2065,2024-12-09,C,1003
2066,2066,2024-01-28,C,1004
2067,2067,2024-10-07,C,1003
2068,2068,2025-04-21,A,1003
2069,2069,2024-06-09,C,1001
2070,2070,2024-06-21,A,1001
2071,2071,2024-10-06,B,1004
2072,2072,2025-02-03,C,1002
2073,2073,2024-06-05,C,1002
2074,2074,2024-02-28,C,1003
2075,2075,2024-01-11,C,1002
2076,2076,2024-10-07,C,1004
2077,2077,2024-03-16,C,1002
2078,2078,2024-10-09,C,1002
2079,2079,2024-07-21,C,1001
2080,2080,2024-04-30,C,1003
2081,2081,2024-03-12,C,1001
2082,2082,2025-01-23,C,1003
2083,2083,2024-04-14,C,1001
2084,2084,2025-05-06,C,1004
2085,2085,2024-08-16,C,1002
2086,2086,2024-06-30,A,1003
2087,2087,2024-10-14,C,1004
2088,2088,2024-08-15,C,1002
2089,2089,2025-04-15,C,1001
2090,2090,2024-09-18,A,1001
2091,2091,2024-12-08,C,1003
2092,2092,2024-12-29,C,1001
2093,2093,2024-11-23,C,1004
2094,2094,2024-12-15,C,1001
2095,2095,2024-04-03,C,1002
2096,2096,2024-11-24,C,1002
2097,2097,2025-03-29,C,1001
2098,2098,2024-10-02,C,1003
2099,2099,2024-06-12,A,1002
2100,2100,2024-09-06,C,1002
2101,2101,2024-11-04,C,1002
2102,2102,2024-09-25,C,1004
2103,2103,2024-07-30,C,1002
2104,2104,2024-10-21,C,1002
2105,2105,2024-11-02,C,1004
2106,2106,2025-03-05,C,1001
2107,2107,2024-02-18,A,1002
2108,2108,2024-03-11,C,1001
2109,2109,2025-05-06,C,1003
2110,2110,2024-06-02,A,1004
2111,2111,2025-05-30,A,1004
2112,2112,2024-06-09,C,1001
2113,2113,2024-06-30,C,1003
2114,2114,2024-01-22,C,1001
2115,2115,2024-09-21,C,1004
2116,2116,2024-12-04,C,1001
2117,2117,2024-03-18,C,1001
2118,2118,2024-05-20,C,1004
2119,2119,2024-10-31,C,1001
2120,2120,2024-04-08,C,1002
2121,2121,2024-04-18,C,1003
2122,2122,2024-03-05,C,1003
2123,2123,2025-04-12,C,1001
2124,2124,2024-06-10,C,1003
2125,2125,2024-09-06,C,1004
2126,2126,2024-12-22,C,1003
2127,2127,2024-12-27,B,1003
2128,2128,2024-12-27,C,1003
2129,2129,2024-06-09,A,1002
2130,2130,2024-10-04,A,1003
2131,2131,2025-01-26,C,1002
2132,2132,2024-12-16,C,1001
2133,2133,2024-02-05,A,1002
2134,2134,2024-11-24,C,1001
2135,2135,2024-10-07,C,1003
2136,2136,2024-11-10,C,1001
2137,2137,2024-03-26,A,1001
2138,2138,2024-04-13,B,1004
2139,2139,2024-01-19,C,1003
2140,2140,2025-03-08,C,1002
2141,2141,2024-04-08,C,1001
2142,2142,2024-02-09,C,1003
2143,2143,2024-08-17,C,1001
2144,2144,2025-01-19,C,1002
2145,2145,2024-12-28,C,1001
2146,2146,2025-02-14,C,1001
2147,2147,2024-03-13,C,1002
2148,2148,2024-12-21,A,1004
2149,2149,2025-04-02,C,1004
2150,2150,2025-01-13,C,1003
2151,2151,2024-02-08,C,1002
2152,2152,2025-01-06,C,1002
2153,2153,2024-02-05,C,1003
2154,2154,2024-03-22,C,1004
2155,2155,2024-11-07,A,1001
2156,2156,2025-02-18,C,1002
2157,2157,2024-05-13,C,1004
2158,2158,2024-03-01,C,1004
2159,2159,2024-10-12,C,1002
2160,2160,2024-07-31,A,1003
2161,2161,2024-11-12,C,1002
2162,2162,2024-05-14,C,1004
2163,2163,2025-02-22,C,1002
2164,2164,2025-02-27,C,1004
2165,2165,2024-07-13,C,1003
2166,2166,2024-05-03,C,1004
2167,2167,2024-09-21,C,1001
2168,2168,2025-05-23,C,1001
2169,2169,2024-07-20,C,1003
2170,2170,2024-04-16,C,1004
2171,2171,2024-11-01,C,1004
2172,2172,2025-03-05,A,1004
2173,2173,2025-04-11,C,1004
2174,2174,2024-11-29,C,1002
2175,2175,2024-03-01,C,1002
2176,2176,2025-04-26,C,1003
2177,2177,2025-01-01,C,1004
2178,2178,2024-01-05,C,1004
2179,2179,2024-03-20,C,1002
2180,2180,2025-05-17,A,1001
2181,2181,2025-03-12,A,1003
2182,2182,2024-12-31,C,1001
2183,2183,2024-06-14,A,1004
2184,2184,2024-07-22,A,1001
2185,2185,2024-04-05,C,1001
2186,2186,2024-09-21,C,1002
2187,2187,2025-01-20,C,1002
2188,2188,2024-08-27,C,1001
2189,2189,2024-06-17,C,1004
2190,2190,2025-01-21,A,1001
2191,2191,2024-10-25,C,1004
2192,2192,2024-05-16,C,1001
2193,2193,2025-04-07,A,1004
2194,2194,2024-03-29,A,1003
2195,2195,2024-11-07,A,1002
2196,2196,2024-09-14,C,1001
2197,2197,2024-07-25,C,1002
2198,2198,2024-12-04,C,1003
2199,2199,2025-03-14,C,1004
2200,2200,2024-09-19,C,1004
2201,2201,2024-09-14,C,1002
2202,2202,2024-09-09,A,1003
2203,2203,2024-12-11,C,1004
2204,2204,2024-08-19,C,1003
2205,2205,2025-05-30,C,1001
2206,2206,2025-03-15,A,1002
2207,2207,2024-10-22,C,1004
2208,2208,2024-05-30,A,1003
2209,2209,2024-02-29,C,1003
2210,2210,2024-11-19,C,1004
2211,2211,2025-05-09,A,1001
2212,2212,2024-03-11,C,1003
2213,2213,2025-04-27,C,1004
2214,2214,2024-03-06,C,1003
2215,2215,2025-04-30,C,1002
2216,2216,2024-10-03,C,1001
2217,2217,2024-05-03,C,1001
2218,2218,2024-06-25,C,1001
2219,2219,2024-08-01,C,1003
2220,2220,2025-03-18,C,1003
2221,2221,2024-10-17,C,1003
2222,2222,2025-01-27,C,1002
2223,2223,2024-02-14,C,1002
2224,2224,2024-08-19,C,1002
2225,2225,2024-01-10,A,1001
2226,2226,2024-09-19,A,1004
2227,2227,2024-10-10,C,1001
2228,2228,2024-07-04,C,1002
2229,2229,2024-07-28,C,1002
2230,2230,2024-05-13,C,1001
2231,2231,2025-01-13,C,1001
2232,2232,2024-10-23,C,1001
2233,2233,2024-11-12,C,1001
2234,2234,2025-05-20,C,1004
2235,2235,2025-05-24,B,1001
2236,2236,2024-01-16,C,1004
2237,2237,2024-06-21,C,1001
2238,2238,2024-08-30,C,1004
2239,2239,2025-05-15,C,1003
2240,2240,2024-03-13,C,1001
2241,2241,2025-01-24,A,1001
2242,2242,2024-03-15,A,1002
2243,2243,2024-01-30,A,1004
2244,2244,2025-02-11,C,1001
2245,2245,2025-03-28,A,1002
2246,2246,2024-12-21,C,1004
2247,2247,2024-03-29,C,1001
2248,2248,2025-05-29,C,1003
2249,2249,2024-01-11,C,1001
2250,2250,2025-05-30,C,1003
2251,2251,2024-03-05,C,1001
2252,2252,2024-01-04,A,1002
2253,2253,2025-05-06,C,1004
2254,2254,2025-03-20,C,1003
2255,2255,2024-10-27,C,1003
2256,2256,2024-06-13,C,1002
2257,2257,2024-10-23,C,1001
2258,2258,2024-07-21,C,1001
2259,2259,2024-10-21,A,1002
2260,2260,2025-01-02,C,1003
2261,2261,2025-04-25,C,1003
2262,2262,2024-07-21,C,1003
2263,2263,2024-04-24,C,1003
2264,2264,2024-12-30,C,1003
2265,2265,2024-02-27,A,1004
2266,2266,2024-06-15,C,1001
2267,2267,2024-11-22,C,1002
2268,2268,2024-06-19,C,1002
2269,2269,2024-02-13,C,1004
2270,2270,2024-01-18,C,1002
2271,2271,2025-01-20,C,1001
2272,2272,2025-04-08,C,1003
2273,2273,2024-01-16,C,1001
2274,2274,2024-12-18,B,1003
2275,2275,2024-11-17,C,1001
2276,2276,2024-03-12,C,1002
2277,2277,2024-09-22,C,1002
2278,2278,2024-09-19,C,1001
2279,2279,2024-08-09,C,1002
2280,2280,2024-01-21,C,1004
2281,2281,2025-05-15,A,1002
2282,2282,2024-11-22,B,1004
2283,2283,2024-06-11,C,1001
2284,2284,2024-07-24,C,1002
2285,2285,2025-04-01,C,1001
2286,2286,2024-01-01,C,1001
2287,2287,2024-07-22,B,1002
2288,2288,2024-09-28,A,1003
2289,2289,2024-11-04,A,1004
2290,2290,2024-06-04,C,1002
2291,2291,2024-11-25,C,1004
2292,2292,2024-04-29,C,1003
2293,2293,2025-01-20,C,1003
2294,2294,2024-01-19,B,1002
2295,2295,2024-11-30,C,1003
2296,2296,2025-04-08,C,1003
2297,2297,2024-01-17,C,1004
2298,2298,2024-10-01,B,1003
2299,2299,2024-04-10,C,1003
2300,2300,2024-08-29,A,1003
2301,2301,2025-05-08,C,1003
2302,2302,2024-09-08,A,1003
2303,2303,2024-12-14,C,1003
2304,2304,2024-01-12,C,1002
2305,2305,2025-01-05,A,1001
2306,2306,2024-12-15,C,1002
2307,2307,2024-05-31,C,1002
2308,2308,2024-09-09,A,1002
2309,2309,2024-10-30,C,1001
2310,2310,2024-06-27,B,1004
2311,2311,2025-05-06,C,1004
2312,2312,2024-10-07,C,1001
2313,2313,2024-04-21,C,1004
2314,2314,2024-06-15,C,1001
2315,2315,2024-04-15,A,1001
2316,2316,2024-05-11,A,1004
2317,2317,2024-10-12,C,1004
2318,2318,2024-11-10,C,1002
2319,2319,2024-09-03,C,1001
2320,2320,2025-05-26,C,1001
2321,2321,2024-01-26,C,1004
2322,2322,2024-10-14,C,1002
2323,2323,2024-12-29,C,1004
2324,2324,2024-01-07,C,1002
2325,2325,2025-02-26,C,1004
2326,2326,2024-09-21,C,1001
2327,2327,2025-03-18,C,1003
2328,2328,2025-03-29,C,1003
2329,2329,2025-02-23,C,1004
2330,2330,2025-03-04,C,1001
2331,2331,2025-03-23,C,1001
2332,2332,2024-05-22,C,1002
2333,2333,2024-09-28,A,1001
2334,2334,2025-04-16,A,1002
2335,2335,2025-03-13,C,1003
2336,2336,2024-10-07,B,1004
2337,2337,2024-03-11,C,1003
2338,2338,2025-05-13,A,1004
2339,2339,2025-03-12,C,1004
2340,2340,2025-01-31,C,1001
2341,2341,2024-08-14,A,1002
2342,2342,2024-07-11,C,1004
2343,2343,2024-06-21,C,1001
2344,2344,2024-10-28,C,1004
2345,2345,2024-08-13,C,1003
2346,2346,2024-04-08,C,1001
2347,2347,2024-02-13,C,1003
2348,2348,2025-04-11,C,1004
2349,2349,2024-06-28,C,1001
2350,2350,2024-10-18,A,1003
2351,2351,2025-05-06,C,1003
2352,2352,2024-01-20,C,1002
2353,2353,2025-02-01,C,1001
2354,2354,2024-11-26,C,1004
2355,2355,2025-03-01,C,1003
2356,2356,2024-07-30,C,1002
2357,2357,2024-11-14,C,1001
2358,2358,2025-01-10,C,1004
2359,2359,2024-07-18,C,1003
2360,2360,2024-08-22,B,1003
2361,2361,2024-10-15,C,1003
2362,2362,2024-11-21,A,1004
2363,2363,2024-12-24,C,1001
2364,2364,2025-03-30,C,1002
2365,2365,2024-11-16,A,1001
2366,2366,2024-01-13,C,1001
2367,2367,2024-02-17,C,1001
2368,2368,2024-05-17,C,1003
2369,2369,2025-01-07,C,1001
2370,2370,2024-04-29,C,1002
2371,2371,2024-08-04,C,1002
2372,2372,2025-01-01,C,1004
2373,2373,2025-03-20,A,1003
2374,2374,2025-04-13,C,1001
2375,2375,2024-10-15,C,1004
2376,2376,2024-11-23,C,1004
2377,2377,2024-07-09,C,1003
2378,2378,2024-11-30,C,1002
2379,2379,2024-06-14,C,1004
2380,2380,2024-11-22,C,1001
2381,2381,2024-10-24,C,1001
2382,2382,2024-04-15,C,1003
2383,2383,2025-05-22,C,1004
2384,2384,2025-01-23,A,1004
2385,2385,2025-01-09,C,1004
2386,2386,2024-07-13,A,1001
2387,2387,2025-03-26,C,1001
2388,2388,2025-02-20,A,1001
2389,2389,2025-01-17,C,1003
2390,2390,2024-09-30,C,1001
2391,2391,2024-09-20,C,1004
2392,2392,2025-02-13,C,1003
2393,2393,2024-10-27,A,1001
2394,2394,2025-04-21,C,1002
2395,2395,2024-11-03,C,1004
2396,2396,2025-02-13,C,1002
2397,2397,2025-03-11,A,1001
2398,2398,2025-03-23,C,1002
2399,2399,2024-08-03,C,1003
2400,2400,2024-03-26,C,1004
2401,2401,2025-02-22,C,1004
2402,2402,2024-02-18,A,1003
2403,2403,2024-03-01,C,1001
2404,2404,2024-09-20,C,1001
2405,2405,2024-03-13,C,1001
2406,2406,2025-03-07,C,1003
2407,2407,2025-05-15,C,1001
2408,2408,2024-01-21,C,1003
2409,2409,2024-02-11,C,1004
2410,2410,2024-11-08,C,1002
2411,2411,2024-09-26,C,1002
2412,2412,2024-10-16,C,1004
2413,2413,2025-01-26,C,1001
2414,2414,2024-10-20,C,1001
2415,2415,2024-12-09,C,1004
2416,2416,2024-03-30,B,1001
2417,2417,2024-11-18,C,1003
2418,2418,2024-11-20,C,1003
2419,2419,2024-09-23,A,1002
2420,2420,2025-04-20,C,1001
2421,2421,2024-07-15,C,1004
2422,2422,2024-12-16,C,1004
2423,2423,2025-01-08,C,1002
2424,2424,2024-07-15,A,1002
2425,2425,2025-05-30,A,1002
2426,2426,2024-10-19,C,1001
2427,2427,2024-08-08,C,1002
2428,2428,2024-07-08,B,1004
2429,2429,2025-04-22,C,1002
2430,2430,2024-10-04,C,1002
2431,2431,2024-07-29,A,1004
2432,2432,2024-03-21,C,1004
2433,2433,2025-01-02,A,1002
2434,2434,2025-04-22,C,1001
2435,2435,2024-10-26,A,1004
2436,2436,2024-01-17,C,1001
2437,2437,2024-08-30,A,1002
2438,2438,2025-02-02,C,1004
2439,2439,2024-11-02,C,1001
2440,2440,2025-02-01,C,1001
2441,2441,2024-02-06,C,1002
2442,2442,2025-03-06,C,1001
2443,2443,2025-05-17,C,1002
2444,2444,2024-06-06,C,1002
2445,2445,2024-10-15,C,1001
2446,2446,2024-11-07,C,1003
2447,2447,2024-04-29,C,1003
2448,2448,2024-02-11,C,1001
2449,2449,2024-11-05,C,1003
2450,2450,2024-03-10,C,1004
2451,2451,2024-03-24,C,1002
2452,2452,2025-04-18,C,1001
2453,2453,2024-03-02,C,1001
2454,2454,2025-03-07,A,1004
2455,2455,2024-12-23,C,1001
2456,2456,2025-02-21,C,1004
2457,2457,2024-06-03,C,1003
2458,2458,2025-01-24,C,1002
2459,2459,2024-10-17,C,1003
2460,2460,2024-09-08,C,1002
2461,2461,2024-11-08,C,1001
2462,2462,2024-12-04,C,1002
2463,2463,2024-09-20,C,1004
2464,2464,2024-05-17,A,1001
2465,2465,2024-06-15,C,1001
2466,2466,2024-04-03,C,1004
2467,2467,2025-04-28,C,1003
2468,2468,2024-02-10,C,1001
2469,2469,2024-10-02,C,1003
2470,2470,2024-04-27,B,1002
2471,2471,2024-07-06,C,1003
2472,2472,2024-01-24,C,1003
2473,2473,2024-03-21,C,1002
2474,2474,2024-11-10,C,1004
2475,2475,2024-10-17,C,1002
2476,2476,2024-07-28,C,1001
2477,2477,2024-03-02,C,1004
2478,2478,2024-01-14,C,1003
2479,2479,2024-01-17,C,1003
2480,2480,2024-11-02,C,1004
2481,2481,2024-08-27,A,1002
2482,2482,2024-07-14,C,1001
2483,2483,2024-04-08,C,1002
2484,2484,2025-02-10,C,1001
2485,2485,2024-05-20,C,1002
2486,2486,2024-08-19,C,1001
2487,2487,2024-01-30,C,1002
2488,2488,2024-11-22,C,1003
2489,2489,2024-01-03,C,1002
2490,2490,2024-10-25,C,1003
2491,2491,2025-05-24,C,1002
2492,2492,2025-05-24,C,1002
2493,2493,2024-04-15,C,1004
2494,2494,2024-01-07,C,1001
2495,2495,2024-05-22,A,1002
2496,2496,2024-10-21,C,1002
2497,2497,2024-12-18,C,1003
2498,2498,2024-05-23,C,1003
2499,2499,2025-01-29,C,1004
2500,2500,2024-07-23,C,1003
