VictimMasterID,CaseMasterID,VictimName,AgeYear,GenderID,VictimPolice
1,1,Victim Party #1,44,1,0
2,2,Victim Party #2,41,2,0
3,3,Victim Party #3,23,2,0
4,4,Victim Party #4,57,2,0
5,5,Victim Party #5,55,1,0
6,6,Victim Party #6,34,2,0
7,7,Victim Party #7,31,2,0
8,8,Victim Party #8,23,2,0
9,9,Victim Party #9,25,2,0
10,10,Victim Party #10,34,2,0
11,11,Victim Party #11,57,1,0
12,12,Victim Party #12,23,2,0
13,13,Victim Party #13,47,1,0
14,14,Victim Party #14,31,1,0
15,15,Victim Party #15,57,2,0
16,16,Victim Party #16,48,1,0
17,17,Victim Party #17,25,2,0
18,18,Victim Party #18,54,2,0
19,19,Victim Party #19,41,1,0
20,20,Victim Party #20,22,1,0
21,21,Victim Party #21,48,1,0
22,22,Victim Party #22,34,1,0
23,23,Victim Party #23,41,2,0
24,24,Victim Party #24,27,2,0
25,25,Victim Party #25,26,2,0
26,26,Victim Party #26,33,1,0
27,27,Victim Party #27,49,2,0
28,28,Victim Party #28,57,2,0
29,29,Victim Party #29,53,1,0
30,30,Victim Party #30,50,2,0
31,31,Victim Party #31,23,2,0
32,32,Victim Party #32,33,1,0
33,33,Victim Party #33,46,2,0
34,34,Victim Party #34,42,1,0
35,35,Victim Party #35,45,2,0
36,36,Victim Party #36,19,1,0
37,37,Victim Party #37,20,2,0
38,38,Victim Party #38,36,1,0
39,39,Victim Party #39,26,2,0
40,40,Victim Party #40,44,1,0
41,41,Victim Party #41,30,2,0
42,42,Victim Party #42,46,2,0
43,43,Victim Party #43,38,1,0
44,44,Victim Party #44,31,1,0
45,45,Victim Party #45,56,1,0
46,46,Victim Party #46,51,1,0
47,47,Victim Party #47,46,1,0
48,48,Victim Party #48,31,1,0
49,49,Victim Party #49,57,2,0
50,50,Victim Party #50,56,1,0
51,51,Victim Party #51,45,2,0
52,52,Victim Party #52,43,1,0
53,53,Victim Party #53,31,2,0
54,54,Victim Party #54,28,1,0
55,55,Victim Party #55,20,2,0
56,56,Victim Party #56,40,1,0
57,57,Victim Party #57,56,2,0
58,58,Victim Party #58,52,2,0
59,59,Victim Party #59,57,2,0
60,60,Victim Party #60,34,1,0
61,61,Victim Party #61,39,1,0
62,62,Victim Party #62,37,1,0
63,63,Victim Party #63,58,2,0
64,64,Victim Party #64,21,2,0
65,65,Victim Party #65,52,1,0
66,66,Victim Party #66,51,2,0
67,67,Victim Party #67,41,1,0
68,68,Victim Party #68,49,1,0
69,69,Victim Party #69,26,2,0
70,70,Victim Party #70,29,1,0
71,71,Victim Party #71,51,2,0
72,72,Victim Party #72,27,1,0
73,73,Victim Party #73,24,2,0
74,74,Victim Party #74,29,2,0
75,75,Victim Party #75,23,1,0
76,76,Victim Party #76,57,1,0
77,77,Victim Party #77,27,2,0
78,78,Victim Party #78,46,2,0
79,79,Victim Party #79,46,2,0
80,80,Victim Party #80,38,1,0
81,81,Victim Party #81,56,1,0
82,82,Victim Party #82,49,2,0
83,83,Victim Party #83,51,1,0
84,84,Victim Party #84,25,1,0
85,85,Victim Party #85,21,2,0
86,86,Victim Party #86,27,1,0
87,87,Victim Party #87,33,1,0
88,88,Victim Party #88,25,1,0
89,89,Victim Party #89,50,1,0
90,90,Victim Party #90,22,2,0
91,91,Victim Party #91,36,1,0
92,92,Victim Party #92,29,1,0
93,93,Victim Party #93,57,2,0
94,94,Victim Party #94,55,1,0
95,95,Victim Party #95,28,2,0
96,96,Victim Party #96,52,1,0
97,97,Victim Party #97,50,1,0
98,98,Victim Party #98,23,1,0
99,99,Victim Party #99,58,2,0
100,100,Victim Party #100,45,2,0
101,101,Victim Party #101,26,1,0
102,102,Victim Party #102,28,1,0
103,103,Victim Party #103,49,1,0
104,104,Victim Party #104,45,1,0
105,105,Victim Party #105,50,1,0
106,106,Victim Party #106,42,2,0
107,107,Victim Party #107,30,2,0
108,108,Victim Party #108,33,1,0
109,109,Victim Party #109,34,2,0
110,110,Victim Party #110,40,1,0
111,111,Victim Party #111,50,1,0
112,112,Victim Party #112,43,2,0
113,113,Victim Party #113,33,2,0
114,114,Victim Party #114,57,1,0
115,115,Victim Party #115,28,2,0
116,116,Victim Party #116,51,2,0
117,117,Victim Party #117,39,1,0
118,118,Victim Party #118,37,2,0
119,119,Victim Party #119,56,2,0
120,120,Victim Party #120,28,1,0
121,121,Victim Party #121,45,1,0
122,122,Victim Party #122,54,2,0
123,123,Victim Party #123,47,2,0
124,124,Victim Party #124,52,1,0
125,125,Victim Party #125,44,1,0
126,126,Victim Party #126,36,2,0
127,127,Victim Party #127,21,2,0
128,128,Victim Party #128,35,2,0
129,129,Victim Party #129,31,1,0
130,130,Victim Party #130,28,1,0
131,131,Victim Party #131,20,2,0
132,132,Victim Party #132,50,1,0
133,133,Victim Party #133,49,2,0
134,134,Victim Party #134,36,1,0
135,135,Victim Party #135,42,2,0
136,136,Victim Party #136,28,1,0
137,137,Victim Party #137,52,2,0
138,138,Victim Party #138,34,2,0
139,139,Victim Party #139,33,1,0
140,140,Victim Party #140,25,2,0
141,141,Victim Party #141,25,2,0
142,142,Victim Party #142,54,2,0
143,143,Victim Party #143,45,2,0
144,144,Victim Party #144,47,2,0
145,145,Victim Party #145,50,1,0
146,146,Victim Party #146,48,1,0
147,147,Victim Party #147,26,2,0
148,148,Victim Party #148,41,1,0
149,149,Victim Party #149,29,2,0
150,150,Victim Party #150,32,1,0
151,151,Victim Party #151,26,1,0
152,152,Victim Party #152,43,1,0
153,153,Victim Party #153,51,1,0
154,154,Victim Party #154,42,1,0
155,155,Victim Party #155,55,1,0
156,156,Victim Party #156,56,2,0
157,157,Victim Party #157,54,2,0
158,158,Victim Party #158,54,1,0
159,159,Victim Party #159,47,1,0
160,160,Victim Party #160,48,2,0
161,161,Victim Party #161,45,1,0
162,162,Victim Party #162,42,2,0
163,163,Victim Party #163,21,2,0
164,164,Victim Party #164,51,1,0
165,165,Victim Party #165,21,1,0
166,166,Victim Party #166,37,1,0
167,167,Victim Party #167,43,1,0
168,168,Victim Party #168,26,1,0
169,169,Victim Party #169,52,1,0
170,170,Victim Party #170,44,2,0
171,171,Victim Party #171,38,1,0
172,172,Victim Party #172,24,2,0
173,173,Victim Party #173,38,2,0
174,174,Victim Party #174,51,2,0
175,175,Victim Party #175,53,2,0
176,176,Victim Party #176,32,2,0
177,177,Victim Party #177,33,1,0
178,178,Victim Party #178,49,1,0
179,179,Victim Party #179,55,2,0
180,180,Victim Party #180,34,2,0
181,181,Victim Party #181,56,1,0
182,182,Victim Party #182,41,2,0
183,183,Victim Party #183,31,2,0
184,184,Victim Party #184,48,1,0
185,185,Victim Party #185,19,2,0
186,186,Victim Party #186,47,2,0
187,187,Victim Party #187,58,2,0
188,188,Victim Party #188,29,1,0
189,189,Victim Party #189,45,1,0
190,190,Victim Party #190,27,1,0
191,191,Victim Party #191,25,2,0
192,192,Victim Party #192,53,2,0
193,193,Victim Party #193,55,2,0
194,194,Victim Party #194,46,2,0
195,195,Victim Party #195,35,1,0
196,196,Victim Party #196,38,2,0
197,197,Victim Party #197,44,1,0
198,198,Victim Party #198,35,1,0
199,199,Victim Party #199,21,1,0
200,200,Victim Party #200,44,2,0
201,201,Victim Party #201,21,2,0
202,202,Victim Party #202,53,1,0
203,203,Victim Party #203,29,1,0
204,204,Victim Party #204,41,2,0
205,205,Victim Party #205,58,1,0
206,206,Victim Party #206,33,2,0
207,207,Victim Party #207,40,1,0
208,208,Victim Party #208,43,2,0
209,209,Victim Party #209,31,1,0
210,210,Victim Party #210,53,1,0
211,211,Victim Party #211,39,2,0
212,212,Victim Party #212,25,1,0
213,213,Victim Party #213,23,1,0
214,214,Victim Party #214,57,1,0
215,215,Victim Party #215,38,2,0
216,216,Victim Party #216,35,1,0
217,217,Victim Party #217,36,2,0
218,218,Victim Party #218,53,1,0
219,219,Victim Party #219,31,2,0
220,220,Victim Party #220,51,1,0
221,221,Victim Party #221,29,1,0
222,222,Victim Party #222,32,2,0
223,223,Victim Party #223,28,2,0
224,224,Victim Party #224,33,1,0
225,225,Victim Party #225,26,1,0
226,226,Victim Party #226,46,2,0
227,227,Victim Party #227,22,1,0
228,228,Victim Party #228,20,2,0
229,229,Victim Party #229,31,2,0
230,230,Victim Party #230,31,2,0
231,231,Victim Party #231,31,2,0
232,232,Victim Party #232,33,1,0
233,233,Victim Party #233,46,1,0
234,234,Victim Party #234,23,2,0
235,235,Victim Party #235,25,1,0
236,236,Victim Party #236,23,1,0
237,237,Victim Party #237,30,2,0
238,238,Victim Party #238,38,1,0
239,239,Victim Party #239,54,2,0
240,240,Victim Party #240,42,2,0
241,241,Victim Party #241,25,1,0
242,242,Victim Party #242,19,2,0
243,243,Victim Party #243,47,2,0
244,244,Victim Party #244,55,1,0
245,245,Victim Party #245,31,2,0
246,246,Victim Party #246,30,1,0
247,247,Victim Party #247,43,1,0
248,248,Victim Party #248,21,2,0
249,249,Victim Party #249,58,1,0
250,250,Victim Party #250,35,1,0
251,251,Victim Party #251,55,2,0
252,252,Victim Party #252,28,2,0
253,253,Victim Party #253,39,1,0
254,254,Victim Party #254,36,1,0
255,255,Victim Party #255,43,2,0
256,256,Victim Party #256,57,1,0
257,257,Victim Party #257,55,2,0
258,258,Victim Party #258,40,1,0
259,259,Victim Party #259,21,2,0
260,260,Victim Party #260,34,2,0
261,261,Victim Party #261,24,1,0
262,262,Victim Party #262,57,1,0
263,263,Victim Party #263,19,1,0
264,264,Victim Party #264,57,1,0
265,265,Victim Party #265,48,2,0
266,266,Victim Party #266,34,2,0
267,267,Victim Party #267,19,2,0
268,268,Victim Party #268,49,1,0
269,269,Victim Party #269,42,2,0
270,270,Victim Party #270,28,1,0
271,271,Victim Party #271,29,2,0
272,272,Victim Party #272,22,1,0
273,273,Victim Party #273,52,2,0
274,274,Victim Party #274,22,2,0
275,275,Victim Party #275,32,2,0
276,276,Victim Party #276,45,2,0
277,277,Victim Party #277,38,1,0
278,278,Victim Party #278,54,1,0
279,279,Victim Party #279,57,1,0
280,280,Victim Party #280,23,1,0
281,281,Victim Party #281,53,2,0
282,282,Victim Party #282,55,2,0
283,283,Victim Party #283,33,1,0
284,284,Victim Party #284,39,1,0
285,285,Victim Party #285,19,1,0
286,286,Victim Party #286,55,1,0
287,287,Victim Party #287,43,2,0
288,288,Victim Party #288,28,1,0
289,289,Victim Party #289,47,2,0
290,290,Victim Party #290,31,2,0
291,291,Victim Party #291,34,2,0
292,292,Victim Party #292,36,1,0
293,293,Victim Party #293,38,2,0
294,294,Victim Party #294,45,2,0
295,295,Victim Party #295,42,1,0
296,296,Victim Party #296,44,2,0
297,297,Victim Party #297,33,1,0
298,298,Victim Party #298,50,1,0
299,299,Victim Party #299,27,2,0
300,300,Victim Party #300,54,2,0
301,301,Victim Party #301,53,2,0
302,302,Victim Party #302,58,2,0
303,303,Victim Party #303,22,2,0
304,304,Victim Party #304,32,1,0
305,305,Victim Party #305,58,2,0
306,306,Victim Party #306,44,1,0
307,307,Victim Party #307,53,2,0
308,308,Victim Party #308,53,2,0
309,309,Victim Party #309,45,1,0
310,310,Victim Party #310,50,1,0
311,311,Victim Party #311,22,2,0
312,312,Victim Party #312,46,1,0
313,313,Victim Party #313,36,2,0
314,314,Victim Party #314,40,1,0
315,315,Victim Party #315,24,1,0
316,316,Victim Party #316,26,2,0
317,317,Victim Party #317,41,2,0
318,318,Victim Party #318,23,2,0
319,319,Victim Party #319,33,1,0
320,320,Victim Party #320,57,1,0
321,321,Victim Party #321,30,2,0
322,322,Victim Party #322,44,2,0
323,323,Victim Party #323,25,2,0
324,324,Victim Party #324,42,1,0
325,325,Victim Party #325,55,1,0
326,326,Victim Party #326,24,2,0
327,327,Victim Party #327,36,2,0
328,328,Victim Party #328,30,2,0
329,329,Victim Party #329,37,1,0
330,330,Victim Party #330,27,2,0
331,331,Victim Party #331,21,1,0
332,332,Victim Party #332,29,1,0
333,333,Victim Party #333,34,2,0
334,334,Victim Party #334,35,2,0
335,335,Victim Party #335,55,2,0
336,336,Victim Party #336,22,2,0
337,337,Victim Party #337,22,1,0
338,338,Victim Party #338,26,1,0
339,339,Victim Party #339,32,2,0
340,340,Victim Party #340,57,1,0
341,341,Victim Party #341,57,2,0
342,342,Victim Party #342,36,1,0
343,343,Victim Party #343,27,1,0
344,344,Victim Party #344,47,2,0
345,345,Victim Party #345,40,2,0
346,346,Victim Party #346,29,1,0
347,347,Victim Party #347,57,1,0
348,348,Victim Party #348,30,1,0
349,349,Victim Party #349,36,2,0
350,350,Victim Party #350,36,1,0
351,351,Victim Party #351,22,2,0
352,352,Victim Party #352,23,2,0
353,353,Victim Party #353,49,1,0
354,354,Victim Party #354,47,2,0
355,355,Victim Party #355,29,2,0
356,356,Victim Party #356,49,1,0
357,357,Victim Party #357,46,1,0
358,358,Victim Party #358,57,2,0
359,359,Victim Party #359,46,2,0
360,360,Victim Party #360,55,1,0
361,361,Victim Party #361,56,1,0
362,362,Victim Party #362,36,2,0
363,363,Victim Party #363,57,2,0
364,364,Victim Party #364,42,2,0
365,365,Victim Party #365,37,1,0
366,366,Victim Party #366,45,2,0
367,367,Victim Party #367,49,2,0
368,368,Victim Party #368,23,2,0
369,369,Victim Party #369,32,2,0
370,370,Victim Party #370,35,1,0
371,371,Victim Party #371,41,1,0
372,372,Victim Party #372,38,1,0
373,373,Victim Party #373,21,2,0
374,374,Victim Party #374,54,1,0
375,375,Victim Party #375,53,2,0
376,376,Victim Party #376,38,1,0
377,377,Victim Party #377,33,1,0
378,378,Victim Party #378,41,1,0
379,379,Victim Party #379,56,2,0
380,380,Victim Party #380,42,1,0
381,381,Victim Party #381,32,1,0
382,382,Victim Party #382,41,1,0
383,383,Victim Party #383,25,2,0
384,384,Victim Party #384,25,1,0
385,385,Victim Party #385,39,2,0
386,386,Victim Party #386,28,2,0
387,387,Victim Party #387,29,2,0
388,388,Victim Party #388,40,1,0
389,389,Victim Party #389,44,2,0
390,390,Victim Party #390,58,2,0
391,391,Victim Party #391,38,1,0
392,392,Victim Party #392,50,2,0
393,393,Victim Party #393,40,2,0
394,394,Victim Party #394,25,2,0
395,395,Victim Party #395,37,2,0
396,396,Victim Party #396,41,1,0
397,397,Victim Party #397,28,1,0
398,398,Victim Party #398,32,2,0
399,399,Victim Party #399,49,2,0
400,400,Victim Party #400,26,1,0
401,401,Victim Party #401,30,2,0
402,402,Victim Party #402,48,1,0
403,403,Victim Party #403,39,1,0
404,404,Victim Party #404,21,2,0
405,405,Victim Party #405,30,2,0
406,406,Victim Party #406,48,1,0
407,407,Victim Party #407,52,2,0
408,408,Victim Party #408,44,2,0
409,409,Victim Party #409,24,2,0
410,410,Victim Party #410,58,1,0
411,411,Victim Party #411,58,2,0
412,412,Victim Party #412,56,1,0
413,413,Victim Party #413,44,2,0
414,414,Victim Party #414,54,2,0
415,415,Victim Party #415,28,2,0
416,416,Victim Party #416,35,2,0
417,417,Victim Party #417,43,2,0
418,418,Victim Party #418,26,1,0
419,419,Victim Party #419,25,2,0
420,420,Victim Party #420,41,1,0
421,421,Victim Party #421,54,1,0
422,422,Victim Party #422,31,1,0
423,423,Victim Party #423,38,1,0
424,424,Victim Party #424,24,1,0
425,425,Victim Party #425,49,2,0
426,426,Victim Party #426,28,2,0
427,427,Victim Party #427,48,2,0
428,428,Victim Party #428,36,1,0
429,429,Victim Party #429,48,1,0
430,430,Victim Party #430,36,2,0
431,431,Victim Party #431,49,2,0
432,432,Victim Party #432,32,2,0
433,433,Victim Party #433,49,1,0
434,434,Victim Party #434,50,2,0
435,435,Victim Party #435,35,2,0
436,436,Victim Party #436,33,2,0
437,437,Victim Party #437,23,2,0
438,438,Victim Party #438,45,2,0
439,439,Victim Party #439,38,1,0
440,440,Victim Party #440,21,1,0
441,441,Victim Party #441,34,2,0
442,442,Victim Party #442,21,2,0
443,443,Victim Party #443,45,2,0
444,444,Victim Party #444,30,1,0
445,445,Victim Party #445,46,1,0
446,446,Victim Party #446,51,1,0
447,447,Victim Party #447,30,2,0
448,448,Victim Party #448,52,1,0
449,449,Victim Party #449,57,2,0
450,450,Victim Party #450,42,1,0
451,451,Victim Party #451,38,2,0
452,452,Victim Party #452,46,1,0
453,453,Victim Party #453,32,2,0
454,454,Victim Party #454,46,2,0
455,455,Victim Party #455,55,1,0
456,456,Victim Party #456,24,2,0
457,457,Victim Party #457,34,2,0
458,458,Victim Party #458,28,1,0
459,459,Victim Party #459,27,2,0
460,460,Victim Party #460,50,1,0
461,461,Victim Party #461,47,1,0
462,462,Victim Party #462,40,1,0
463,463,Victim Party #463,58,1,0
464,464,Victim Party #464,46,2,0
465,465,Victim Party #465,33,1,0
466,466,Victim Party #466,57,1,0
467,467,Victim Party #467,56,2,0
468,468,Victim Party #468,35,2,0
469,469,Victim Party #469,44,2,0
470,470,Victim Party #470,53,2,0
471,471,Victim Party #471,29,1,0
472,472,Victim Party #472,33,2,0
473,473,Victim Party #473,28,1,0
474,474,Victim Party #474,34,2,0
475,475,Victim Party #475,41,1,0
476,476,Victim Party #476,50,2,0
477,477,Victim Party #477,30,2,0
478,478,Victim Party #478,46,1,0
479,479,Victim Party #479,46,1,0
480,480,Victim Party #480,27,1,0
481,481,Victim Party #481,50,1,0
482,482,Victim Party #482,39,2,0
483,483,Victim Party #483,39,1,0
484,484,Victim Party #484,25,1,0
485,485,Victim Party #485,28,2,0
486,486,Victim Party #486,26,2,0
487,487,Victim Party #487,53,1,0
488,488,Victim Party #488,21,1,0
489,489,Victim Party #489,57,2,0
490,490,Victim Party #490,30,2,0
491,491,Victim Party #491,21,2,0
492,492,Victim Party #492,45,2,0
493,493,Victim Party #493,33,2,0
494,494,Victim Party #494,22,2,0
495,495,Victim Party #495,48,2,0
496,496,Victim Party #496,57,2,0
497,497,Victim Party #497,41,1,0
498,498,Victim Party #498,53,2,0
499,499,Victim Party #499,43,1,0
500,500,Victim Party #500,25,2,0
501,501,Victim Party #501,45,2,0
502,502,Victim Party #502,41,1,0
503,503,Victim Party #503,29,1,0
504,504,Victim Party #504,49,2,0
505,505,Victim Party #505,54,2,0
506,506,Victim Party #506,52,2,0
507,507,Victim Party #507,35,1,0
508,508,Victim Party #508,30,1,0
509,509,Victim Party #509,22,2,0
510,510,Victim Party #510,19,1,0
511,511,Victim Party #511,20,2,0
512,512,Victim Party #512,40,1,0
513,513,Victim Party #513,40,1,0
514,514,Victim Party #514,42,1,0
515,515,Victim Party #515,28,2,0
516,516,Victim Party #516,34,2,0
517,517,Victim Party #517,30,1,0
518,518,Victim Party #518,35,1,0
519,519,Victim Party #519,53,1,0
520,520,Victim Party #520,38,1,0
521,521,Victim Party #521,36,2,0
522,522,Victim Party #522,57,1,0
523,523,Victim Party #523,41,1,0
524,524,Victim Party #524,20,2,0
525,525,Victim Party #525,34,2,0
526,526,Victim Party #526,39,1,0
527,527,Victim Party #527,33,1,0
528,528,Victim Party #528,23,2,0
529,529,Victim Party #529,30,1,0
530,530,Victim Party #530,25,1,0
531,531,Victim Party #531,19,2,0
532,532,Victim Party #532,29,1,0
533,533,Victim Party #533,57,1,0
534,534,Victim Party #534,50,1,0
535,535,Victim Party #535,53,2,0
536,536,Victim Party #536,30,2,0
537,537,Victim Party #537,33,1,0
538,538,Victim Party #538,49,1,0
539,539,Victim Party #539,47,2,0
540,540,Victim Party #540,54,2,0
541,541,Victim Party #541,55,1,0
542,542,Victim Party #542,31,2,0
543,543,Victim Party #543,33,2,0
544,544,Victim Party #544,21,2,0
545,545,Victim Party #545,43,1,0
546,546,Victim Party #546,27,2,0
547,547,Victim Party #547,43,2,0
548,548,Victim Party #548,27,2,0
549,549,Victim Party #549,58,1,0
550,550,Victim Party #550,22,2,0
551,551,Victim Party #551,54,2,0
552,552,Victim Party #552,46,1,0
553,553,Victim Party #553,26,1,0
554,554,Victim Party #554,58,1,0
555,555,Victim Party #555,53,2,0
556,556,Victim Party #556,37,1,0
557,557,Victim Party #557,40,2,0
558,558,Victim Party #558,36,2,0
559,559,Victim Party #559,20,1,0
560,560,Victim Party #560,32,2,0
561,561,Victim Party #561,26,1,0
562,562,Victim Party #562,29,1,0
563,563,Victim Party #563,40,2,0
564,564,Victim Party #564,22,1,0
565,565,Victim Party #565,38,2,0
566,566,Victim Party #566,33,2,0
567,567,Victim Party #567,44,1,0
568,568,Victim Party #568,46,2,0
569,569,Victim Party #569,51,1,0
570,570,Victim Party #570,45,1,0
571,571,Victim Party #571,22,2,0
572,572,Victim Party #572,29,2,0
573,573,Victim Party #573,21,1,0
574,574,Victim Party #574,42,2,0
575,575,Victim Party #575,26,2,0
576,576,Victim Party #576,56,1,0
577,577,Victim Party #577,38,1,0
578,578,Victim Party #578,40,1,0
579,579,Victim Party #579,32,1,0
580,580,Victim Party #580,22,1,0
581,581,Victim Party #581,53,2,0
582,582,Victim Party #582,20,1,0
583,583,Victim Party #583,33,2,0
584,584,Victim Party #584,35,1,0
585,585,Victim Party #585,54,2,0
586,586,Victim Party #586,20,2,0
587,587,Victim Party #587,23,2,0
588,588,Victim Party #588,37,1,0
589,589,Victim Party #589,48,2,0
590,590,Victim Party #590,50,2,0
591,591,Victim Party #591,47,1,0
592,592,Victim Party #592,50,1,0
593,593,Victim Party #593,44,1,0
594,594,Victim Party #594,58,1,0
595,595,Victim Party #595,50,1,0
596,596,Victim Party #596,48,2,0
597,597,Victim Party #597,25,1,0
598,598,Victim Party #598,49,2,0
599,599,Victim Party #599,38,2,0
600,600,Victim Party #600,23,2,0
601,601,Victim Party #601,27,1,0
602,602,Victim Party #602,53,1,0
603,603,Victim Party #603,57,1,0
604,604,Victim Party #604,34,1,0
605,605,Victim Party #605,23,1,0
606,606,Victim Party #606,53,1,0
607,607,Victim Party #607,53,1,0
608,608,Victim Party #608,33,1,0
609,609,Victim Party #609,27,2,0
610,610,Victim Party #610,48,2,0
611,611,Victim Party #611,27,2,0
612,612,Victim Party #612,39,2,0
613,613,Victim Party #613,19,2,0
614,614,Victim Party #614,33,2,0
615,615,Victim Party #615,20,1,0
616,616,Victim Party #616,24,2,0
617,617,Victim Party #617,20,1,0
618,618,Victim Party #618,49,1,0
619,619,Victim Party #619,45,2,0
620,620,Victim Party #620,51,2,0
621,621,Victim Party #621,24,1,0
622,622,Victim Party #622,23,2,0
623,623,Victim Party #623,40,2,0
624,624,Victim Party #624,43,2,0
625,625,Victim Party #625,39,1,0
626,626,Victim Party #626,57,2,0
627,627,Victim Party #627,27,1,0
628,628,Victim Party #628,51,2,0
629,629,Victim Party #629,48,2,0
630,630,Victim Party #630,33,1,0
631,631,Victim Party #631,57,2,0
632,632,Victim Party #632,48,2,0
633,633,Victim Party #633,42,1,0
634,634,Victim Party #634,46,1,0
635,635,Victim Party #635,31,1,0
636,636,Victim Party #636,52,2,0
637,637,Victim Party #637,26,1,0
638,638,Victim Party #638,43,1,0
639,639,Victim Party #639,31,1,0
640,640,Victim Party #640,30,2,0
641,641,Victim Party #641,27,1,0
642,642,Victim Party #642,44,2,0
643,643,Victim Party #643,34,2,0
644,644,Victim Party #644,22,2,0
645,645,Victim Party #645,26,2,0
646,646,Victim Party #646,20,2,0
647,647,Victim Party #647,40,1,0
648,648,Victim Party #648,53,2,0
649,649,Victim Party #649,28,1,0
650,650,Victim Party #650,24,2,0
651,651,Victim Party #651,39,1,0
652,652,Victim Party #652,42,2,0
653,653,Victim Party #653,49,2,0
654,654,Victim Party #654,57,2,0
655,655,Victim Party #655,35,2,0
656,656,Victim Party #656,33,2,0
657,657,Victim Party #657,32,2,0
658,658,Victim Party #658,58,1,0
659,659,Victim Party #659,56,1,0
660,660,Victim Party #660,56,2,0
661,661,Victim Party #661,56,2,0
662,662,Victim Party #662,51,2,0
663,663,Victim Party #663,34,2,0
664,664,Victim Party #664,48,1,0
665,665,Victim Party #665,41,1,0
666,666,Victim Party #666,45,2,0
667,667,Victim Party #667,36,2,0
668,668,Victim Party #668,41,1,0
669,669,Victim Party #669,31,1,0
670,670,Victim Party #670,55,2,0
671,671,Victim Party #671,47,2,0
672,672,Victim Party #672,43,1,0
673,673,Victim Party #673,37,1,0
674,674,Victim Party #674,19,2,0
675,675,Victim Party #675,40,1,0
676,676,Victim Party #676,58,1,0
677,677,Victim Party #677,23,1,0
678,678,Victim Party #678,50,1,0
679,679,Victim Party #679,31,1,0
680,680,Victim Party #680,55,1,0
681,681,Victim Party #681,35,2,0
682,682,Victim Party #682,50,1,0
683,683,Victim Party #683,50,2,0
684,684,Victim Party #684,42,1,0
685,685,Victim Party #685,58,1,0
686,686,Victim Party #686,24,2,0
687,687,Victim Party #687,23,2,0
688,688,Victim Party #688,44,1,0
689,689,Victim Party #689,46,1,0
690,690,Victim Party #690,35,1,0
691,691,Victim Party #691,30,2,0
692,692,Victim Party #692,47,2,0
693,693,Victim Party #693,54,1,0
694,694,Victim Party #694,25,1,0
695,695,Victim Party #695,55,1,0
696,696,Victim Party #696,50,1,0
697,697,Victim Party #697,21,1,0
698,698,Victim Party #698,54,1,0
699,699,Victim Party #699,25,1,0
700,700,Victim Party #700,47,2,0
701,701,Victim Party #701,52,2,0
702,702,Victim Party #702,25,2,0
703,703,Victim Party #703,26,2,0
704,704,Victim Party #704,54,2,0
705,705,Victim Party #705,53,1,0
706,706,Victim Party #706,55,1,0
707,707,Victim Party #707,58,1,0
708,708,Victim Party #708,22,1,0
709,709,Victim Party #709,26,2,0
710,710,Victim Party #710,42,2,0
711,711,Victim Party #711,28,1,0
712,712,Victim Party #712,42,2,0
713,713,Victim Party #713,19,2,0
714,714,Victim Party #714,23,1,0
715,715,Victim Party #715,41,2,0
716,716,Victim Party #716,31,1,0
717,717,Victim Party #717,54,1,0
718,718,Victim Party #718,55,2,0
719,719,Victim Party #719,54,2,0
720,720,Victim Party #720,23,1,0
721,721,Victim Party #721,43,2,0
722,722,Victim Party #722,55,1,0
723,723,Victim Party #723,25,1,0
724,724,Victim Party #724,28,1,0
725,725,Victim Party #725,37,1,0
726,726,Victim Party #726,34,1,0
727,727,Victim Party #727,20,2,0
728,728,Victim Party #728,27,1,0
729,729,Victim Party #729,55,2,0
730,730,Victim Party #730,50,1,0
731,731,Victim Party #731,31,1,0
732,732,Victim Party #732,32,2,0
733,733,Victim Party #733,54,2,0
734,734,Victim Party #734,46,2,0
735,735,Victim Party #735,48,1,0
736,736,Victim Party #736,31,2,0
737,737,Victim Party #737,58,2,0
738,738,Victim Party #738,20,2,0
739,739,Victim Party #739,55,1,0
740,740,Victim Party #740,39,2,0
741,741,Victim Party #741,51,1,0
742,742,Victim Party #742,43,1,0
743,743,Victim Party #743,57,2,0
744,744,Victim Party #744,23,1,0
745,745,Victim Party #745,39,1,0
746,746,Victim Party #746,35,1,0
747,747,Victim Party #747,26,2,0
748,748,Victim Party #748,54,1,0
749,749,Victim Party #749,46,2,0
750,750,Victim Party #750,35,1,0
751,751,Victim Party #751,47,2,0
752,752,Victim Party #752,27,2,0
753,753,Victim Party #753,23,2,0
754,754,Victim Party #754,46,2,0
755,755,Victim Party #755,30,2,0
756,756,Victim Party #756,45,1,0
757,757,Victim Party #757,36,2,0
758,758,Victim Party #758,51,1,0
759,759,Victim Party #759,52,1,0
760,760,Victim Party #760,58,1,0
761,761,Victim Party #761,19,2,0
762,762,Victim Party #762,33,1,0
763,763,Victim Party #763,48,1,0
764,764,Victim Party #764,25,1,0
765,765,Victim Party #765,54,2,0
766,766,Victim Party #766,47,2,0
767,767,Victim Party #767,27,2,0
768,768,Victim Party #768,39,2,0
769,769,Victim Party #769,51,2,0
770,770,Victim Party #770,49,2,0
771,771,Victim Party #771,36,2,0
772,772,Victim Party #772,36,2,0
773,773,Victim Party #773,57,2,0
774,774,Victim Party #774,34,2,0
775,775,Victim Party #775,57,2,0
776,776,Victim Party #776,34,2,0
777,777,Victim Party #777,28,1,0
778,778,Victim Party #778,22,2,0
779,779,Victim Party #779,27,2,0
780,780,Victim Party #780,53,2,0
781,781,Victim Party #781,56,2,0
782,782,Victim Party #782,39,1,0
783,783,Victim Party #783,47,2,0
784,784,Victim Party #784,57,1,0
785,785,Victim Party #785,25,1,0
786,786,Victim Party #786,27,2,0
787,787,Victim Party #787,57,1,0
788,788,Victim Party #788,51,1,0
789,789,Victim Party #789,44,2,0
790,790,Victim Party #790,46,2,0
791,791,Victim Party #791,52,1,0
792,792,Victim Party #792,41,2,0
793,793,Victim Party #793,33,2,0
794,794,Victim Party #794,33,2,0
795,795,Victim Party #795,22,2,0
796,796,Victim Party #796,29,2,0
797,797,Victim Party #797,27,2,0
798,798,Victim Party #798,29,2,0
799,799,Victim Party #799,29,2,0
800,800,Victim Party #800,33,1,0
801,801,Victim Party #801,36,1,0
802,802,Victim Party #802,20,1,0
803,803,Victim Party #803,51,2,0
804,804,Victim Party #804,54,2,0
805,805,Victim Party #805,49,2,0
806,806,Victim Party #806,57,2,0
807,807,Victim Party #807,52,1,0
808,808,Victim Party #808,21,2,0
809,809,Victim Party #809,43,2,0
810,810,Victim Party #810,47,2,0
811,811,Victim Party #811,41,1,0
812,812,Victim Party #812,20,1,0
813,813,Victim Party #813,52,2,0
814,814,Victim Party #814,56,1,0
815,815,Victim Party #815,56,2,0
816,816,Victim Party #816,58,2,0
817,817,Victim Party #817,58,1,0
818,818,Victim Party #818,58,2,0
819,819,Victim Party #819,37,1,0
820,820,Victim Party #820,50,1,0
821,821,Victim Party #821,48,1,0
822,822,Victim Party #822,57,2,0
823,823,Victim Party #823,55,1,0
824,824,Victim Party #824,35,1,0
825,825,Victim Party #825,56,1,0
826,826,Victim Party #826,42,1,0
827,827,Victim Party #827,21,2,0
828,828,Victim Party #828,54,1,0
829,829,Victim Party #829,34,2,0
830,830,Victim Party #830,27,2,0
831,831,Victim Party #831,46,1,0
832,832,Victim Party #832,41,1,0
833,833,Victim Party #833,20,2,0
834,834,Victim Party #834,56,1,0
835,835,Victim Party #835,37,1,0
836,836,Victim Party #836,57,1,0
837,837,Victim Party #837,19,2,0
838,838,Victim Party #838,41,1,0
839,839,Victim Party #839,27,2,0
840,840,Victim Party #840,57,2,0
841,841,Victim Party #841,56,2,0
842,842,Victim Party #842,45,2,0
843,843,Victim Party #843,21,2,0
844,844,Victim Party #844,49,1,0
845,845,Victim Party #845,55,1,0
846,846,Victim Party #846,56,1,0
847,847,Victim Party #847,29,2,0
848,848,Victim Party #848,32,2,0
849,849,Victim Party #849,20,2,0
850,850,Victim Party #850,55,1,0
851,851,Victim Party #851,55,2,0
852,852,Victim Party #852,28,2,0
853,853,Victim Party #853,21,1,0
854,854,Victim Party #854,50,2,0
855,855,Victim Party #855,45,1,0
856,856,Victim Party #856,27,1,0
857,857,Victim Party #857,24,2,0
858,858,Victim Party #858,39,1,0
859,859,Victim Party #859,27,2,0
860,860,Victim Party #860,25,1,0
861,861,Victim Party #861,46,1,0
862,862,Victim Party #862,50,2,0
863,863,Victim Party #863,24,1,0
864,864,Victim Party #864,51,1,0
865,865,Victim Party #865,50,2,0
866,866,Victim Party #866,41,2,0
867,867,Victim Party #867,55,2,0
868,868,Victim Party #868,25,1,0
869,869,Victim Party #869,55,2,0
870,870,Victim Party #870,57,2,0
871,871,Victim Party #871,50,2,0
872,872,Victim Party #872,21,2,0
873,873,Victim Party #873,43,2,0
874,874,Victim Party #874,26,2,0
875,875,Victim Party #875,30,1,0
876,876,Victim Party #876,21,1,0
877,877,Victim Party #877,46,1,0
878,878,Victim Party #878,39,1,0
879,879,Victim Party #879,23,2,0
880,880,Victim Party #880,52,1,0
881,881,Victim Party #881,41,2,0
882,882,Victim Party #882,23,1,0
883,883,Victim Party #883,24,1,0
884,884,Victim Party #884,35,2,0
885,885,Victim Party #885,41,2,0
886,886,Victim Party #886,27,2,0
887,887,Victim Party #887,49,2,0
888,888,Victim Party #888,35,1,0
889,889,Victim Party #889,55,1,0
890,890,Victim Party #890,19,2,0
891,891,Victim Party #891,56,2,0
892,892,Victim Party #892,48,2,0
893,893,Victim Party #893,32,1,0
894,894,Victim Party #894,19,1,0
895,895,Victim Party #895,42,2,0
896,896,Victim Party #896,32,1,0
897,897,Victim Party #897,44,1,0
898,898,Victim Party #898,48,2,0
899,899,Victim Party #899,43,1,0
900,900,Victim Party #900,19,2,0
901,901,Victim Party #901,54,2,0
902,902,Victim Party #902,19,2,0
903,903,Victim Party #903,42,2,0
904,904,Victim Party #904,42,1,0
905,905,Victim Party #905,24,2,0
906,906,Victim Party #906,25,2,0
907,907,Victim Party #907,36,2,0
908,908,Victim Party #908,44,1,0
909,909,Victim Party #909,52,1,0
910,910,Victim Party #910,30,1,0
911,911,Victim Party #911,19,2,0
912,912,Victim Party #912,26,1,0
913,913,Victim Party #913,22,1,0
914,914,Victim Party #914,50,2,0
915,915,Victim Party #915,53,2,0
916,916,Victim Party #916,35,2,0
917,917,Victim Party #917,20,1,0
918,918,Victim Party #918,22,1,0
919,919,Victim Party #919,42,1,0
920,920,Victim Party #920,54,2,0
921,921,Victim Party #921,21,1,0
922,922,Victim Party #922,56,1,0
923,923,Victim Party #923,20,1,0
924,924,Victim Party #924,25,1,0
925,925,Victim Party #925,37,1,0
926,926,Victim Party #926,54,1,0
927,927,Victim Party #927,29,1,0
928,928,Victim Party #928,47,2,0
929,929,Victim Party #929,38,1,0
930,930,Victim Party #930,37,2,0
931,931,Victim Party #931,30,1,0
932,932,Victim Party #932,30,2,0
933,933,Victim Party #933,42,2,0
934,934,Victim Party #934,20,1,0
935,935,Victim Party #935,50,2,0
936,936,Victim Party #936,32,2,0
937,937,Victim Party #937,20,1,0
938,938,Victim Party #938,50,1,0
939,939,Victim Party #939,29,1,0
940,940,Victim Party #940,41,1,0
941,941,Victim Party #941,49,2,0
942,942,Victim Party #942,52,1,0
943,943,Victim Party #943,26,1,0
944,944,Victim Party #944,58,2,0
945,945,Victim Party #945,25,2,0
946,946,Victim Party #946,58,2,0
947,947,Victim Party #947,28,2,0
948,948,Victim Party #948,24,2,0
949,949,Victim Party #949,40,1,0
950,950,Victim Party #950,38,1,0
951,951,Victim Party #951,20,1,0
952,952,Victim Party #952,38,2,0
953,953,Victim Party #953,42,1,0
954,954,Victim Party #954,29,1,0
955,955,Victim Party #955,42,2,0
956,956,Victim Party #956,30,2,0
957,957,Victim Party #957,56,1,0
958,958,Victim Party #958,51,1,0
959,959,Victim Party #959,44,2,0
960,960,Victim Party #960,36,1,0
961,961,Victim Party #961,40,2,0
962,962,Victim Party #962,50,1,0
963,963,Victim Party #963,53,1,0
964,964,Victim Party #964,31,2,0
965,965,Victim Party #965,25,2,0
966,966,Victim Party #966,21,1,0
967,967,Victim Party #967,45,2,0
968,968,Victim Party #968,28,2,0
969,969,Victim Party #969,19,1,0
970,970,Victim Party #970,56,2,0
971,971,Victim Party #971,32,1,0
972,972,Victim Party #972,36,2,0
973,973,Victim Party #973,35,2,0
974,974,Victim Party #974,42,1,0
975,975,Victim Party #975,19,2,0
976,976,Victim Party #976,31,2,0
977,977,Victim Party #977,38,2,0
978,978,Victim Party #978,53,2,0
979,979,Victim Party #979,48,1,0
980,980,Victim Party #980,43,2,0
981,981,Victim Party #981,48,1,0
982,982,Victim Party #982,55,1,0
983,983,Victim Party #983,48,1,0
984,984,Victim Party #984,35,2,0
985,985,Victim Party #985,55,2,0
986,986,Victim Party #986,41,1,0
987,987,Victim Party #987,57,1,0
988,988,Victim Party #988,21,2,0
989,989,Victim Party #989,58,1,0
990,990,Victim Party #990,20,1,0
991,991,Victim Party #991,28,1,0
992,992,Victim Party #992,40,1,0
993,993,Victim Party #993,51,1,0
994,994,Victim Party #994,47,2,0
995,995,Victim Party #995,45,2,0
996,996,Victim Party #996,49,1,0
997,997,Victim Party #997,31,1,0
998,998,Victim Party #998,54,1,0
999,999,Victim Party #999,47,2,0
1000,1000,Victim Party #1000,27,1,0
1001,1001,Victim Party #1001,21,2,0
1002,1002,Victim Party #1002,31,1,0
1003,1003,Victim Party #1003,55,2,0
1004,1004,Victim Party #1004,51,2,0
1005,1005,Victim Party #1005,56,1,0
1006,1006,Victim Party #1006,37,1,0
1007,1007,Victim Party #1007,30,1,0
1008,1008,Victim Party #1008,49,1,0
1009,1009,Victim Party #1009,55,2,0
1010,1010,Victim Party #1010,44,1,0
1011,1011,Victim Party #1011,24,1,0
1012,1012,Victim Party #1012,51,2,0
1013,1013,Victim Party #1013,28,1,0
1014,1014,Victim Party #1014,43,1,0
1015,1015,Victim Party #1015,38,2,0
1016,1016,Victim Party #1016,53,2,0
1017,1017,Victim Party #1017,54,1,0
1018,1018,Victim Party #1018,56,1,0
1019,1019,Victim Party #1019,24,1,0
1020,1020,Victim Party #1020,36,1,0
1021,1021,Victim Party #1021,30,2,0
1022,1022,Victim Party #1022,56,1,0
1023,1023,Victim Party #1023,31,2,0
1024,1024,Victim Party #1024,38,2,0
1025,1025,Victim Party #1025,40,1,0
1026,1026,Victim Party #1026,50,1,0
1027,1027,Victim Party #1027,54,2,0
1028,1028,Victim Party #1028,37,1,0
1029,1029,Victim Party #1029,55,1,0
1030,1030,Victim Party #1030,34,1,0
1031,1031,Victim Party #1031,39,2,0
1032,1032,Victim Party #1032,48,2,0
1033,1033,Victim Party #1033,22,2,0
1034,1034,Victim Party #1034,38,1,0
1035,1035,Victim Party #1035,21,2,0
1036,1036,Victim Party #1036,55,2,0
1037,1037,Victim Party #1037,47,2,0
1038,1038,Victim Party #1038,47,2,0
1039,1039,Victim Party #1039,19,2,0
1040,1040,Victim Party #1040,49,1,0
1041,1041,Victim Party #1041,54,1,0
1042,1042,Victim Party #1042,43,2,0
1043,1043,Victim Party #1043,44,1,0
1044,1044,Victim Party #1044,44,2,0
1045,1045,Victim Party #1045,58,2,0
1046,1046,Victim Party #1046,26,1,0
1047,1047,Victim Party #1047,47,2,0
1048,1048,Victim Party #1048,33,1,0
1049,1049,Victim Party #1049,21,1,0
1050,1050,Victim Party #1050,36,2,0
1051,1051,Victim Party #1051,54,1,0
1052,1052,Victim Party #1052,24,1,0
1053,1053,Victim Party #1053,51,1,0
1054,1054,Victim Party #1054,48,2,0
1055,1055,Victim Party #1055,33,1,0
1056,1056,Victim Party #1056,49,2,0
1057,1057,Victim Party #1057,48,2,0
1058,1058,Victim Party #1058,36,2,0
1059,1059,Victim Party #1059,26,1,0
1060,1060,Victim Party #1060,47,2,0
1061,1061,Victim Party #1061,49,2,0
1062,1062,Victim Party #1062,56,2,0
1063,1063,Victim Party #1063,39,1,0
1064,1064,Victim Party #1064,21,1,0
1065,1065,Victim Party #1065,32,1,0
1066,1066,Victim Party #1066,39,1,0
1067,1067,Victim Party #1067,53,1,0
1068,1068,Victim Party #1068,54,1,0
1069,1069,Victim Party #1069,46,2,0
1070,1070,Victim Party #1070,43,1,0
1071,1071,Victim Party #1071,40,1,0
1072,1072,Victim Party #1072,36,2,0
1073,1073,Victim Party #1073,31,1,0
1074,1074,Victim Party #1074,38,1,0
1075,1075,Victim Party #1075,37,2,0
1076,1076,Victim Party #1076,37,2,0
1077,1077,Victim Party #1077,32,2,0
1078,1078,Victim Party #1078,31,1,0
1079,1079,Victim Party #1079,46,1,0
1080,1080,Victim Party #1080,41,2,0
1081,1081,Victim Party #1081,42,2,0
1082,1082,Victim Party #1082,58,1,0
1083,1083,Victim Party #1083,55,1,0
1084,1084,Victim Party #1084,52,1,0
1085,1085,Victim Party #1085,40,1,0
1086,1086,Victim Party #1086,58,1,0
1087,1087,Victim Party #1087,55,1,0
1088,1088,Victim Party #1088,36,1,0
1089,1089,Victim Party #1089,46,1,0
1090,1090,Victim Party #1090,20,1,0
1091,1091,Victim Party #1091,47,1,0
1092,1092,Victim Party #1092,56,1,0
1093,1093,Victim Party #1093,51,2,0
1094,1094,Victim Party #1094,33,2,0
1095,1095,Victim Party #1095,51,2,0
1096,1096,Victim Party #1096,49,2,0
1097,1097,Victim Party #1097,35,1,0
1098,1098,Victim Party #1098,52,2,0
1099,1099,Victim Party #1099,25,1,0
1100,1100,Victim Party #1100,49,2,0
1101,1101,Victim Party #1101,55,2,0
1102,1102,Victim Party #1102,47,2,0
1103,1103,Victim Party #1103,34,2,0
1104,1104,Victim Party #1104,42,2,0
1105,1105,Victim Party #1105,53,1,0
1106,1106,Victim Party #1106,46,1,0
1107,1107,Victim Party #1107,58,2,0
1108,1108,Victim Party #1108,39,2,0
1109,1109,Victim Party #1109,49,2,0
1110,1110,Victim Party #1110,24,1,0
1111,1111,Victim Party #1111,36,2,0
1112,1112,Victim Party #1112,24,2,0
1113,1113,Victim Party #1113,50,1,0
1114,1114,Victim Party #1114,28,1,0
1115,1115,Victim Party #1115,38,2,0
1116,1116,Victim Party #1116,24,2,0
1117,1117,Victim Party #1117,40,2,0
1118,1118,Victim Party #1118,51,1,0
1119,1119,Victim Party #1119,47,1,0
1120,1120,Victim Party #1120,27,2,0
1121,1121,Victim Party #1121,39,2,0
1122,1122,Victim Party #1122,54,1,0
1123,1123,Victim Party #1123,21,2,0
1124,1124,Victim Party #1124,24,2,0
1125,1125,Victim Party #1125,34,1,0
1126,1126,Victim Party #1126,35,2,0
1127,1127,Victim Party #1127,27,2,0
1128,1128,Victim Party #1128,24,1,0
1129,1129,Victim Party #1129,53,2,0
1130,1130,Victim Party #1130,58,1,0
1131,1131,Victim Party #1131,39,1,0
1132,1132,Victim Party #1132,36,1,0
1133,1133,Victim Party #1133,35,1,0
1134,1134,Victim Party #1134,26,1,0
1135,1135,Victim Party #1135,39,1,0
1136,1136,Victim Party #1136,40,1,0
1137,1137,Victim Party #1137,19,2,0
1138,1138,Victim Party #1138,30,2,0
1139,1139,Victim Party #1139,54,2,0
1140,1140,Victim Party #1140,30,2,0
1141,1141,Victim Party #1141,38,2,0
1142,1142,Victim Party #1142,52,2,0
1143,1143,Victim Party #1143,58,2,0
1144,1144,Victim Party #1144,37,2,0
1145,1145,Victim Party #1145,53,1,0
1146,1146,Victim Party #1146,57,2,0
1147,1147,Victim Party #1147,56,1,0
1148,1148,Victim Party #1148,49,2,0
1149,1149,Victim Party #1149,19,2,0
1150,1150,Victim Party #1150,20,2,0
1151,1151,Victim Party #1151,42,1,0
1152,1152,Victim Party #1152,36,2,0
1153,1153,Victim Party #1153,21,1,0
1154,1154,Victim Party #1154,46,2,0
1155,1155,Victim Party #1155,47,1,0
1156,1156,Victim Party #1156,55,1,0
1157,1157,Victim Party #1157,30,2,0
1158,1158,Victim Party #1158,53,1,0
1159,1159,Victim Party #1159,21,2,0
1160,1160,Victim Party #1160,35,2,0
1161,1161,Victim Party #1161,39,1,0
1162,1162,Victim Party #1162,39,2,0
1163,1163,Victim Party #1163,47,1,0
1164,1164,Victim Party #1164,49,2,0
1165,1165,Victim Party #1165,22,2,0
1166,1166,Victim Party #1166,25,2,0
1167,1167,Victim Party #1167,19,2,0
1168,1168,Victim Party #1168,24,1,0
1169,1169,Victim Party #1169,28,2,0
1170,1170,Victim Party #1170,26,1,0
1171,1171,Victim Party #1171,39,1,0
1172,1172,Victim Party #1172,22,1,0
1173,1173,Victim Party #1173,32,1,0
1174,1174,Victim Party #1174,48,2,0
1175,1175,Victim Party #1175,27,1,0
1176,1176,Victim Party #1176,57,2,0
1177,1177,Victim Party #1177,23,2,0
1178,1178,Victim Party #1178,44,2,0
1179,1179,Victim Party #1179,50,2,0
1180,1180,Victim Party #1180,45,1,0
1181,1181,Victim Party #1181,34,2,0
1182,1182,Victim Party #1182,56,1,0
1183,1183,Victim Party #1183,55,1,0
1184,1184,Victim Party #1184,38,1,0
1185,1185,Victim Party #1185,26,1,0
1186,1186,Victim Party #1186,45,1,0
1187,1187,Victim Party #1187,38,1,0
1188,1188,Victim Party #1188,22,1,0
1189,1189,Victim Party #1189,27,1,0
1190,1190,Victim Party #1190,22,2,0
1191,1191,Victim Party #1191,20,2,0
1192,1192,Victim Party #1192,56,1,0
1193,1193,Victim Party #1193,27,2,0
1194,1194,Victim Party #1194,51,2,0
1195,1195,Victim Party #1195,38,2,0
1196,1196,Victim Party #1196,52,2,0
1197,1197,Victim Party #1197,36,2,0
1198,1198,Victim Party #1198,27,1,0
1199,1199,Victim Party #1199,39,1,0
1200,1200,Victim Party #1200,41,2,0
1201,1201,Victim Party #1201,31,1,0
1202,1202,Victim Party #1202,47,1,0
1203,1203,Victim Party #1203,23,2,0
1204,1204,Victim Party #1204,40,1,0
1205,1205,Victim Party #1205,23,1,0
1206,1206,Victim Party #1206,56,1,0
1207,1207,Victim Party #1207,37,2,0
1208,1208,Victim Party #1208,50,2,0
1209,1209,Victim Party #1209,48,1,0
1210,1210,Victim Party #1210,37,1,0
1211,1211,Victim Party #1211,37,2,0
1212,1212,Victim Party #1212,28,2,0
1213,1213,Victim Party #1213,31,2,0
1214,1214,Victim Party #1214,27,1,0
1215,1215,Victim Party #1215,58,2,0
1216,1216,Victim Party #1216,51,2,0
1217,1217,Victim Party #1217,50,2,0
1218,1218,Victim Party #1218,53,2,0
1219,1219,Victim Party #1219,28,2,0
1220,1220,Victim Party #1220,50,2,0
1221,1221,Victim Party #1221,44,2,0
1222,1222,Victim Party #1222,49,1,0
1223,1223,Victim Party #1223,47,2,0
1224,1224,Victim Party #1224,24,2,0
1225,1225,Victim Party #1225,29,2,0
1226,1226,Victim Party #1226,56,2,0
1227,1227,Victim Party #1227,30,1,0
1228,1228,Victim Party #1228,47,2,0
1229,1229,Victim Party #1229,23,2,0
1230,1230,Victim Party #1230,56,1,0
1231,1231,Victim Party #1231,57,2,0
1232,1232,Victim Party #1232,27,1,0
1233,1233,Victim Party #1233,52,2,0
1234,1234,Victim Party #1234,41,2,0
1235,1235,Victim Party #1235,43,1,0
1236,1236,Victim Party #1236,38,1,0
1237,1237,Victim Party #1237,47,1,0
1238,1238,Victim Party #1238,40,1,0
1239,1239,Victim Party #1239,50,1,0
1240,1240,Victim Party #1240,23,2,0
1241,1241,Victim Party #1241,23,2,0
1242,1242,Victim Party #1242,20,2,0
1243,1243,Victim Party #1243,38,1,0
1244,1244,Victim Party #1244,28,2,0
1245,1245,Victim Party #1245,31,1,0
1246,1246,Victim Party #1246,55,1,0
1247,1247,Victim Party #1247,46,2,0
1248,1248,Victim Party #1248,38,1,0
1249,1249,Victim Party #1249,34,1,0
1250,1250,Victim Party #1250,46,2,0
1251,1251,Victim Party #1251,48,1,0
1252,1252,Victim Party #1252,27,2,0
1253,1253,Victim Party #1253,36,2,0
1254,1254,Victim Party #1254,27,1,0
1255,1255,Victim Party #1255,52,1,0
1256,1256,Victim Party #1256,26,2,0
1257,1257,Victim Party #1257,22,2,0
1258,1258,Victim Party #1258,48,1,0
1259,1259,Victim Party #1259,24,1,0
1260,1260,Victim Party #1260,41,2,0
1261,1261,Victim Party #1261,30,2,0
1262,1262,Victim Party #1262,52,1,0
1263,1263,Victim Party #1263,26,2,0
1264,1264,Victim Party #1264,27,1,0
1265,1265,Victim Party #1265,54,1,0
1266,1266,Victim Party #1266,36,2,0
1267,1267,Victim Party #1267,47,2,0
1268,1268,Victim Party #1268,41,2,0
1269,1269,Victim Party #1269,41,1,0
1270,1270,Victim Party #1270,55,1,0
1271,1271,Victim Party #1271,34,1,0
1272,1272,Victim Party #1272,34,2,0
1273,1273,Victim Party #1273,22,2,0
1274,1274,Victim Party #1274,37,2,0
1275,1275,Victim Party #1275,45,1,0
1276,1276,Victim Party #1276,30,2,0
1277,1277,Victim Party #1277,48,1,0
1278,1278,Victim Party #1278,29,2,0
1279,1279,Victim Party #1279,32,2,0
1280,1280,Victim Party #1280,32,2,0
1281,1281,Victim Party #1281,23,2,0
1282,1282,Victim Party #1282,42,2,0
1283,1283,Victim Party #1283,55,1,0
1284,1284,Victim Party #1284,41,1,0
1285,1285,Victim Party #1285,47,2,0
1286,1286,Victim Party #1286,20,2,0
1287,1287,Victim Party #1287,44,1,0
1288,1288,Victim Party #1288,25,2,0
1289,1289,Victim Party #1289,30,2,0
1290,1290,Victim Party #1290,20,2,0
1291,1291,Victim Party #1291,26,1,0
1292,1292,Victim Party #1292,56,2,0
1293,1293,Victim Party #1293,26,2,0
1294,1294,Victim Party #1294,40,1,0
1295,1295,Victim Party #1295,58,1,0
1296,1296,Victim Party #1296,56,1,0
1297,1297,Victim Party #1297,23,1,0
1298,1298,Victim Party #1298,28,1,0
1299,1299,Victim Party #1299,46,1,0
1300,1300,Victim Party #1300,28,2,0
1301,1301,Victim Party #1301,52,2,0
1302,1302,Victim Party #1302,35,1,0
1303,1303,Victim Party #1303,29,2,0
1304,1304,Victim Party #1304,36,1,0
1305,1305,Victim Party #1305,52,2,0
1306,1306,Victim Party #1306,31,2,0
1307,1307,Victim Party #1307,35,1,0
1308,1308,Victim Party #1308,48,2,0
1309,1309,Victim Party #1309,57,1,0
1310,1310,Victim Party #1310,35,1,0
1311,1311,Victim Party #1311,43,2,0
1312,1312,Victim Party #1312,29,2,0
1313,1313,Victim Party #1313,39,2,0
1314,1314,Victim Party #1314,32,1,0
1315,1315,Victim Party #1315,23,1,0
1316,1316,Victim Party #1316,52,1,0
1317,1317,Victim Party #1317,35,2,0
1318,1318,Victim Party #1318,27,1,0
1319,1319,Victim Party #1319,45,1,0
1320,1320,Victim Party #1320,50,2,0
1321,1321,Victim Party #1321,44,2,0
1322,1322,Victim Party #1322,32,1,0
1323,1323,Victim Party #1323,19,1,0
1324,1324,Victim Party #1324,43,1,0
1325,1325,Victim Party #1325,45,2,0
1326,1326,Victim Party #1326,54,2,0
1327,1327,Victim Party #1327,28,2,0
1328,1328,Victim Party #1328,28,2,0
1329,1329,Victim Party #1329,32,1,0
1330,1330,Victim Party #1330,57,1,0
1331,1331,Victim Party #1331,50,1,0
1332,1332,Victim Party #1332,30,1,0
1333,1333,Victim Party #1333,30,1,0
1334,1334,Victim Party #1334,34,1,0
1335,1335,Victim Party #1335,34,1,0
1336,1336,Victim Party #1336,48,1,0
1337,1337,Victim Party #1337,58,1,0
1338,1338,Victim Party #1338,35,1,0
1339,1339,Victim Party #1339,19,1,0
1340,1340,Victim Party #1340,57,2,0
1341,1341,Victim Party #1341,21,2,0
1342,1342,Victim Party #1342,24,1,0
1343,1343,Victim Party #1343,31,1,0
1344,1344,Victim Party #1344,31,2,0
1345,1345,Victim Party #1345,33,1,0
1346,1346,Victim Party #1346,54,1,0
1347,1347,Victim Party #1347,54,2,0
1348,1348,Victim Party #1348,50,1,0
1349,1349,Victim Party #1349,42,2,0
1350,1350,Victim Party #1350,25,2,0
1351,1351,Victim Party #1351,55,2,0
1352,1352,Victim Party #1352,21,1,0
1353,1353,Victim Party #1353,27,2,0
1354,1354,Victim Party #1354,50,1,0
1355,1355,Victim Party #1355,43,1,0
1356,1356,Victim Party #1356,46,1,0
1357,1357,Victim Party #1357,55,1,0
1358,1358,Victim Party #1358,28,1,0
1359,1359,Victim Party #1359,41,2,0
1360,1360,Victim Party #1360,48,1,0
1361,1361,Victim Party #1361,44,1,0
1362,1362,Victim Party #1362,26,1,0
1363,1363,Victim Party #1363,23,2,0
1364,1364,Victim Party #1364,32,2,0
1365,1365,Victim Party #1365,20,1,0
1366,1366,Victim Party #1366,45,2,0
1367,1367,Victim Party #1367,47,2,0
1368,1368,Victim Party #1368,35,1,0
1369,1369,Victim Party #1369,53,2,0
1370,1370,Victim Party #1370,24,1,0
1371,1371,Victim Party #1371,26,1,0
1372,1372,Victim Party #1372,47,1,0
1373,1373,Victim Party #1373,43,2,0
1374,1374,Victim Party #1374,36,2,0
1375,1375,Victim Party #1375,32,2,0
1376,1376,Victim Party #1376,35,1,0
1377,1377,Victim Party #1377,32,2,0
1378,1378,Victim Party #1378,41,1,0
1379,1379,Victim Party #1379,39,1,0
1380,1380,Victim Party #1380,54,1,0
1381,1381,Victim Party #1381,25,2,0
1382,1382,Victim Party #1382,36,2,0
1383,1383,Victim Party #1383,56,2,0
1384,1384,Victim Party #1384,26,2,0
1385,1385,Victim Party #1385,32,2,0
1386,1386,Victim Party #1386,35,2,0
1387,1387,Victim Party #1387,28,1,0
1388,1388,Victim Party #1388,44,1,0
1389,1389,Victim Party #1389,22,1,0
1390,1390,Victim Party #1390,25,2,0
1391,1391,Victim Party #1391,41,2,0
1392,1392,Victim Party #1392,58,2,0
1393,1393,Victim Party #1393,40,1,0
1394,1394,Victim Party #1394,31,2,0
1395,1395,Victim Party #1395,24,2,0
1396,1396,Victim Party #1396,19,2,0
1397,1397,Victim Party #1397,50,2,0
1398,1398,Victim Party #1398,46,1,0
1399,1399,Victim Party #1399,21,2,0
1400,1400,Victim Party #1400,35,1,0
1401,1401,Victim Party #1401,55,2,0
1402,1402,Victim Party #1402,41,2,0
1403,1403,Victim Party #1403,37,1,0
1404,1404,Victim Party #1404,28,2,0
1405,1405,Victim Party #1405,55,1,0
1406,1406,Victim Party #1406,57,2,0
1407,1407,Victim Party #1407,57,2,0
1408,1408,Victim Party #1408,22,2,0
1409,1409,Victim Party #1409,23,1,0
1410,1410,Victim Party #1410,52,1,0
1411,1411,Victim Party #1411,52,1,0
1412,1412,Victim Party #1412,22,2,0
1413,1413,Victim Party #1413,34,1,0
1414,1414,Victim Party #1414,54,2,0
1415,1415,Victim Party #1415,35,1,0
1416,1416,Victim Party #1416,30,1,0
1417,1417,Victim Party #1417,41,1,0
1418,1418,Victim Party #1418,49,2,0
1419,1419,Victim Party #1419,56,1,0
1420,1420,Victim Party #1420,40,2,0
1421,1421,Victim Party #1421,42,2,0
1422,1422,Victim Party #1422,34,2,0
1423,1423,Victim Party #1423,20,2,0
1424,1424,Victim Party #1424,30,1,0
1425,1425,Victim Party #1425,44,2,0
1426,1426,Victim Party #1426,47,1,0
1427,1427,Victim Party #1427,32,2,0
1428,1428,Victim Party #1428,47,2,0
1429,1429,Victim Party #1429,21,1,0
1430,1430,Victim Party #1430,46,2,0
1431,1431,Victim Party #1431,36,1,0
1432,1432,Victim Party #1432,23,1,0
1433,1433,Victim Party #1433,51,1,0
1434,1434,Victim Party #1434,32,2,0
1435,1435,Victim Party #1435,54,1,0
1436,1436,Victim Party #1436,25,2,0
1437,1437,Victim Party #1437,32,2,0
1438,1438,Victim Party #1438,46,2,0
1439,1439,Victim Party #1439,46,2,0
1440,1440,Victim Party #1440,51,1,0
1441,1441,Victim Party #1441,56,2,0
1442,1442,Victim Party #1442,39,1,0
1443,1443,Victim Party #1443,36,1,0
1444,1444,Victim Party #1444,47,2,0
1445,1445,Victim Party #1445,35,1,0
1446,1446,Victim Party #1446,24,1,0
1447,1447,Victim Party #1447,20,2,0
1448,1448,Victim Party #1448,57,1,0
1449,1449,Victim Party #1449,21,2,0
1450,1450,Victim Party #1450,22,2,0
1451,1451,Victim Party #1451,37,2,0
1452,1452,Victim Party #1452,49,1,0
1453,1453,Victim Party #1453,54,2,0
1454,1454,Victim Party #1454,28,2,0
1455,1455,Victim Party #1455,20,1,0
1456,1456,Victim Party #1456,56,2,0
1457,1457,Victim Party #1457,54,2,0
1458,1458,Victim Party #1458,58,1,0
1459,1459,Victim Party #1459,48,2,0
1460,1460,Victim Party #1460,32,1,0
1461,1461,Victim Party #1461,34,2,0
1462,1462,Victim Party #1462,19,2,0
1463,1463,Victim Party #1463,49,2,0
1464,1464,Victim Party #1464,35,1,0
1465,1465,Victim Party #1465,47,1,0
1466,1466,Victim Party #1466,24,1,0
1467,1467,Victim Party #1467,21,1,0
1468,1468,Victim Party #1468,52,1,0
1469,1469,Victim Party #1469,48,1,0
1470,1470,Victim Party #1470,37,2,0
1471,1471,Victim Party #1471,38,2,0
1472,1472,Victim Party #1472,32,1,0
1473,1473,Victim Party #1473,45,2,0
1474,1474,Victim Party #1474,45,1,0
1475,1475,Victim Party #1475,20,1,0
1476,1476,Victim Party #1476,35,2,0
1477,1477,Victim Party #1477,45,2,0
1478,1478,Victim Party #1478,44,1,0
1479,1479,Victim Party #1479,56,1,0
1480,1480,Victim Party #1480,41,2,0
1481,1481,Victim Party #1481,21,2,0
1482,1482,Victim Party #1482,49,1,0
1483,1483,Victim Party #1483,52,1,0
1484,1484,Victim Party #1484,26,2,0
1485,1485,Victim Party #1485,40,1,0
1486,1486,Victim Party #1486,26,2,0
1487,1487,Victim Party #1487,38,2,0
1488,1488,Victim Party #1488,19,2,0
1489,1489,Victim Party #1489,56,2,0
1490,1490,Victim Party #1490,28,1,0
1491,1491,Victim Party #1491,48,2,0
1492,1492,Victim Party #1492,26,1,0
1493,1493,Victim Party #1493,32,1,0
1494,1494,Victim Party #1494,58,1,0
1495,1495,Victim Party #1495,46,2,0
1496,1496,Victim Party #1496,27,2,0
1497,1497,Victim Party #1497,25,1,0
1498,1498,Victim Party #1498,33,1,0
1499,1499,Victim Party #1499,46,2,0
1500,1500,Victim Party #1500,41,2,0
1501,1501,Victim Party #1501,27,1,0
1502,1502,Victim Party #1502,19,2,0
1503,1503,Victim Party #1503,35,1,0
1504,1504,Victim Party #1504,54,2,0
1505,1505,Victim Party #1505,49,2,0
1506,1506,Victim Party #1506,34,1,0
1507,1507,Victim Party #1507,52,1,0
1508,1508,Victim Party #1508,26,1,0
1509,1509,Victim Party #1509,26,2,0
1510,1510,Victim Party #1510,51,1,0
1511,1511,Victim Party #1511,46,1,0
1512,1512,Victim Party #1512,53,2,0
1513,1513,Victim Party #1513,20,2,0
1514,1514,Victim Party #1514,31,2,0
1515,1515,Victim Party #1515,30,1,0
1516,1516,Victim Party #1516,33,2,0
1517,1517,Victim Party #1517,45,2,0
1518,1518,Victim Party #1518,56,2,0
1519,1519,Victim Party #1519,28,2,0
1520,1520,Victim Party #1520,20,1,0
1521,1521,Victim Party #1521,24,1,0
1522,1522,Victim Party #1522,36,2,0
1523,1523,Victim Party #1523,31,1,0
1524,1524,Victim Party #1524,25,1,0
1525,1525,Victim Party #1525,20,1,0
1526,1526,Victim Party #1526,44,2,0
1527,1527,Victim Party #1527,51,2,0
1528,1528,Victim Party #1528,34,2,0
1529,1529,Victim Party #1529,40,1,0
1530,1530,Victim Party #1530,48,2,0
1531,1531,Victim Party #1531,53,1,0
1532,1532,Victim Party #1532,53,1,0
1533,1533,Victim Party #1533,29,2,0
1534,1534,Victim Party #1534,57,1,0
1535,1535,Victim Party #1535,26,2,0
1536,1536,Victim Party #1536,43,2,0
1537,1537,Victim Party #1537,29,2,0
1538,1538,Victim Party #1538,40,2,0
1539,1539,Victim Party #1539,29,1,0
1540,1540,Victim Party #1540,24,2,0
1541,1541,Victim Party #1541,47,1,0
1542,1542,Victim Party #1542,51,1,0
1543,1543,Victim Party #1543,47,2,0
1544,1544,Victim Party #1544,37,1,0
1545,1545,Victim Party #1545,37,1,0
1546,1546,Victim Party #1546,36,2,0
1547,1547,Victim Party #1547,36,1,0
1548,1548,Victim Party #1548,29,1,0
1549,1549,Victim Party #1549,33,2,0
1550,1550,Victim Party #1550,56,2,0
1551,1551,Victim Party #1551,25,2,0
1552,1552,Victim Party #1552,46,2,0
1553,1553,Victim Party #1553,41,1,0
1554,1554,Victim Party #1554,55,2,0
1555,1555,Victim Party #1555,49,2,0
1556,1556,Victim Party #1556,41,2,0
1557,1557,Victim Party #1557,23,2,0
1558,1558,Victim Party #1558,46,1,0
1559,1559,Victim Party #1559,44,2,0
1560,1560,Victim Party #1560,58,1,0
1561,1561,Victim Party #1561,32,1,0
1562,1562,Victim Party #1562,19,1,0
1563,1563,Victim Party #1563,43,2,0
1564,1564,Victim Party #1564,24,1,0
1565,1565,Victim Party #1565,36,2,0
1566,1566,Victim Party #1566,58,1,0
1567,1567,Victim Party #1567,56,1,0
1568,1568,Victim Party #1568,19,2,0
1569,1569,Victim Party #1569,35,1,0
1570,1570,Victim Party #1570,50,1,0
1571,1571,Victim Party #1571,56,2,0
1572,1572,Victim Party #1572,46,2,0
1573,1573,Victim Party #1573,35,2,0
1574,1574,Victim Party #1574,27,1,0
1575,1575,Victim Party #1575,40,2,0
1576,1576,Victim Party #1576,19,2,0
1577,1577,Victim Party #1577,46,2,0
1578,1578,Victim Party #1578,58,1,0
1579,1579,Victim Party #1579,34,2,0
1580,1580,Victim Party #1580,32,2,0
1581,1581,Victim Party #1581,53,1,0
1582,1582,Victim Party #1582,32,1,0
1583,1583,Victim Party #1583,22,1,0
1584,1584,Victim Party #1584,43,1,0
1585,1585,Victim Party #1585,24,1,0
1586,1586,Victim Party #1586,58,2,0
1587,1587,Victim Party #1587,42,2,0
1588,1588,Victim Party #1588,28,1,0
1589,1589,Victim Party #1589,33,2,0
1590,1590,Victim Party #1590,22,2,0
1591,1591,Victim Party #1591,49,1,0
1592,1592,Victim Party #1592,49,2,0
1593,1593,Victim Party #1593,28,1,0
1594,1594,Victim Party #1594,40,1,0
1595,1595,Victim Party #1595,35,1,0
1596,1596,Victim Party #1596,20,2,0
1597,1597,Victim Party #1597,43,1,0
1598,1598,Victim Party #1598,46,2,0
1599,1599,Victim Party #1599,57,1,0
1600,1600,Victim Party #1600,50,2,0
1601,1601,Victim Party #1601,47,1,0
1602,1602,Victim Party #1602,34,2,0
1603,1603,Victim Party #1603,36,1,0
1604,1604,Victim Party #1604,27,1,0
1605,1605,Victim Party #1605,30,1,0
1606,1606,Victim Party #1606,24,2,0
1607,1607,Victim Party #1607,42,2,0
1608,1608,Victim Party #1608,24,2,0
1609,1609,Victim Party #1609,42,1,0
1610,1610,Victim Party #1610,28,2,0
1611,1611,Victim Party #1611,40,1,0
1612,1612,Victim Party #1612,38,2,0
1613,1613,Victim Party #1613,36,2,0
1614,1614,Victim Party #1614,25,1,0
1615,1615,Victim Party #1615,53,2,0
1616,1616,Victim Party #1616,25,1,0
1617,1617,Victim Party #1617,29,1,0
1618,1618,Victim Party #1618,51,2,0
1619,1619,Victim Party #1619,55,2,0
1620,1620,Victim Party #1620,47,2,0
1621,1621,Victim Party #1621,30,1,0
1622,1622,Victim Party #1622,38,2,0
1623,1623,Victim Party #1623,24,2,0
1624,1624,Victim Party #1624,56,1,0
1625,1625,Victim Party #1625,29,2,0
1626,1626,Victim Party #1626,32,2,0
1627,1627,Victim Party #1627,53,1,0
1628,1628,Victim Party #1628,20,1,0
1629,1629,Victim Party #1629,32,2,0
1630,1630,Victim Party #1630,48,2,0
1631,1631,Victim Party #1631,42,1,0
1632,1632,Victim Party #1632,58,2,0
1633,1633,Victim Party #1633,36,1,0
1634,1634,Victim Party #1634,53,2,0
1635,1635,Victim Party #1635,47,2,0
1636,1636,Victim Party #1636,29,2,0
1637,1637,Victim Party #1637,58,1,0
1638,1638,Victim Party #1638,26,1,0
1639,1639,Victim Party #1639,53,1,0
1640,1640,Victim Party #1640,23,1,0
1641,1641,Victim Party #1641,25,1,0
1642,1642,Victim Party #1642,26,2,0
1643,1643,Victim Party #1643,26,1,0
1644,1644,Victim Party #1644,58,1,0
1645,1645,Victim Party #1645,52,1,0
1646,1646,Victim Party #1646,56,1,0
1647,1647,Victim Party #1647,55,1,0
1648,1648,Victim Party #1648,23,2,0
1649,1649,Victim Party #1649,41,2,0
1650,1650,Victim Party #1650,38,1,0
1651,1651,Victim Party #1651,44,1,0
1652,1652,Victim Party #1652,34,2,0
1653,1653,Victim Party #1653,51,2,0
1654,1654,Victim Party #1654,36,1,0
1655,1655,Victim Party #1655,24,1,0
1656,1656,Victim Party #1656,34,2,0
1657,1657,Victim Party #1657,55,1,0
1658,1658,Victim Party #1658,26,2,0
1659,1659,Victim Party #1659,35,2,0
1660,1660,Victim Party #1660,50,2,0
1661,1661,Victim Party #1661,27,2,0
1662,1662,Victim Party #1662,47,1,0
1663,1663,Victim Party #1663,53,1,0
1664,1664,Victim Party #1664,31,1,0
1665,1665,Victim Party #1665,20,2,0
1666,1666,Victim Party #1666,19,2,0
1667,1667,Victim Party #1667,29,1,0
1668,1668,Victim Party #1668,28,1,0
1669,1669,Victim Party #1669,39,2,0
1670,1670,Victim Party #1670,26,2,0
1671,1671,Victim Party #1671,21,1,0
1672,1672,Victim Party #1672,27,1,0
1673,1673,Victim Party #1673,53,1,0
1674,1674,Victim Party #1674,39,1,0
1675,1675,Victim Party #1675,38,1,0
1676,1676,Victim Party #1676,42,1,0
1677,1677,Victim Party #1677,38,2,0
1678,1678,Victim Party #1678,48,1,0
1679,1679,Victim Party #1679,35,2,0
1680,1680,Victim Party #1680,57,1,0
1681,1681,Victim Party #1681,47,2,0
1682,1682,Victim Party #1682,51,1,0
1683,1683,Victim Party #1683,30,1,0
1684,1684,Victim Party #1684,43,1,0
1685,1685,Victim Party #1685,55,1,0
1686,1686,Victim Party #1686,58,1,0
1687,1687,Victim Party #1687,42,1,0
1688,1688,Victim Party #1688,34,2,0
1689,1689,Victim Party #1689,20,2,0
1690,1690,Victim Party #1690,27,1,0
1691,1691,Victim Party #1691,28,1,0
1692,1692,Victim Party #1692,48,2,0
1693,1693,Victim Party #1693,30,2,0
1694,1694,Victim Party #1694,55,1,0
1695,1695,Victim Party #1695,20,1,0
1696,1696,Victim Party #1696,24,1,0
1697,1697,Victim Party #1697,30,2,0
1698,1698,Victim Party #1698,39,1,0
1699,1699,Victim Party #1699,33,1,0
1700,1700,Victim Party #1700,37,1,0
1701,1701,Victim Party #1701,33,1,0
1702,1702,Victim Party #1702,32,2,0
1703,1703,Victim Party #1703,42,2,0
1704,1704,Victim Party #1704,31,1,0
1705,1705,Victim Party #1705,52,2,0
1706,1706,Victim Party #1706,55,2,0
1707,1707,Victim Party #1707,21,2,0
1708,1708,Victim Party #1708,33,1,0
1709,1709,Victim Party #1709,29,1,0
1710,1710,Victim Party #1710,21,1,0
1711,1711,Victim Party #1711,48,1,0
1712,1712,Victim Party #1712,22,2,0
1713,1713,Victim Party #1713,38,2,0
1714,1714,Victim Party #1714,29,2,0
1715,1715,Victim Party #1715,46,2,0
1716,1716,Victim Party #1716,56,1,0
1717,1717,Victim Party #1717,28,2,0
1718,1718,Victim Party #1718,56,1,0
1719,1719,Victim Party #1719,52,1,0
1720,1720,Victim Party #1720,19,2,0
1721,1721,Victim Party #1721,32,1,0
1722,1722,Victim Party #1722,44,2,0
1723,1723,Victim Party #1723,52,1,0
1724,1724,Victim Party #1724,56,2,0
1725,1725,Victim Party #1725,55,1,0
1726,1726,Victim Party #1726,30,2,0
1727,1727,Victim Party #1727,25,1,0
1728,1728,Victim Party #1728,23,2,0
1729,1729,Victim Party #1729,47,1,0
1730,1730,Victim Party #1730,29,1,0
1731,1731,Victim Party #1731,43,2,0
1732,1732,Victim Party #1732,49,1,0
1733,1733,Victim Party #1733,53,2,0
1734,1734,Victim Party #1734,31,2,0
1735,1735,Victim Party #1735,58,1,0
1736,1736,Victim Party #1736,52,2,0
1737,1737,Victim Party #1737,51,1,0
1738,1738,Victim Party #1738,55,2,0
1739,1739,Victim Party #1739,32,1,0
1740,1740,Victim Party #1740,27,1,0
1741,1741,Victim Party #1741,43,1,0
1742,1742,Victim Party #1742,28,2,0
1743,1743,Victim Party #1743,49,1,0
1744,1744,Victim Party #1744,55,1,0
1745,1745,Victim Party #1745,34,2,0
1746,1746,Victim Party #1746,54,1,0
1747,1747,Victim Party #1747,42,1,0
1748,1748,Victim Party #1748,57,1,0
1749,1749,Victim Party #1749,27,2,0
1750,1750,Victim Party #1750,50,1,0
1751,1751,Victim Party #1751,26,2,0
1752,1752,Victim Party #1752,23,2,0
1753,1753,Victim Party #1753,39,2,0
1754,1754,Victim Party #1754,39,2,0
1755,1755,Victim Party #1755,43,1,0
1756,1756,Victim Party #1756,48,2,0
1757,1757,Victim Party #1757,35,2,0
1758,1758,Victim Party #1758,23,1,0
1759,1759,Victim Party #1759,51,1,0
1760,1760,Victim Party #1760,27,1,0
1761,1761,Victim Party #1761,46,1,0
1762,1762,Victim Party #1762,30,2,0
1763,1763,Victim Party #1763,28,1,0
1764,1764,Victim Party #1764,48,1,0
1765,1765,Victim Party #1765,43,2,0
1766,1766,Victim Party #1766,50,2,0
1767,1767,Victim Party #1767,33,1,0
1768,1768,Victim Party #1768,46,2,0
1769,1769,Victim Party #1769,43,1,0
1770,1770,Victim Party #1770,42,2,0
1771,1771,Victim Party #1771,23,2,0
1772,1772,Victim Party #1772,55,1,0
1773,1773,Victim Party #1773,50,1,0
1774,1774,Victim Party #1774,58,1,0
1775,1775,Victim Party #1775,36,1,0
1776,1776,Victim Party #1776,44,1,0
1777,1777,Victim Party #1777,23,2,0
1778,1778,Victim Party #1778,40,1,0
1779,1779,Victim Party #1779,51,2,0
1780,1780,Victim Party #1780,32,2,0
1781,1781,Victim Party #1781,31,1,0
1782,1782,Victim Party #1782,50,2,0
1783,1783,Victim Party #1783,33,1,0
1784,1784,Victim Party #1784,37,2,0
1785,1785,Victim Party #1785,23,2,0
1786,1786,Victim Party #1786,51,2,0
1787,1787,Victim Party #1787,55,2,0
1788,1788,Victim Party #1788,45,1,0
1789,1789,Victim Party #1789,57,1,0
1790,1790,Victim Party #1790,47,2,0
1791,1791,Victim Party #1791,57,1,0
1792,1792,Victim Party #1792,58,1,0
1793,1793,Victim Party #1793,35,1,0
1794,1794,Victim Party #1794,31,1,0
1795,1795,Victim Party #1795,49,1,0
1796,1796,Victim Party #1796,40,1,0
1797,1797,Victim Party #1797,41,1,0
1798,1798,Victim Party #1798,51,2,0
1799,1799,Victim Party #1799,57,1,0
1800,1800,Victim Party #1800,52,1,0
1801,1801,Victim Party #1801,34,1,0
1802,1802,Victim Party #1802,55,1,0
1803,1803,Victim Party #1803,37,2,0
1804,1804,Victim Party #1804,32,1,0
1805,1805,Victim Party #1805,52,1,0
1806,1806,Victim Party #1806,54,1,0
1807,1807,Victim Party #1807,45,2,0
1808,1808,Victim Party #1808,24,2,0
1809,1809,Victim Party #1809,32,1,0
1810,1810,Victim Party #1810,43,1,0
1811,1811,Victim Party #1811,32,1,0
1812,1812,Victim Party #1812,21,1,0
1813,1813,Victim Party #1813,58,2,0
1814,1814,Victim Party #1814,28,2,0
1815,1815,Victim Party #1815,24,2,0
1816,1816,Victim Party #1816,21,2,0
1817,1817,Victim Party #1817,47,2,0
1818,1818,Victim Party #1818,25,1,0
1819,1819,Victim Party #1819,22,2,0
1820,1820,Victim Party #1820,38,2,0
1821,1821,Victim Party #1821,34,1,0
1822,1822,Victim Party #1822,36,2,0
1823,1823,Victim Party #1823,46,2,0
1824,1824,Victim Party #1824,36,2,0
1825,1825,Victim Party #1825,53,1,0
1826,1826,Victim Party #1826,34,2,0
1827,1827,Victim Party #1827,49,1,0
1828,1828,Victim Party #1828,41,2,0
1829,1829,Victim Party #1829,39,2,0
1830,1830,Victim Party #1830,54,1,0
1831,1831,Victim Party #1831,47,1,0
1832,1832,Victim Party #1832,21,1,0
1833,1833,Victim Party #1833,52,2,0
1834,1834,Victim Party #1834,48,2,0
1835,1835,Victim Party #1835,30,1,0
1836,1836,Victim Party #1836,51,1,0
1837,1837,Victim Party #1837,57,2,0
1838,1838,Victim Party #1838,56,1,0
1839,1839,Victim Party #1839,28,2,0
1840,1840,Victim Party #1840,41,1,0
1841,1841,Victim Party #1841,46,2,0
1842,1842,Victim Party #1842,53,1,0
1843,1843,Victim Party #1843,55,2,0
1844,1844,Victim Party #1844,34,1,0
1845,1845,Victim Party #1845,48,1,0
1846,1846,Victim Party #1846,37,2,0
1847,1847,Victim Party #1847,56,2,0
1848,1848,Victim Party #1848,44,1,0
1849,1849,Victim Party #1849,39,1,0
1850,1850,Victim Party #1850,19,1,0
1851,1851,Victim Party #1851,22,2,0
1852,1852,Victim Party #1852,25,2,0
1853,1853,Victim Party #1853,49,2,0
1854,1854,Victim Party #1854,26,2,0
1855,1855,Victim Party #1855,46,1,0
1856,1856,Victim Party #1856,46,1,0
1857,1857,Victim Party #1857,23,1,0
1858,1858,Victim Party #1858,20,2,0
1859,1859,Victim Party #1859,54,2,0
1860,1860,Victim Party #1860,49,2,0
1861,1861,Victim Party #1861,33,2,0
1862,1862,Victim Party #1862,30,1,0
1863,1863,Victim Party #1863,58,2,0
1864,1864,Victim Party #1864,55,2,0
1865,1865,Victim Party #1865,22,1,0
1866,1866,Victim Party #1866,45,2,0
1867,1867,Victim Party #1867,42,1,0
1868,1868,Victim Party #1868,20,1,0
1869,1869,Victim Party #1869,49,1,0
1870,1870,Victim Party #1870,43,2,0
1871,1871,Victim Party #1871,19,2,0
1872,1872,Victim Party #1872,29,1,0
1873,1873,Victim Party #1873,33,1,0
1874,1874,Victim Party #1874,52,2,0
1875,1875,Victim Party #1875,22,1,0
1876,1876,Victim Party #1876,35,1,0
1877,1877,Victim Party #1877,37,1,0
1878,1878,Victim Party #1878,41,1,0
1879,1879,Victim Party #1879,51,1,0
1880,1880,Victim Party #1880,40,1,0
1881,1881,Victim Party #1881,38,1,0
1882,1882,Victim Party #1882,39,2,0
1883,1883,Victim Party #1883,24,1,0
1884,1884,Victim Party #1884,22,1,0
1885,1885,Victim Party #1885,35,2,0
1886,1886,Victim Party #1886,24,2,0
1887,1887,Victim Party #1887,19,2,0
1888,1888,Victim Party #1888,53,1,0
1889,1889,Victim Party #1889,25,1,0
1890,1890,Victim Party #1890,54,2,0
1891,1891,Victim Party #1891,58,1,0
1892,1892,Victim Party #1892,23,1,0
1893,1893,Victim Party #1893,35,1,0
1894,1894,Victim Party #1894,26,1,0
1895,1895,Victim Party #1895,27,1,0
1896,1896,Victim Party #1896,56,2,0
1897,1897,Victim Party #1897,19,1,0
1898,1898,Victim Party #1898,30,2,0
1899,1899,Victim Party #1899,30,1,0
1900,1900,Victim Party #1900,48,1,0
1901,1901,Victim Party #1901,24,1,0
1902,1902,Victim Party #1902,30,1,0
1903,1903,Victim Party #1903,42,2,0
1904,1904,Victim Party #1904,58,2,0
1905,1905,Victim Party #1905,24,2,0
1906,1906,Victim Party #1906,29,1,0
1907,1907,Victim Party #1907,46,2,0
1908,1908,Victim Party #1908,44,1,0
1909,1909,Victim Party #1909,29,2,0
1910,1910,Victim Party #1910,27,2,0
1911,1911,Victim Party #1911,58,2,0
1912,1912,Victim Party #1912,20,2,0
1913,1913,Victim Party #1913,27,2,0
1914,1914,Victim Party #1914,29,1,0
1915,1915,Victim Party #1915,49,2,0
1916,1916,Victim Party #1916,47,1,0
1917,1917,Victim Party #1917,33,1,0
1918,1918,Victim Party #1918,25,2,0
1919,1919,Victim Party #1919,30,1,0
1920,1920,Victim Party #1920,28,1,0
1921,1921,Victim Party #1921,54,2,0
1922,1922,Victim Party #1922,34,2,0
1923,1923,Victim Party #1923,31,1,0
1924,1924,Victim Party #1924,46,1,0
1925,1925,Victim Party #1925,50,1,0
1926,1926,Victim Party #1926,28,1,0
1927,1927,Victim Party #1927,25,2,0
1928,1928,Victim Party #1928,34,1,0
1929,1929,Victim Party #1929,20,2,0
1930,1930,Victim Party #1930,32,1,0
1931,1931,Victim Party #1931,55,1,0
1932,1932,Victim Party #1932,55,1,0
1933,1933,Victim Party #1933,38,2,0
1934,1934,Victim Party #1934,29,1,0
1935,1935,Victim Party #1935,34,1,0
1936,1936,Victim Party #1936,46,2,0
1937,1937,Victim Party #1937,43,2,0
1938,1938,Victim Party #1938,31,1,0
1939,1939,Victim Party #1939,42,1,0
1940,1940,Victim Party #1940,40,1,0
1941,1941,Victim Party #1941,54,1,0
1942,1942,Victim Party #1942,46,1,0
1943,1943,Victim Party #1943,34,1,0
1944,1944,Victim Party #1944,54,2,0
1945,1945,Victim Party #1945,30,2,0
1946,1946,Victim Party #1946,57,2,0
1947,1947,Victim Party #1947,44,1,0
1948,1948,Victim Party #1948,49,1,0
1949,1949,Victim Party #1949,40,2,0
1950,1950,Victim Party #1950,46,1,0
1951,1951,Victim Party #1951,40,1,0
1952,1952,Victim Party #1952,51,2,0
1953,1953,Victim Party #1953,53,2,0
1954,1954,Victim Party #1954,55,2,0
1955,1955,Victim Party #1955,39,2,0
1956,1956,Victim Party #1956,50,1,0
1957,1957,Victim Party #1957,49,1,0
1958,1958,Victim Party #1958,21,1,0
1959,1959,Victim Party #1959,55,1,0
1960,1960,Victim Party #1960,56,2,0
1961,1961,Victim Party #1961,24,2,0
1962,1962,Victim Party #1962,35,1,0
1963,1963,Victim Party #1963,45,1,0
1964,1964,Victim Party #1964,29,2,0
1965,1965,Victim Party #1965,38,2,0
1966,1966,Victim Party #1966,35,2,0
1967,1967,Victim Party #1967,47,2,0
1968,1968,Victim Party #1968,38,1,0
1969,1969,Victim Party #1969,39,2,0
1970,1970,Victim Party #1970,57,1,0
1971,1971,Victim Party #1971,42,1,0
1972,1972,Victim Party #1972,52,1,0
1973,1973,Victim Party #1973,38,2,0
1974,1974,Victim Party #1974,58,2,0
1975,1975,Victim Party #1975,37,1,0
1976,1976,Victim Party #1976,34,1,0
1977,1977,Victim Party #1977,43,1,0
1978,1978,Victim Party #1978,26,1,0
1979,1979,Victim Party #1979,48,1,0
1980,1980,Victim Party #1980,34,1,0
1981,1981,Victim Party #1981,57,2,0
1982,1982,Victim Party #1982,34,2,0
1983,1983,Victim Party #1983,33,2,0
1984,1984,Victim Party #1984,34,2,0
1985,1985,Victim Party #1985,20,1,0
1986,1986,Victim Party #1986,45,2,0
1987,1987,Victim Party #1987,46,2,0
1988,1988,Victim Party #1988,40,2,0
1989,1989,Victim Party #1989,43,2,0
1990,1990,Victim Party #1990,49,2,0
1991,1991,Victim Party #1991,32,1,0
1992,1992,Victim Party #1992,45,2,0
1993,1993,Victim Party #1993,43,1,0
1994,1994,Victim Party #1994,52,2,0
1995,1995,Victim Party #1995,58,2,0
1996,1996,Victim Party #1996,52,1,0
1997,1997,Victim Party #1997,53,2,0
1998,1998,Victim Party #1998,58,2,0
1999,1999,Victim Party #1999,24,1,0
2000,2000,Victim Party #2000,56,1,0
2001,2001,Victim Party #2001,36,1,0
2002,2002,Victim Party #2002,37,2,0
2003,2003,Victim Party #2003,45,2,0
2004,2004,Victim Party #2004,49,1,0
2005,2005,Victim Party #2005,55,2,0
2006,2006,Victim Party #2006,24,1,0
2007,2007,Victim Party #2007,46,1,0
2008,2008,Victim Party #2008,52,2,0
2009,2009,Victim Party #2009,39,1,0
2010,2010,Victim Party #2010,41,1,0
2011,2011,Victim Party #2011,36,1,0
2012,2012,Victim Party #2012,40,2,0
2013,2013,Victim Party #2013,23,1,0
2014,2014,Victim Party #2014,22,1,0
2015,2015,Victim Party #2015,39,1,0
2016,2016,Victim Party #2016,31,1,0
2017,2017,Victim Party #2017,33,1,0
2018,2018,Victim Party #2018,52,2,0
2019,2019,Victim Party #2019,57,2,0
2020,2020,Victim Party #2020,44,1,0
2021,2021,Victim Party #2021,46,1,0
2022,2022,Victim Party #2022,55,1,0
2023,2023,Victim Party #2023,58,2,0
2024,2024,Victim Party #2024,44,2,0
2025,2025,Victim Party #2025,42,1,0
2026,2026,Victim Party #2026,50,1,0
2027,2027,Victim Party #2027,51,2,0
2028,2028,Victim Party #2028,48,1,0
2029,2029,Victim Party #2029,44,2,0
2030,2030,Victim Party #2030,25,1,0
2031,2031,Victim Party #2031,30,1,0
2032,2032,Victim Party #2032,23,1,0
2033,2033,Victim Party #2033,47,2,0
2034,2034,Victim Party #2034,27,1,0
2035,2035,Victim Party #2035,32,2,0
2036,2036,Victim Party #2036,34,2,0
2037,2037,Victim Party #2037,31,1,0
2038,2038,Victim Party #2038,42,2,0
2039,2039,Victim Party #2039,20,2,0
2040,2040,Victim Party #2040,26,2,0
2041,2041,Victim Party #2041,54,2,0
2042,2042,Victim Party #2042,45,1,0
2043,2043,Victim Party #2043,32,2,0
2044,2044,Victim Party #2044,45,2,0
2045,2045,Victim Party #2045,58,1,0
2046,2046,Victim Party #2046,41,2,0
2047,2047,Victim Party #2047,21,1,0
2048,2048,Victim Party #2048,51,2,0
2049,2049,Victim Party #2049,25,2,0
2050,2050,Victim Party #2050,21,2,0
2051,2051,Victim Party #2051,43,2,0
2052,2052,Victim Party #2052,46,1,0
2053,2053,Victim Party #2053,33,2,0
2054,2054,Victim Party #2054,43,1,0
2055,2055,Victim Party #2055,19,1,0
2056,2056,Victim Party #2056,27,2,0
2057,2057,Victim Party #2057,54,1,0
2058,2058,Victim Party #2058,39,1,0
2059,2059,Victim Party #2059,22,2,0
2060,2060,Victim Party #2060,39,2,0
2061,2061,Victim Party #2061,33,1,0
2062,2062,Victim Party #2062,49,1,0
2063,2063,Victim Party #2063,31,2,0
2064,2064,Victim Party #2064,30,2,0
2065,2065,Victim Party #2065,30,2,0
2066,2066,Victim Party #2066,56,1,0
2067,2067,Victim Party #2067,23,1,0
2068,2068,Victim Party #2068,34,2,0
2069,2069,Victim Party #2069,40,2,0
2070,2070,Victim Party #2070,53,1,0
2071,2071,Victim Party #2071,34,2,0
2072,2072,Victim Party #2072,23,1,0
2073,2073,Victim Party #2073,26,2,0
2074,2074,Victim Party #2074,42,2,0
2075,2075,Victim Party #2075,38,2,0
2076,2076,Victim Party #2076,30,1,0
2077,2077,Victim Party #2077,33,2,0
2078,2078,Victim Party #2078,31,1,0
2079,2079,Victim Party #2079,44,2,0
2080,2080,Victim Party #2080,31,1,0
2081,2081,Victim Party #2081,25,2,0
2082,2082,Victim Party #2082,20,2,0
2083,2083,Victim Party #2083,25,2,0
2084,2084,Victim Party #2084,25,2,0
2085,2085,Victim Party #2085,37,1,0
2086,2086,Victim Party #2086,41,2,0
2087,2087,Victim Party #2087,55,1,0
2088,2088,Victim Party #2088,27,2,0
2089,2089,Victim Party #2089,46,2,0
2090,2090,Victim Party #2090,25,2,0
2091,2091,Victim Party #2091,27,2,0
2092,2092,Victim Party #2092,28,2,0
2093,2093,Victim Party #2093,35,2,0
2094,2094,Victim Party #2094,45,2,0
2095,2095,Victim Party #2095,35,2,0
2096,2096,Victim Party #2096,48,1,0
2097,2097,Victim Party #2097,52,2,0
2098,2098,Victim Party #2098,43,1,0
2099,2099,Victim Party #2099,38,2,0
2100,2100,Victim Party #2100,29,1,0
2101,2101,Victim Party #2101,31,1,0
2102,2102,Victim Party #2102,33,1,0
2103,2103,Victim Party #2103,43,2,0
2104,2104,Victim Party #2104,42,1,0
2105,2105,Victim Party #2105,30,1,0
2106,2106,Victim Party #2106,22,1,0
2107,2107,Victim Party #2107,35,2,0
2108,2108,Victim Party #2108,51,2,0
2109,2109,Victim Party #2109,46,2,0
2110,2110,Victim Party #2110,34,1,0
2111,2111,Victim Party #2111,37,1,0
2112,2112,Victim Party #2112,22,1,0
2113,2113,Victim Party #2113,57,1,0
2114,2114,Victim Party #2114,39,2,0
2115,2115,Victim Party #2115,34,2,0
2116,2116,Victim Party #2116,31,2,0
2117,2117,Victim Party #2117,45,1,0
2118,2118,Victim Party #2118,30,1,0
2119,2119,Victim Party #2119,44,2,0
2120,2120,Victim Party #2120,49,1,0
2121,2121,Victim Party #2121,49,2,0
2122,2122,Victim Party #2122,37,2,0
2123,2123,Victim Party #2123,22,1,0
2124,2124,Victim Party #2124,28,1,0
2125,2125,Victim Party #2125,39,2,0
2126,2126,Victim Party #2126,31,2,0
2127,2127,Victim Party #2127,56,2,0
2128,2128,Victim Party #2128,50,2,0
2129,2129,Victim Party #2129,36,2,0
2130,2130,Victim Party #2130,43,1,0
2131,2131,Victim Party #2131,53,1,0
2132,2132,Victim Party #2132,44,1,0
2133,2133,Victim Party #2133,51,2,0
2134,2134,Victim Party #2134,54,2,0
2135,2135,Victim Party #2135,40,2,0
2136,2136,Victim Party #2136,55,2,0
2137,2137,Victim Party #2137,30,2,0
2138,2138,Victim Party #2138,26,1,0
2139,2139,Victim Party #2139,38,2,0
2140,2140,Victim Party #2140,37,2,0
2141,2141,Victim Party #2141,44,2,0
2142,2142,Victim Party #2142,42,1,0
2143,2143,Victim Party #2143,58,1,0
2144,2144,Victim Party #2144,52,1,0
2145,2145,Victim Party #2145,28,2,0
2146,2146,Victim Party #2146,19,2,0
2147,2147,Victim Party #2147,45,2,0
2148,2148,Victim Party #2148,51,1,0
2149,2149,Victim Party #2149,55,2,0
2150,2150,Victim Party #2150,38,1,0
2151,2151,Victim Party #2151,29,1,0
2152,2152,Victim Party #2152,27,1,0
2153,2153,Victim Party #2153,28,2,0
2154,2154,Victim Party #2154,22,1,0
2155,2155,Victim Party #2155,45,1,0
2156,2156,Victim Party #2156,37,1,0
2157,2157,Victim Party #2157,43,1,0
2158,2158,Victim Party #2158,53,1,0
2159,2159,Victim Party #2159,58,1,0
2160,2160,Victim Party #2160,25,1,0
2161,2161,Victim Party #2161,56,1,0
2162,2162,Victim Party #2162,50,2,0
2163,2163,Victim Party #2163,56,1,0
2164,2164,Victim Party #2164,44,2,0
2165,2165,Victim Party #2165,30,1,0
2166,2166,Victim Party #2166,47,2,0
2167,2167,Victim Party #2167,42,2,0
2168,2168,Victim Party #2168,29,1,0
2169,2169,Victim Party #2169,29,2,0
2170,2170,Victim Party #2170,41,2,0
2171,2171,Victim Party #2171,48,2,0
2172,2172,Victim Party #2172,34,1,0
2173,2173,Victim Party #2173,27,1,0
2174,2174,Victim Party #2174,43,1,0
2175,2175,Victim Party #2175,21,2,0
2176,2176,Victim Party #2176,41,2,0
2177,2177,Victim Party #2177,57,2,0
2178,2178,Victim Party #2178,22,2,0
2179,2179,Victim Party #2179,40,2,0
2180,2180,Victim Party #2180,56,1,0
2181,2181,Victim Party #2181,19,2,0
2182,2182,Victim Party #2182,38,1,0
2183,2183,Victim Party #2183,39,2,0
2184,2184,Victim Party #2184,50,2,0
2185,2185,Victim Party #2185,25,2,0
2186,2186,Victim Party #2186,31,2,0
2187,2187,Victim Party #2187,39,2,0
2188,2188,Victim Party #2188,23,1,0
2189,2189,Victim Party #2189,55,2,0
2190,2190,Victim Party #2190,34,1,0
2191,2191,Victim Party #2191,38,1,0
2192,2192,Victim Party #2192,36,1,0
2193,2193,Victim Party #2193,46,1,0
2194,2194,Victim Party #2194,42,1,0
2195,2195,Victim Party #2195,19,1,0
2196,2196,Victim Party #2196,26,1,0
2197,2197,Victim Party #2197,30,2,0
2198,2198,Victim Party #2198,40,1,0
2199,2199,Victim Party #2199,20,1,0
2200,2200,Victim Party #2200,25,2,0
2201,2201,Victim Party #2201,39,2,0
2202,2202,Victim Party #2202,41,2,0
2203,2203,Victim Party #2203,22,1,0
2204,2204,Victim Party #2204,33,1,0
2205,2205,Victim Party #2205,54,1,0
2206,2206,Victim Party #2206,39,1,0
2207,2207,Victim Party #2207,41,2,0
2208,2208,Victim Party #2208,49,2,0
2209,2209,Victim Party #2209,58,2,0
2210,2210,Victim Party #2210,29,1,0
2211,2211,Victim Party #2211,54,1,0
2212,2212,Victim Party #2212,32,2,0
2213,2213,Victim Party #2213,42,2,0
2214,2214,Victim Party #2214,19,1,0
2215,2215,Victim Party #2215,43,1,0
2216,2216,Victim Party #2216,24,2,0
2217,2217,Victim Party #2217,37,2,0
2218,2218,Victim Party #2218,43,2,0
2219,2219,Victim Party #2219,50,2,0
2220,2220,Victim Party #2220,24,2,0
2221,2221,Victim Party #2221,56,2,0
2222,2222,Victim Party #2222,48,1,0
2223,2223,Victim Party #2223,42,1,0
2224,2224,Victim Party #2224,53,2,0
2225,2225,Victim Party #2225,21,2,0
2226,2226,Victim Party #2226,27,2,0
2227,2227,Victim Party #2227,48,2,0
2228,2228,Victim Party #2228,46,1,0
2229,2229,Victim Party #2229,48,1,0
2230,2230,Victim Party #2230,57,1,0
2231,2231,Victim Party #2231,23,2,0
2232,2232,Victim Party #2232,21,1,0
2233,2233,Victim Party #2233,51,1,0
2234,2234,Victim Party #2234,47,2,0
2235,2235,Victim Party #2235,51,2,0
2236,2236,Victim Party #2236,23,2,0
2237,2237,Victim Party #2237,38,2,0
2238,2238,Victim Party #2238,53,1,0
2239,2239,Victim Party #2239,30,2,0
2240,2240,Victim Party #2240,20,1,0
2241,2241,Victim Party #2241,43,1,0
2242,2242,Victim Party #2242,29,2,0
2243,2243,Victim Party #2243,27,1,0
2244,2244,Victim Party #2244,48,2,0
2245,2245,Victim Party #2245,45,2,0
2246,2246,Victim Party #2246,23,2,0
2247,2247,Victim Party #2247,42,1,0
2248,2248,Victim Party #2248,57,1,0
2249,2249,Victim Party #2249,37,2,0
2250,2250,Victim Party #2250,19,1,0
2251,2251,Victim Party #2251,49,2,0
2252,2252,Victim Party #2252,31,2,0
2253,2253,Victim Party #2253,46,2,0
2254,2254,Victim Party #2254,55,1,0
2255,2255,Victim Party #2255,22,1,0
2256,2256,Victim Party #2256,36,1,0
2257,2257,Victim Party #2257,34,2,0
2258,2258,Victim Party #2258,57,2,0
2259,2259,Victim Party #2259,41,2,0
2260,2260,Victim Party #2260,41,2,0
2261,2261,Victim Party #2261,34,1,0
2262,2262,Victim Party #2262,45,2,0
2263,2263,Victim Party #2263,27,1,0
2264,2264,Victim Party #2264,28,1,0
2265,2265,Victim Party #2265,35,2,0
2266,2266,Victim Party #2266,50,2,0
2267,2267,Victim Party #2267,41,1,0
2268,2268,Victim Party #2268,36,2,0
2269,2269,Victim Party #2269,28,2,0
2270,2270,Victim Party #2270,55,1,0
2271,2271,Victim Party #2271,57,2,0
2272,2272,Victim Party #2272,19,1,0
2273,2273,Victim Party #2273,37,2,0
2274,2274,Victim Party #2274,22,1,0
2275,2275,Victim Party #2275,40,1,0
2276,2276,Victim Party #2276,56,1,0
2277,2277,Victim Party #2277,29,1,0
2278,2278,Victim Party #2278,46,2,0
2279,2279,Victim Party #2279,41,1,0
2280,2280,Victim Party #2280,49,1,0
2281,2281,Victim Party #2281,56,2,0
2282,2282,Victim Party #2282,57,2,0
2283,2283,Victim Party #2283,21,2,0
2284,2284,Victim Party #2284,30,2,0
2285,2285,Victim Party #2285,37,2,0
2286,2286,Victim Party #2286,52,2,0
2287,2287,Victim Party #2287,20,2,0
2288,2288,Victim Party #2288,19,1,0
2289,2289,Victim Party #2289,30,1,0
2290,2290,Victim Party #2290,40,2,0
2291,2291,Victim Party #2291,33,2,0
2292,2292,Victim Party #2292,39,1,0
2293,2293,Victim Party #2293,19,2,0
2294,2294,Victim Party #2294,36,2,0
2295,2295,Victim Party #2295,25,2,0
2296,2296,Victim Party #2296,39,1,0
2297,2297,Victim Party #2297,23,1,0
2298,2298,Victim Party #2298,38,2,0
2299,2299,Victim Party #2299,41,1,0
2300,2300,Victim Party #2300,33,1,0
2301,2301,Victim Party #2301,53,1,0
2302,2302,Victim Party #2302,33,1,0
2303,2303,Victim Party #2303,51,2,0
2304,2304,Victim Party #2304,26,1,0
2305,2305,Victim Party #2305,31,1,0
2306,2306,Victim Party #2306,57,1,0
2307,2307,Victim Party #2307,50,1,0
2308,2308,Victim Party #2308,26,1,0
2309,2309,Victim Party #2309,35,1,0
2310,2310,Victim Party #2310,37,2,0
2311,2311,Victim Party #2311,58,2,0
2312,2312,Victim Party #2312,56,2,0
2313,2313,Victim Party #2313,37,1,0
2314,2314,Victim Party #2314,30,1,0
2315,2315,Victim Party #2315,56,1,0
2316,2316,Victim Party #2316,47,1,0
2317,2317,Victim Party #2317,46,2,0
2318,2318,Victim Party #2318,46,2,0
2319,2319,Victim Party #2319,58,1,0
2320,2320,Victim Party #2320,25,1,0
2321,2321,Victim Party #2321,38,1,0
2322,2322,Victim Party #2322,38,1,0
2323,2323,Victim Party #2323,55,1,0
2324,2324,Victim Party #2324,50,2,0
2325,2325,Victim Party #2325,58,2,0
2326,2326,Victim Party #2326,29,2,0
2327,2327,Victim Party #2327,51,2,0
2328,2328,Victim Party #2328,47,2,0
2329,2329,Victim Party #2329,27,2,0
2330,2330,Victim Party #2330,55,2,0
2331,2331,Victim Party #2331,19,1,0
2332,2332,Victim Party #2332,50,2,0
2333,2333,Victim Party #2333,28,1,0
2334,2334,Victim Party #2334,48,2,0
2335,2335,Victim Party #2335,46,1,0
2336,2336,Victim Party #2336,28,2,0
2337,2337,Victim Party #2337,39,1,0
2338,2338,Victim Party #2338,37,1,0
2339,2339,Victim Party #2339,40,2,0
2340,2340,Victim Party #2340,26,2,0
2341,2341,Victim Party #2341,48,2,0
2342,2342,Victim Party #2342,32,1,0
2343,2343,Victim Party #2343,40,1,0
2344,2344,Victim Party #2344,30,1,0
2345,2345,Victim Party #2345,19,2,0
2346,2346,Victim Party #2346,39,2,0
2347,2347,Victim Party #2347,53,1,0
2348,2348,Victim Party #2348,35,1,0
2349,2349,Victim Party #2349,19,1,0
2350,2350,Victim Party #2350,24,1,0
2351,2351,Victim Party #2351,33,2,0
2352,2352,Victim Party #2352,46,1,0
2353,2353,Victim Party #2353,32,2,0
2354,2354,Victim Party #2354,33,1,0
2355,2355,Victim Party #2355,35,2,0
2356,2356,Victim Party #2356,31,1,0
2357,2357,Victim Party #2357,48,1,0
2358,2358,Victim Party #2358,53,2,0
2359,2359,Victim Party #2359,37,1,0
2360,2360,Victim Party #2360,29,1,0
2361,2361,Victim Party #2361,51,2,0
2362,2362,Victim Party #2362,43,1,0
2363,2363,Victim Party #2363,35,2,0
2364,2364,Victim Party #2364,22,2,0
2365,2365,Victim Party #2365,46,1,0
2366,2366,Victim Party #2366,54,2,0
2367,2367,Victim Party #2367,50,1,0
2368,2368,Victim Party #2368,46,1,0
2369,2369,Victim Party #2369,29,2,0
2370,2370,Victim Party #2370,39,2,0
2371,2371,Victim Party #2371,43,2,0
2372,2372,Victim Party #2372,32,2,0
2373,2373,Victim Party #2373,27,2,0
2374,2374,Victim Party #2374,30,2,0
2375,2375,Victim Party #2375,22,2,0
2376,2376,Victim Party #2376,41,2,0
2377,2377,Victim Party #2377,22,2,0
2378,2378,Victim Party #2378,40,2,0
2379,2379,Victim Party #2379,53,1,0
2380,2380,Victim Party #2380,49,1,0
2381,2381,Victim Party #2381,26,1,0
2382,2382,Victim Party #2382,49,2,0
2383,2383,Victim Party #2383,32,2,0
2384,2384,Victim Party #2384,23,1,0
2385,2385,Victim Party #2385,30,1,0
2386,2386,Victim Party #2386,54,1,0
2387,2387,Victim Party #2387,22,1,0
2388,2388,Victim Party #2388,25,1,0
2389,2389,Victim Party #2389,37,1,0
2390,2390,Victim Party #2390,56,2,0
2391,2391,Victim Party #2391,32,2,0
2392,2392,Victim Party #2392,26,1,0
2393,2393,Victim Party #2393,28,2,0
2394,2394,Victim Party #2394,50,2,0
2395,2395,Victim Party #2395,57,2,0
2396,2396,Victim Party #2396,54,1,0
2397,2397,Victim Party #2397,53,1,0
2398,2398,Victim Party #2398,43,2,0
2399,2399,Victim Party #2399,54,2,0
2400,2400,Victim Party #2400,30,1,0
2401,2401,Victim Party #2401,19,2,0
2402,2402,Victim Party #2402,53,1,0
2403,2403,Victim Party #2403,55,1,0
2404,2404,Victim Party #2404,33,2,0
2405,2405,Victim Party #2405,48,1,0
2406,2406,Victim Party #2406,36,1,0
2407,2407,Victim Party #2407,28,1,0
2408,2408,Victim Party #2408,45,1,0
2409,2409,Victim Party #2409,33,1,0
2410,2410,Victim Party #2410,40,2,0
2411,2411,Victim Party #2411,39,1,0
2412,2412,Victim Party #2412,24,1,0
2413,2413,Victim Party #2413,49,1,0
2414,2414,Victim Party #2414,37,2,0
2415,2415,Victim Party #2415,31,2,0
2416,2416,Victim Party #2416,48,1,0
2417,2417,Victim Party #2417,27,2,0
2418,2418,Victim Party #2418,51,2,0
2419,2419,Victim Party #2419,55,1,0
2420,2420,Victim Party #2420,25,2,0
2421,2421,Victim Party #2421,19,2,0
2422,2422,Victim Party #2422,22,1,0
2423,2423,Victim Party #2423,42,2,0
2424,2424,Victim Party #2424,52,1,0
2425,2425,Victim Party #2425,53,2,0
2426,2426,Victim Party #2426,26,1,0
2427,2427,Victim Party #2427,40,2,0
2428,2428,Victim Party #2428,52,2,0
2429,2429,Victim Party #2429,41,2,0
2430,2430,Victim Party #2430,19,2,0
2431,2431,Victim Party #2431,28,2,0
2432,2432,Victim Party #2432,43,2,0
2433,2433,Victim Party #2433,55,1,0
2434,2434,Victim Party #2434,47,1,0
2435,2435,Victim Party #2435,34,1,0
2436,2436,Victim Party #2436,53,1,0
2437,2437,Victim Party #2437,36,2,0
2438,2438,Victim Party #2438,58,1,0
2439,2439,Victim Party #2439,38,2,0
2440,2440,Victim Party #2440,33,2,0
2441,2441,Victim Party #2441,49,2,0
2442,2442,Victim Party #2442,58,1,0
2443,2443,Victim Party #2443,29,1,0
2444,2444,Victim Party #2444,34,1,0
2445,2445,Victim Party #2445,21,2,0
2446,2446,Victim Party #2446,33,1,0
2447,2447,Victim Party #2447,43,1,0
2448,2448,Victim Party #2448,42,2,0
2449,2449,Victim Party #2449,43,2,0
2450,2450,Victim Party #2450,43,2,0
2451,2451,Victim Party #2451,22,2,0
2452,2452,Victim Party #2452,21,1,0
2453,2453,Victim Party #2453,55,1,0
2454,2454,Victim Party #2454,32,1,0
2455,2455,Victim Party #2455,58,1,0
2456,2456,Victim Party #2456,56,2,0
2457,2457,Victim Party #2457,41,1,0
2458,2458,Victim Party #2458,30,1,0
2459,2459,Victim Party #2459,41,2,0
2460,2460,Victim Party #2460,55,2,0
2461,2461,Victim Party #2461,39,1,0
2462,2462,Victim Party #2462,19,1,0
2463,2463,Victim Party #2463,55,1,0
2464,2464,Victim Party #2464,37,1,0
2465,2465,Victim Party #2465,19,1,0
2466,2466,Victim Party #2466,26,2,0
2467,2467,Victim Party #2467,58,2,0
2468,2468,Victim Party #2468,38,2,0
2469,2469,Victim Party #2469,26,2,0
2470,2470,Victim Party #2470,47,2,0
2471,2471,Victim Party #2471,40,1,0
2472,2472,Victim Party #2472,57,2,0
2473,2473,Victim Party #2473,22,1,0
2474,2474,Victim Party #2474,31,1,0
2475,2475,Victim Party #2475,19,1,0
2476,2476,Victim Party #2476,23,2,0
2477,2477,Victim Party #2477,33,1,0
2478,2478,Victim Party #2478,24,1,0
2479,2479,Victim Party #2479,38,1,0
2480,2480,Victim Party #2480,41,1,0
2481,2481,Victim Party #2481,51,2,0
2482,2482,Victim Party #2482,41,2,0
2483,2483,Victim Party #2483,29,1,0
2484,2484,Victim Party #2484,24,1,0
2485,2485,Victim Party #2485,34,1,0
2486,2486,Victim Party #2486,25,2,0
2487,2487,Victim Party #2487,31,2,0
2488,2488,Victim Party #2488,28,1,0
2489,2489,Victim Party #2489,50,2,0
2490,2490,Victim Party #2490,44,1,0
2491,2491,Victim Party #2491,36,2,0
2492,2492,Victim Party #2492,29,1,0
2493,2493,Victim Party #2493,23,2,0
2494,2494,Victim Party #2494,42,1,0
2495,2495,Victim Party #2495,24,1,0
2496,2496,Victim Party #2496,44,1,0
2497,2497,Victim Party #2497,27,1,0
2498,2498,Victim Party #2498,46,1,0
2499,2499,Victim Party #2499,31,2,0
2500,2500,Victim Party #2500,54,2,0
